
 /----------------------------------------------------------------------------\
 |                                                                            |
 |  yosys -- Yosys Open SYnthesis Suite                                       |
 |                                                                            |
 |  Copyright (C) 2012 - 2020  Claire Xenia Wolf <claire@yosyshq.com>         |
 |                                                                            |
 |  Permission to use, copy, modify, and/or distribute this software for any  |
 |  purpose with or without fee is hereby granted, provided that the above    |
 |  copyright notice and this permission notice appear in all copies.         |
 |                                                                            |
 |  THE SOFTWARE IS PROVIDED "AS IS" AND THE AUTHOR DISCLAIMS ALL WARRANTIES  |
 |  WITH REGARD TO THIS SOFTWARE INCLUDING ALL IMPLIED WARRANTIES OF          |
 |  MERCHANTABILITY AND FITNESS. IN NO EVENT SHALL THE AUTHOR BE LIABLE FOR   |
 |  ANY SPECIAL, DIRECT, INDIRECT, OR CONSEQUENTIAL DAMAGES OR ANY DAMAGES    |
 |  WHATSOEVER RESULTING FROM LOSS OF USE, DATA OR PROFITS, WHETHER IN AN     |
 |  ACTION OF CONTRACT, NEGLIGENCE OR OTHER TORTIOUS ACTION, ARISING OUT OF   |
 |  OR IN CONNECTION WITH THE USE OR PERFORMANCE OF THIS SOFTWARE.            |
 |                                                                            |
 \----------------------------------------------------------------------------/

 Yosys 0.26+1 (git sha1 b1a011138, x86_64-w64-mingw32-g++ 9.2.1 -Os)


-- Running command `read_verilog -sv ../design/anode_control.sv ../design/bin_a_bcd.sv ../design/clk_divider.sv ../design/display.sv ../design/div_top.sv ../design/divisor.sv ../design/entrada_div.sv ../design/hex_to_7seg.sv ../design/key_debouncer.sv ../design/key_decoder.sv ../design/key_scanner.sv ../design/selector_div.sv ../design/teclado_completo.sv ../design/test_teclado.sv ../design/top.sv ; synth_gowin -top top -json CALCULADORA.json' --

1. Executing Verilog-2005 frontend: ../design/anode_control.sv
Parsing SystemVerilog input from `../design/anode_control.sv' to AST representation.
Generating RTLIL representation for module `\anode_control'.
Successfully finished Verilog frontend.

2. Executing Verilog-2005 frontend: ../design/bin_a_bcd.sv
Parsing SystemVerilog input from `../design/bin_a_bcd.sv' to AST representation.
Generating RTLIL representation for module `\bin_a_bcd'.
Successfully finished Verilog frontend.

3. Executing Verilog-2005 frontend: ../design/clk_divider.sv
Parsing SystemVerilog input from `../design/clk_divider.sv' to AST representation.
Generating RTLIL representation for module `\clk_divider'.
Successfully finished Verilog frontend.

4. Executing Verilog-2005 frontend: ../design/display.sv
Parsing SystemVerilog input from `../design/display.sv' to AST representation.
Generating RTLIL representation for module `\display'.
Successfully finished Verilog frontend.

5. Executing Verilog-2005 frontend: ../design/div_top.sv
Parsing SystemVerilog input from `../design/div_top.sv' to AST representation.
Generating RTLIL representation for module `\div_top'.
Successfully finished Verilog frontend.

6. Executing Verilog-2005 frontend: ../design/divisor.sv
Parsing SystemVerilog input from `../design/divisor.sv' to AST representation.
Generating RTLIL representation for module `\divisor'.
Successfully finished Verilog frontend.

7. Executing Verilog-2005 frontend: ../design/entrada_div.sv
Parsing SystemVerilog input from `../design/entrada_div.sv' to AST representation.
Generating RTLIL representation for module `\input_div'.
Successfully finished Verilog frontend.

8. Executing Verilog-2005 frontend: ../design/hex_to_7seg.sv
Parsing SystemVerilog input from `../design/hex_to_7seg.sv' to AST representation.
Generating RTLIL representation for module `\hex_to_7seg'.
Successfully finished Verilog frontend.

9. Executing Verilog-2005 frontend: ../design/key_debouncer.sv
Parsing SystemVerilog input from `../design/key_debouncer.sv' to AST representation.
Generating RTLIL representation for module `\key_debouncer'.
Successfully finished Verilog frontend.

10. Executing Verilog-2005 frontend: ../design/key_decoder.sv
Parsing SystemVerilog input from `../design/key_decoder.sv' to AST representation.
Generating RTLIL representation for module `\key_decoder'.
Successfully finished Verilog frontend.

11. Executing Verilog-2005 frontend: ../design/key_scanner.sv
Parsing SystemVerilog input from `../design/key_scanner.sv' to AST representation.
Generating RTLIL representation for module `\key_scanner'.
Successfully finished Verilog frontend.

12. Executing Verilog-2005 frontend: ../design/selector_div.sv
Parsing SystemVerilog input from `../design/selector_div.sv' to AST representation.
Generating RTLIL representation for module `\selector_div'.
Successfully finished Verilog frontend.

13. Executing Verilog-2005 frontend: ../design/teclado_completo.sv
Parsing SystemVerilog input from `../design/teclado_completo.sv' to AST representation.
Generating RTLIL representation for module `\teclado_completo'.
Successfully finished Verilog frontend.

14. Executing Verilog-2005 frontend: ../design/test_teclado.sv
Parsing SystemVerilog input from `../design/test_teclado.sv' to AST representation.
Generating RTLIL representation for module `\test_teclado'.
Successfully finished Verilog frontend.

15. Executing Verilog-2005 frontend: ../design/top.sv
Parsing SystemVerilog input from `../design/top.sv' to AST representation.
Generating RTLIL representation for module `\top'.
Successfully finished Verilog frontend.

16. Executing SYNTH_GOWIN pass.

16.1. Executing Verilog-2005 frontend: c:\Users\Daniel\DOWNLO~1\OSS-CA~1\bin\../share/yosys/gowin/cells_sim.v
Parsing Verilog input from `c:\Users\Daniel\DOWNLO~1\OSS-CA~1\bin\../share/yosys/gowin/cells_sim.v' to AST representation.
Generating RTLIL representation for module `\LUT1'.
Generating RTLIL representation for module `\LUT2'.
Generating RTLIL representation for module `\LUT3'.
Generating RTLIL representation for module `\LUT4'.
Generating RTLIL representation for module `\__APICULA_LUT5'.
Generating RTLIL representation for module `\__APICULA_LUT6'.
Generating RTLIL representation for module `\__APICULA_LUT7'.
Generating RTLIL representation for module `\__APICULA_LUT8'.
Generating RTLIL representation for module `\MUX2'.
Generating RTLIL representation for module `\MUX2_LUT5'.
Generating RTLIL representation for module `\MUX2_LUT6'.
Generating RTLIL representation for module `\MUX2_LUT7'.
Generating RTLIL representation for module `\MUX2_LUT8'.
Generating RTLIL representation for module `\DFF'.
Generating RTLIL representation for module `\DFFE'.
Generating RTLIL representation for module `\DFFS'.
Generating RTLIL representation for module `\DFFSE'.
Generating RTLIL representation for module `\DFFR'.
Generating RTLIL representation for module `\DFFRE'.
Generating RTLIL representation for module `\DFFP'.
Generating RTLIL representation for module `\DFFPE'.
Generating RTLIL representation for module `\DFFC'.
Generating RTLIL representation for module `\DFFCE'.
Generating RTLIL representation for module `\DFFN'.
Generating RTLIL representation for module `\DFFNE'.
Generating RTLIL representation for module `\DFFNS'.
Generating RTLIL representation for module `\DFFNSE'.
Generating RTLIL representation for module `\DFFNR'.
Generating RTLIL representation for module `\DFFNRE'.
Generating RTLIL representation for module `\DFFNP'.
Generating RTLIL representation for module `\DFFNPE'.
Generating RTLIL representation for module `\DFFNC'.
Generating RTLIL representation for module `\DFFNCE'.
Generating RTLIL representation for module `\VCC'.
Generating RTLIL representation for module `\GND'.
Generating RTLIL representation for module `\IBUF'.
Generating RTLIL representation for module `\OBUF'.
Generating RTLIL representation for module `\TBUF'.
Generating RTLIL representation for module `\IOBUF'.
Generating RTLIL representation for module `\TLVDS_OBUF'.
Generating RTLIL representation for module `\ODDR'.
Generating RTLIL representation for module `\ODDRC'.
Generating RTLIL representation for module `\GSR'.
Generating RTLIL representation for module `\ALU'.
Generating RTLIL representation for module `\RAM16S1'.
Generating RTLIL representation for module `\RAM16S2'.
Generating RTLIL representation for module `\RAM16S4'.
Generating RTLIL representation for module `\RAM16SDP1'.
Generating RTLIL representation for module `\RAM16SDP2'.
Generating RTLIL representation for module `\RAM16SDP4'.
Generating RTLIL representation for module `\SP'.
Generating RTLIL representation for module `\SPX9'.
Generating RTLIL representation for module `\SDP'.
Generating RTLIL representation for module `\SDPX9'.
Generating RTLIL representation for module `\DP'.
Generating RTLIL representation for module `\DPX9'.
Generating RTLIL representation for module `\rPLL'.
Generating RTLIL representation for module `\PLLVR'.
Generating RTLIL representation for module `\OSC'.
Generating RTLIL representation for module `\OSCZ'.
Generating RTLIL representation for module `\OSCF'.
Generating RTLIL representation for module `\OSCH'.
Successfully finished Verilog frontend.

16.2. Executing HIERARCHY pass (managing design hierarchy).

16.2.1. Analyzing design hierarchy..
Top module:  \top
Used module:     \display
Used module:         \hex_to_7seg
Used module:         \anode_control
Used module:         \clk_divider
Used module:     \div_top
Used module:         \selector_div
Used module:         \bin_a_bcd
Used module:         \divisor
Used module:         \input_div
Used module:     \teclado_completo
Used module:         \key_debouncer
Used module:         \key_decoder
Used module:         \key_scanner
Parameter \SCAN_DIV = 30000

16.2.2. Executing AST frontend in derive mode using pre-parsed AST for module `\key_scanner'.
Parameter \SCAN_DIV = 30000
Generating RTLIL representation for module `$paramod\key_scanner\SCAN_DIV=s32'00000000000000000111010100110000'.

16.2.3. Analyzing design hierarchy..
Top module:  \top
Used module:     \display
Used module:         \hex_to_7seg
Used module:         \anode_control
Used module:         \clk_divider
Used module:     \div_top
Used module:         \selector_div
Used module:         \bin_a_bcd
Used module:         \divisor
Used module:         \input_div
Used module:     \teclado_completo
Used module:         \key_debouncer
Used module:         \key_decoder
Used module:         $paramod\key_scanner\SCAN_DIV=s32'00000000000000000111010100110000

16.2.4. Analyzing design hierarchy..
Top module:  \top
Used module:     \display
Used module:         \hex_to_7seg
Used module:         \anode_control
Used module:         \clk_divider
Used module:     \div_top
Used module:         \selector_div
Used module:         \bin_a_bcd
Used module:         \divisor
Used module:         \input_div
Used module:     \teclado_completo
Used module:         \key_debouncer
Used module:         \key_decoder
Used module:         $paramod\key_scanner\SCAN_DIV=s32'00000000000000000111010100110000
Removing unused module `\test_teclado'.
Removing unused module `\key_scanner'.
Removed 2 unused modules.

16.3. Executing PROC pass (convert processes to netlists).

16.3.1. Executing PROC_CLEAN pass (remove empty switches from decision trees).
Found and cleaned up 1 empty switch in `\ALU.$proc$c:\Users\Daniel\DOWNLO~1\OSS-CA~1\bin\../share/yosys/gowin/cells_sim.v:661$350'.
Cleaned up 1 empty switch.

16.3.2. Executing PROC_RMDEAD pass (remove dead branches from decision trees).
Marked 1 switch rules as full_case in process $proc$c:\Users\Daniel\DOWNLO~1\OSS-CA~1\bin\../share/yosys/gowin/cells_sim.v:535$346 in module DFFNCE.
Marked 1 switch rules as full_case in process $proc$c:\Users\Daniel\DOWNLO~1\OSS-CA~1\bin\../share/yosys/gowin/cells_sim.v:515$344 in module DFFNC.
Marked 1 switch rules as full_case in process $proc$c:\Users\Daniel\DOWNLO~1\OSS-CA~1\bin\../share/yosys/gowin/cells_sim.v:496$342 in module DFFNPE.
Marked 1 switch rules as full_case in process $proc$c:\Users\Daniel\DOWNLO~1\OSS-CA~1\bin\../share/yosys/gowin/cells_sim.v:476$340 in module DFFNP.
Marked 1 switch rules as full_case in process $proc$c:\Users\Daniel\DOWNLO~1\OSS-CA~1\bin\../share/yosys/gowin/cells_sim.v:457$338 in module DFFNRE.
Marked 1 switch rules as full_case in process $proc$c:\Users\Daniel\DOWNLO~1\OSS-CA~1\bin\../share/yosys/gowin/cells_sim.v:437$336 in module DFFNR.
Marked 1 switch rules as full_case in process $proc$c:\Users\Daniel\DOWNLO~1\OSS-CA~1\bin\../share/yosys/gowin/cells_sim.v:418$334 in module DFFNSE.
Marked 1 switch rules as full_case in process $proc$c:\Users\Daniel\DOWNLO~1\OSS-CA~1\bin\../share/yosys/gowin/cells_sim.v:398$332 in module DFFNS.
Marked 1 switch rules as full_case in process $proc$c:\Users\Daniel\DOWNLO~1\OSS-CA~1\bin\../share/yosys/gowin/cells_sim.v:348$326 in module DFFCE.
Marked 1 switch rules as full_case in process $proc$c:\Users\Daniel\DOWNLO~1\OSS-CA~1\bin\../share/yosys/gowin/cells_sim.v:328$324 in module DFFC.
Marked 1 switch rules as full_case in process $proc$c:\Users\Daniel\DOWNLO~1\OSS-CA~1\bin\../share/yosys/gowin/cells_sim.v:309$322 in module DFFPE.
Marked 1 switch rules as full_case in process $proc$c:\Users\Daniel\DOWNLO~1\OSS-CA~1\bin\../share/yosys/gowin/cells_sim.v:289$320 in module DFFP.
Marked 1 switch rules as full_case in process $proc$c:\Users\Daniel\DOWNLO~1\OSS-CA~1\bin\../share/yosys/gowin/cells_sim.v:270$318 in module DFFRE.
Marked 1 switch rules as full_case in process $proc$c:\Users\Daniel\DOWNLO~1\OSS-CA~1\bin\../share/yosys/gowin/cells_sim.v:250$316 in module DFFR.
Marked 1 switch rules as full_case in process $proc$c:\Users\Daniel\DOWNLO~1\OSS-CA~1\bin\../share/yosys/gowin/cells_sim.v:231$314 in module DFFSE.
Marked 1 switch rules as full_case in process $proc$c:\Users\Daniel\DOWNLO~1\OSS-CA~1\bin\../share/yosys/gowin/cells_sim.v:211$312 in module DFFS.
Removed 1 dead cases from process $proc$../design/key_scanner.sv:0$400 in module $paramod\key_scanner\SCAN_DIV=s32'00000000000000000111010100110000.
Marked 1 switch rules as full_case in process $proc$../design/key_scanner.sv:0$400 in module $paramod\key_scanner\SCAN_DIV=s32'00000000000000000111010100110000.
Marked 1 switch rules as full_case in process $proc$../design/key_scanner.sv:27$397 in module $paramod\key_scanner\SCAN_DIV=s32'00000000000000000111010100110000.
Marked 2 switch rules as full_case in process $proc$../design/key_scanner.sv:17$395 in module $paramod\key_scanner\SCAN_DIV=s32'00000000000000000111010100110000.
Removed 1 dead cases from process $proc$../design/selector_div.sv:0$122 in module selector_div.
Marked 2 switch rules as full_case in process $proc$../design/selector_div.sv:0$122 in module selector_div.
Marked 2 switch rules as full_case in process $proc$../design/selector_div.sv:51$121 in module selector_div.
Marked 1 switch rules as full_case in process $proc$../design/selector_div.sv:41$120 in module selector_div.
Removed 1 dead cases from process $proc$../design/key_decoder.sv:0$108 in module key_decoder.
Marked 9 switch rules as full_case in process $proc$../design/key_decoder.sv:0$108 in module key_decoder.
Marked 4 switch rules as full_case in process $proc$../design/key_debouncer.sv:28$102 in module key_debouncer.
Removed 1 dead cases from process $proc$../design/hex_to_7seg.sv:0$100 in module hex_to_7seg.
Marked 4 switch rules as full_case in process $proc$../design/entrada_div.sv:36$82 in module input_div.
Marked 1 switch rules as full_case in process $proc$../design/entrada_div.sv:30$79 in module input_div.
Marked 5 switch rules as full_case in process $proc$../design/divisor.sv:29$27 in module divisor.
Removed 1 dead cases from process $proc$../design/display.sv:0$19 in module display.
Marked 1 switch rules as full_case in process $proc$../design/display.sv:0$19 in module display.
Marked 1 switch rules as full_case in process $proc$../design/clk_divider.sv:10$16 in module clk_divider.
Marked 6 switch rules as full_case in process $proc$../design/bin_a_bcd.sv:0$3 in module bin_a_bcd.
Marked 2 switch rules as full_case in process $proc$../design/anode_control.sv:15$1 in module anode_control.
Removed a total of 5 dead cases.

16.3.3. Executing PROC_PRUNE pass (remove redundant assignments in processes).
Removed 14 redundant assignments.
Promoted 43 assignments to connections.

16.3.4. Executing PROC_INIT pass (extract init attributes).
Found init rule in `\DFFNCE.$proc$c:\Users\Daniel\DOWNLO~1\OSS-CA~1\bin\../share/yosys/gowin/cells_sim.v:0$347'.
  Set init value: \Q = 1'0
Found init rule in `\DFFNC.$proc$c:\Users\Daniel\DOWNLO~1\OSS-CA~1\bin\../share/yosys/gowin/cells_sim.v:0$345'.
  Set init value: \Q = 1'0
Found init rule in `\DFFNPE.$proc$c:\Users\Daniel\DOWNLO~1\OSS-CA~1\bin\../share/yosys/gowin/cells_sim.v:0$343'.
  Set init value: \Q = 1'1
Found init rule in `\DFFNP.$proc$c:\Users\Daniel\DOWNLO~1\OSS-CA~1\bin\../share/yosys/gowin/cells_sim.v:0$341'.
  Set init value: \Q = 1'1
Found init rule in `\DFFNRE.$proc$c:\Users\Daniel\DOWNLO~1\OSS-CA~1\bin\../share/yosys/gowin/cells_sim.v:0$339'.
  Set init value: \Q = 1'0
Found init rule in `\DFFNR.$proc$c:\Users\Daniel\DOWNLO~1\OSS-CA~1\bin\../share/yosys/gowin/cells_sim.v:0$337'.
  Set init value: \Q = 1'0
Found init rule in `\DFFNSE.$proc$c:\Users\Daniel\DOWNLO~1\OSS-CA~1\bin\../share/yosys/gowin/cells_sim.v:0$335'.
  Set init value: \Q = 1'1
Found init rule in `\DFFNS.$proc$c:\Users\Daniel\DOWNLO~1\OSS-CA~1\bin\../share/yosys/gowin/cells_sim.v:0$333'.
  Set init value: \Q = 1'1
Found init rule in `\DFFNE.$proc$c:\Users\Daniel\DOWNLO~1\OSS-CA~1\bin\../share/yosys/gowin/cells_sim.v:0$331'.
  Set init value: \Q = 1'0
Found init rule in `\DFFN.$proc$c:\Users\Daniel\DOWNLO~1\OSS-CA~1\bin\../share/yosys/gowin/cells_sim.v:0$329'.
  Set init value: \Q = 1'0
Found init rule in `\DFFCE.$proc$c:\Users\Daniel\DOWNLO~1\OSS-CA~1\bin\../share/yosys/gowin/cells_sim.v:0$327'.
  Set init value: \Q = 1'0
Found init rule in `\DFFC.$proc$c:\Users\Daniel\DOWNLO~1\OSS-CA~1\bin\../share/yosys/gowin/cells_sim.v:0$325'.
  Set init value: \Q = 1'0
Found init rule in `\DFFPE.$proc$c:\Users\Daniel\DOWNLO~1\OSS-CA~1\bin\../share/yosys/gowin/cells_sim.v:0$323'.
  Set init value: \Q = 1'1
Found init rule in `\DFFP.$proc$c:\Users\Daniel\DOWNLO~1\OSS-CA~1\bin\../share/yosys/gowin/cells_sim.v:0$321'.
  Set init value: \Q = 1'1
Found init rule in `\DFFRE.$proc$c:\Users\Daniel\DOWNLO~1\OSS-CA~1\bin\../share/yosys/gowin/cells_sim.v:0$319'.
  Set init value: \Q = 1'0
Found init rule in `\DFFR.$proc$c:\Users\Daniel\DOWNLO~1\OSS-CA~1\bin\../share/yosys/gowin/cells_sim.v:0$317'.
  Set init value: \Q = 1'0
Found init rule in `\DFFSE.$proc$c:\Users\Daniel\DOWNLO~1\OSS-CA~1\bin\../share/yosys/gowin/cells_sim.v:0$315'.
  Set init value: \Q = 1'1
Found init rule in `\DFFS.$proc$c:\Users\Daniel\DOWNLO~1\OSS-CA~1\bin\../share/yosys/gowin/cells_sim.v:0$313'.
  Set init value: \Q = 1'1
Found init rule in `\DFFE.$proc$c:\Users\Daniel\DOWNLO~1\OSS-CA~1\bin\../share/yosys/gowin/cells_sim.v:0$311'.
  Set init value: \Q = 1'0
Found init rule in `\DFF.$proc$c:\Users\Daniel\DOWNLO~1\OSS-CA~1\bin\../share/yosys/gowin/cells_sim.v:0$309'.
  Set init value: \Q = 1'0

16.3.5. Executing PROC_ARST pass (detect async resets in processes).
Found async reset \CLEAR in `\DFFNCE.$proc$c:\Users\Daniel\DOWNLO~1\OSS-CA~1\bin\../share/yosys/gowin/cells_sim.v:535$346'.
Found async reset \CLEAR in `\DFFNC.$proc$c:\Users\Daniel\DOWNLO~1\OSS-CA~1\bin\../share/yosys/gowin/cells_sim.v:515$344'.
Found async reset \PRESET in `\DFFNPE.$proc$c:\Users\Daniel\DOWNLO~1\OSS-CA~1\bin\../share/yosys/gowin/cells_sim.v:496$342'.
Found async reset \PRESET in `\DFFNP.$proc$c:\Users\Daniel\DOWNLO~1\OSS-CA~1\bin\../share/yosys/gowin/cells_sim.v:476$340'.
Found async reset \CLEAR in `\DFFCE.$proc$c:\Users\Daniel\DOWNLO~1\OSS-CA~1\bin\../share/yosys/gowin/cells_sim.v:348$326'.
Found async reset \CLEAR in `\DFFC.$proc$c:\Users\Daniel\DOWNLO~1\OSS-CA~1\bin\../share/yosys/gowin/cells_sim.v:328$324'.
Found async reset \PRESET in `\DFFPE.$proc$c:\Users\Daniel\DOWNLO~1\OSS-CA~1\bin\../share/yosys/gowin/cells_sim.v:309$322'.
Found async reset \PRESET in `\DFFP.$proc$c:\Users\Daniel\DOWNLO~1\OSS-CA~1\bin\../share/yosys/gowin/cells_sim.v:289$320'.
Found async reset \rst in `$paramod\key_scanner\SCAN_DIV=s32'00000000000000000111010100110000.$proc$../design/key_scanner.sv:27$397'.
Found async reset \rst in `$paramod\key_scanner\SCAN_DIV=s32'00000000000000000111010100110000.$proc$../design/key_scanner.sv:17$395'.
Found async reset \rst in `\selector_div.$proc$../design/selector_div.sv:51$121'.
Found async reset \rst in `\selector_div.$proc$../design/selector_div.sv:41$120'.
Found async reset \rst in `\key_debouncer.$proc$../design/key_debouncer.sv:28$102'.
Found async reset \rst in `\input_div.$proc$../design/entrada_div.sv:36$82'.
Found async reset \rst in `\input_div.$proc$../design/entrada_div.sv:30$79'.
Found async reset \rst in `\divisor.$proc$../design/divisor.sv:29$27'.
Found async reset \rst in `\clk_divider.$proc$../design/clk_divider.sv:10$16'.
Found async reset \rst in `\anode_control.$proc$../design/anode_control.sv:15$1'.

16.3.6. Executing PROC_ROM pass (convert switches to ROMs).
Converted 1 switch.
<suppressed ~64 debug messages>

16.3.7. Executing PROC_MUX pass (convert decision trees to multiplexers).
Creating decoders for process `\ALU.$proc$c:\Users\Daniel\DOWNLO~1\OSS-CA~1\bin\../share/yosys/gowin/cells_sim.v:661$350'.
Creating decoders for process `\DFFNCE.$proc$c:\Users\Daniel\DOWNLO~1\OSS-CA~1\bin\../share/yosys/gowin/cells_sim.v:0$347'.
Creating decoders for process `\DFFNCE.$proc$c:\Users\Daniel\DOWNLO~1\OSS-CA~1\bin\../share/yosys/gowin/cells_sim.v:535$346'.
     1/1: $0\Q[0:0]
Creating decoders for process `\DFFNC.$proc$c:\Users\Daniel\DOWNLO~1\OSS-CA~1\bin\../share/yosys/gowin/cells_sim.v:0$345'.
Creating decoders for process `\DFFNC.$proc$c:\Users\Daniel\DOWNLO~1\OSS-CA~1\bin\../share/yosys/gowin/cells_sim.v:515$344'.
     1/1: $0\Q[0:0]
Creating decoders for process `\DFFNPE.$proc$c:\Users\Daniel\DOWNLO~1\OSS-CA~1\bin\../share/yosys/gowin/cells_sim.v:0$343'.
Creating decoders for process `\DFFNPE.$proc$c:\Users\Daniel\DOWNLO~1\OSS-CA~1\bin\../share/yosys/gowin/cells_sim.v:496$342'.
     1/1: $0\Q[0:0]
Creating decoders for process `\DFFNP.$proc$c:\Users\Daniel\DOWNLO~1\OSS-CA~1\bin\../share/yosys/gowin/cells_sim.v:0$341'.
Creating decoders for process `\DFFNP.$proc$c:\Users\Daniel\DOWNLO~1\OSS-CA~1\bin\../share/yosys/gowin/cells_sim.v:476$340'.
     1/1: $0\Q[0:0]
Creating decoders for process `\DFFNRE.$proc$c:\Users\Daniel\DOWNLO~1\OSS-CA~1\bin\../share/yosys/gowin/cells_sim.v:0$339'.
Creating decoders for process `\DFFNRE.$proc$c:\Users\Daniel\DOWNLO~1\OSS-CA~1\bin\../share/yosys/gowin/cells_sim.v:457$338'.
     1/1: $0\Q[0:0]
Creating decoders for process `\DFFNR.$proc$c:\Users\Daniel\DOWNLO~1\OSS-CA~1\bin\../share/yosys/gowin/cells_sim.v:0$337'.
Creating decoders for process `\DFFNR.$proc$c:\Users\Daniel\DOWNLO~1\OSS-CA~1\bin\../share/yosys/gowin/cells_sim.v:437$336'.
     1/1: $0\Q[0:0]
Creating decoders for process `\DFFNSE.$proc$c:\Users\Daniel\DOWNLO~1\OSS-CA~1\bin\../share/yosys/gowin/cells_sim.v:0$335'.
Creating decoders for process `\DFFNSE.$proc$c:\Users\Daniel\DOWNLO~1\OSS-CA~1\bin\../share/yosys/gowin/cells_sim.v:418$334'.
     1/1: $0\Q[0:0]
Creating decoders for process `\DFFNS.$proc$c:\Users\Daniel\DOWNLO~1\OSS-CA~1\bin\../share/yosys/gowin/cells_sim.v:0$333'.
Creating decoders for process `\DFFNS.$proc$c:\Users\Daniel\DOWNLO~1\OSS-CA~1\bin\../share/yosys/gowin/cells_sim.v:398$332'.
     1/1: $0\Q[0:0]
Creating decoders for process `\DFFNE.$proc$c:\Users\Daniel\DOWNLO~1\OSS-CA~1\bin\../share/yosys/gowin/cells_sim.v:0$331'.
Creating decoders for process `\DFFNE.$proc$c:\Users\Daniel\DOWNLO~1\OSS-CA~1\bin\../share/yosys/gowin/cells_sim.v:381$330'.
     1/1: $0\Q[0:0]
Creating decoders for process `\DFFN.$proc$c:\Users\Daniel\DOWNLO~1\OSS-CA~1\bin\../share/yosys/gowin/cells_sim.v:0$329'.
Creating decoders for process `\DFFN.$proc$c:\Users\Daniel\DOWNLO~1\OSS-CA~1\bin\../share/yosys/gowin/cells_sim.v:366$328'.
Creating decoders for process `\DFFCE.$proc$c:\Users\Daniel\DOWNLO~1\OSS-CA~1\bin\../share/yosys/gowin/cells_sim.v:0$327'.
Creating decoders for process `\DFFCE.$proc$c:\Users\Daniel\DOWNLO~1\OSS-CA~1\bin\../share/yosys/gowin/cells_sim.v:348$326'.
     1/1: $0\Q[0:0]
Creating decoders for process `\DFFC.$proc$c:\Users\Daniel\DOWNLO~1\OSS-CA~1\bin\../share/yosys/gowin/cells_sim.v:0$325'.
Creating decoders for process `\DFFC.$proc$c:\Users\Daniel\DOWNLO~1\OSS-CA~1\bin\../share/yosys/gowin/cells_sim.v:328$324'.
     1/1: $0\Q[0:0]
Creating decoders for process `\DFFPE.$proc$c:\Users\Daniel\DOWNLO~1\OSS-CA~1\bin\../share/yosys/gowin/cells_sim.v:0$323'.
Creating decoders for process `\DFFPE.$proc$c:\Users\Daniel\DOWNLO~1\OSS-CA~1\bin\../share/yosys/gowin/cells_sim.v:309$322'.
     1/1: $0\Q[0:0]
Creating decoders for process `\DFFP.$proc$c:\Users\Daniel\DOWNLO~1\OSS-CA~1\bin\../share/yosys/gowin/cells_sim.v:0$321'.
Creating decoders for process `\DFFP.$proc$c:\Users\Daniel\DOWNLO~1\OSS-CA~1\bin\../share/yosys/gowin/cells_sim.v:289$320'.
     1/1: $0\Q[0:0]
Creating decoders for process `\DFFRE.$proc$c:\Users\Daniel\DOWNLO~1\OSS-CA~1\bin\../share/yosys/gowin/cells_sim.v:0$319'.
Creating decoders for process `\DFFRE.$proc$c:\Users\Daniel\DOWNLO~1\OSS-CA~1\bin\../share/yosys/gowin/cells_sim.v:270$318'.
     1/1: $0\Q[0:0]
Creating decoders for process `\DFFR.$proc$c:\Users\Daniel\DOWNLO~1\OSS-CA~1\bin\../share/yosys/gowin/cells_sim.v:0$317'.
Creating decoders for process `\DFFR.$proc$c:\Users\Daniel\DOWNLO~1\OSS-CA~1\bin\../share/yosys/gowin/cells_sim.v:250$316'.
     1/1: $0\Q[0:0]
Creating decoders for process `\DFFSE.$proc$c:\Users\Daniel\DOWNLO~1\OSS-CA~1\bin\../share/yosys/gowin/cells_sim.v:0$315'.
Creating decoders for process `\DFFSE.$proc$c:\Users\Daniel\DOWNLO~1\OSS-CA~1\bin\../share/yosys/gowin/cells_sim.v:231$314'.
     1/1: $0\Q[0:0]
Creating decoders for process `\DFFS.$proc$c:\Users\Daniel\DOWNLO~1\OSS-CA~1\bin\../share/yosys/gowin/cells_sim.v:0$313'.
Creating decoders for process `\DFFS.$proc$c:\Users\Daniel\DOWNLO~1\OSS-CA~1\bin\../share/yosys/gowin/cells_sim.v:211$312'.
     1/1: $0\Q[0:0]
Creating decoders for process `\DFFE.$proc$c:\Users\Daniel\DOWNLO~1\OSS-CA~1\bin\../share/yosys/gowin/cells_sim.v:0$311'.
Creating decoders for process `\DFFE.$proc$c:\Users\Daniel\DOWNLO~1\OSS-CA~1\bin\../share/yosys/gowin/cells_sim.v:194$310'.
     1/1: $0\Q[0:0]
Creating decoders for process `\DFF.$proc$c:\Users\Daniel\DOWNLO~1\OSS-CA~1\bin\../share/yosys/gowin/cells_sim.v:0$309'.
Creating decoders for process `\DFF.$proc$c:\Users\Daniel\DOWNLO~1\OSS-CA~1\bin\../share/yosys/gowin/cells_sim.v:179$308'.
Creating decoders for process `$paramod\key_scanner\SCAN_DIV=s32'00000000000000000111010100110000.$proc$../design/key_scanner.sv:0$400'.
     1/1: $1\row[3:0]
Creating decoders for process `$paramod\key_scanner\SCAN_DIV=s32'00000000000000000111010100110000.$proc$../design/key_scanner.sv:27$397'.
     1/1: $0\scanned_row[1:0]
Creating decoders for process `$paramod\key_scanner\SCAN_DIV=s32'00000000000000000111010100110000.$proc$../design/key_scanner.sv:17$395'.
     1/1: $0\scan_cnt[15:0]
Creating decoders for process `\selector_div.$proc$../design/selector_div.sv:0$122'.
     1/2: $2\num_out[15:0]
     2/2: $1\num_out[15:0]
Creating decoders for process `\selector_div.$proc$../design/selector_div.sv:51$121'.
     1/2: $0\resultado_activo[0:0]
     2/2: $0\modo_vista[1:0]
Creating decoders for process `\selector_div.$proc$../design/selector_div.sv:41$120'.
     1/1: $0\key_guardada[3:0]
Creating decoders for process `\key_decoder.$proc$../design/key_decoder.sv:0$108'.
     1/18: $9\raw_key[3:0]
     2/18: $9\fila_pres[0:0]
     3/18: $8\raw_key[3:0]
     4/18: $8\fila_pres[0:0]
     5/18: $7\raw_key[3:0]
     6/18: $7\fila_pres[0:0]
     7/18: $6\raw_key[3:0]
     8/18: $6\fila_pres[0:0]
     9/18: $5\raw_key[3:0]
    10/18: $5\fila_pres[0:0]
    11/18: $4\raw_key[3:0]
    12/18: $4\fila_pres[0:0]
    13/18: $3\raw_key[3:0]
    14/18: $3\fila_pres[0:0]
    15/18: $2\raw_key[3:0]
    16/18: $2\fila_pres[0:0]
    17/18: $1\raw_key[3:0]
    18/18: $1\fila_pres[0:0]
Creating decoders for process `\key_debouncer.$proc$../design/key_debouncer.sv:28$102'.
     1/5: $0\valid[0:0]
     2/5: $0\stable_key[3:0]
     3/5: $0\debounce_cnt[31:0]
     4/5: $0\key_out[3:0]
     5/5: $0\state[1:0]
Creating decoders for process `\hex_to_7seg.$proc$../design/hex_to_7seg.sv:0$100'.
     1/1: $1\seg[6:0]
Creating decoders for process `\input_div.$proc$../design/entrada_div.sv:36$82'.
     1/10: $0\start_calc[0:0]
     2/10: $0\dec_div[3:0]
     3/10: $0\tengo_decenas_div[0:0]
     4/10: $0\tengo_decenas_num[0:0]
     5/10: $0\state[1:0]
     6/10: $0\num_registro[15:0]
     7/10: $0\divisor[3:0]
     8/10: $0\dividendo[5:0]
     9/10: $0\unidades[3:0]
    10/10: $0\decenas[3:0]
Creating decoders for process `\input_div.$proc$../design/entrada_div.sv:30$79'.
     1/1: $0\valid_prev[0:0]
Creating decoders for process `\divisor.$proc$../design/divisor.sv:29$27'.
     1/29: $4$lookahead\temp_cociente$26[5:0]$58
     2/29: $3$bitselwrite$data$../design/divisor.sv:63$21[5:0]$53
     3/29: $3$bitselwrite$mask$../design/divisor.sv:63$20[5:0]$52
     4/29: $3$bitselwrite$sel$../design/divisor.sv:63$22[2:0]$54
     5/29: $3$bitselwrite$sel$../design/divisor.sv:65$25[2:0]$57
     6/29: $3$bitselwrite$data$../design/divisor.sv:65$24[5:0]$56
     7/29: $3$bitselwrite$mask$../design/divisor.sv:65$23[5:0]$55
     8/29: $3$lookahead\temp_cociente$26[5:0]$49
     9/29: $2$lookahead\temp_cociente$26[5:0]$48
    10/29: $2$bitselwrite$sel$../design/divisor.sv:65$25[2:0]$47
    11/29: $2$bitselwrite$data$../design/divisor.sv:65$24[5:0]$46
    12/29: $2$bitselwrite$mask$../design/divisor.sv:65$23[5:0]$45
    13/29: $2$bitselwrite$sel$../design/divisor.sv:63$22[2:0]$44
    14/29: $2$bitselwrite$data$../design/divisor.sv:63$21[5:0]$43
    15/29: $2$bitselwrite$mask$../design/divisor.sv:63$20[5:0]$42
    16/29: $1$lookahead\temp_cociente$26[5:0]$41
    17/29: $1$bitselwrite$sel$../design/divisor.sv:65$25[2:0]$40
    18/29: $1$bitselwrite$data$../design/divisor.sv:65$24[5:0]$39
    19/29: $1$bitselwrite$mask$../design/divisor.sv:65$23[5:0]$38
    20/29: $1$bitselwrite$sel$../design/divisor.sv:63$22[2:0]$37
    21/29: $1$bitselwrite$data$../design/divisor.sv:63$21[5:0]$36
    22/29: $1$bitselwrite$mask$../design/divisor.sv:63$20[5:0]$35
    23/29: $0\done[0:0]
    24/29: $0\bit_index[2:0]
    25/29: $0\resta[5:0]
    26/29: $0\state[2:0]
    27/29: $0\residuo[3:0]
    28/29: $0\cociente[5:0]
    29/29: $0\R[5:0]
Creating decoders for process `\display.$proc$../design/display.sv:0$19'.
     1/1: $1\current_val[3:0]
Creating decoders for process `\clk_divider.$proc$../design/clk_divider.sv:10$16'.
     1/1: $0\count[13:0]
Creating decoders for process `\bin_a_bcd.$proc$../design/bin_a_bcd.sv:0$3'.
     1/12: $6\unidades[3:0]
     2/12: $6\decenas[3:0]
     3/12: $5\unidades[3:0]
     4/12: $5\decenas[3:0]
     5/12: $4\unidades[3:0]
     6/12: $4\decenas[3:0]
     7/12: $3\unidades[3:0]
     8/12: $3\decenas[3:0]
     9/12: $2\unidades[3:0]
    10/12: $2\decenas[3:0]
    11/12: $1\unidades[3:0]
    12/12: $1\decenas[3:0]
Creating decoders for process `\anode_control.$proc$../design/anode_control.sv:15$1'.
     1/2: $0\anode[3:0]
     2/2: $0\sel[1:0]

16.3.8. Executing PROC_DLATCH pass (convert process syncs to latches).
No latch inferred for signal `$paramod\key_scanner\SCAN_DIV=s32'00000000000000000111010100110000.\row' from process `$paramod\key_scanner\SCAN_DIV=s32'00000000000000000111010100110000.$proc$../design/key_scanner.sv:0$400'.
No latch inferred for signal `\selector_div.\num_out' from process `\selector_div.$proc$../design/selector_div.sv:0$122'.
No latch inferred for signal `\key_decoder.\fila_pres' from process `\key_decoder.$proc$../design/key_decoder.sv:0$108'.
No latch inferred for signal `\key_decoder.\raw_key' from process `\key_decoder.$proc$../design/key_decoder.sv:0$108'.
No latch inferred for signal `\hex_to_7seg.\seg' from process `\hex_to_7seg.$proc$../design/hex_to_7seg.sv:0$100'.
No latch inferred for signal `\display.\current_val' from process `\display.$proc$../design/display.sv:0$19'.
No latch inferred for signal `\bin_a_bcd.\bcd' from process `\bin_a_bcd.$proc$../design/bin_a_bcd.sv:0$3'.
No latch inferred for signal `\bin_a_bcd.\decenas' from process `\bin_a_bcd.$proc$../design/bin_a_bcd.sv:0$3'.
No latch inferred for signal `\bin_a_bcd.\unidades' from process `\bin_a_bcd.$proc$../design/bin_a_bcd.sv:0$3'.

16.3.9. Executing PROC_DFF pass (convert process syncs to FFs).
Creating register for signal `\ALU.\C' using process `\ALU.$proc$c:\Users\Daniel\DOWNLO~1\OSS-CA~1\bin\../share/yosys/gowin/cells_sim.v:661$350'.
  created direct connection (no actual register cell created).
Creating register for signal `\ALU.\S' using process `\ALU.$proc$c:\Users\Daniel\DOWNLO~1\OSS-CA~1\bin\../share/yosys/gowin/cells_sim.v:661$350'.
  created direct connection (no actual register cell created).
Creating register for signal `\DFFNCE.\Q' using process `\DFFNCE.$proc$c:\Users\Daniel\DOWNLO~1\OSS-CA~1\bin\../share/yosys/gowin/cells_sim.v:535$346'.
  created $adff cell `$procdff$1105' with negative edge clock and positive level reset.
Creating register for signal `\DFFNC.\Q' using process `\DFFNC.$proc$c:\Users\Daniel\DOWNLO~1\OSS-CA~1\bin\../share/yosys/gowin/cells_sim.v:515$344'.
  created $adff cell `$procdff$1106' with negative edge clock and positive level reset.
Creating register for signal `\DFFNPE.\Q' using process `\DFFNPE.$proc$c:\Users\Daniel\DOWNLO~1\OSS-CA~1\bin\../share/yosys/gowin/cells_sim.v:496$342'.
  created $adff cell `$procdff$1107' with negative edge clock and positive level reset.
Creating register for signal `\DFFNP.\Q' using process `\DFFNP.$proc$c:\Users\Daniel\DOWNLO~1\OSS-CA~1\bin\../share/yosys/gowin/cells_sim.v:476$340'.
  created $adff cell `$procdff$1108' with negative edge clock and positive level reset.
Creating register for signal `\DFFNRE.\Q' using process `\DFFNRE.$proc$c:\Users\Daniel\DOWNLO~1\OSS-CA~1\bin\../share/yosys/gowin/cells_sim.v:457$338'.
  created $dff cell `$procdff$1109' with negative edge clock.
Creating register for signal `\DFFNR.\Q' using process `\DFFNR.$proc$c:\Users\Daniel\DOWNLO~1\OSS-CA~1\bin\../share/yosys/gowin/cells_sim.v:437$336'.
  created $dff cell `$procdff$1110' with negative edge clock.
Creating register for signal `\DFFNSE.\Q' using process `\DFFNSE.$proc$c:\Users\Daniel\DOWNLO~1\OSS-CA~1\bin\../share/yosys/gowin/cells_sim.v:418$334'.
  created $dff cell `$procdff$1111' with negative edge clock.
Creating register for signal `\DFFNS.\Q' using process `\DFFNS.$proc$c:\Users\Daniel\DOWNLO~1\OSS-CA~1\bin\../share/yosys/gowin/cells_sim.v:398$332'.
  created $dff cell `$procdff$1112' with negative edge clock.
Creating register for signal `\DFFNE.\Q' using process `\DFFNE.$proc$c:\Users\Daniel\DOWNLO~1\OSS-CA~1\bin\../share/yosys/gowin/cells_sim.v:381$330'.
  created $dff cell `$procdff$1113' with negative edge clock.
Creating register for signal `\DFFN.\Q' using process `\DFFN.$proc$c:\Users\Daniel\DOWNLO~1\OSS-CA~1\bin\../share/yosys/gowin/cells_sim.v:366$328'.
  created $dff cell `$procdff$1114' with negative edge clock.
Creating register for signal `\DFFCE.\Q' using process `\DFFCE.$proc$c:\Users\Daniel\DOWNLO~1\OSS-CA~1\bin\../share/yosys/gowin/cells_sim.v:348$326'.
  created $adff cell `$procdff$1115' with positive edge clock and positive level reset.
Creating register for signal `\DFFC.\Q' using process `\DFFC.$proc$c:\Users\Daniel\DOWNLO~1\OSS-CA~1\bin\../share/yosys/gowin/cells_sim.v:328$324'.
  created $adff cell `$procdff$1116' with positive edge clock and positive level reset.
Creating register for signal `\DFFPE.\Q' using process `\DFFPE.$proc$c:\Users\Daniel\DOWNLO~1\OSS-CA~1\bin\../share/yosys/gowin/cells_sim.v:309$322'.
  created $adff cell `$procdff$1117' with positive edge clock and positive level reset.
Creating register for signal `\DFFP.\Q' using process `\DFFP.$proc$c:\Users\Daniel\DOWNLO~1\OSS-CA~1\bin\../share/yosys/gowin/cells_sim.v:289$320'.
  created $adff cell `$procdff$1118' with positive edge clock and positive level reset.
Creating register for signal `\DFFRE.\Q' using process `\DFFRE.$proc$c:\Users\Daniel\DOWNLO~1\OSS-CA~1\bin\../share/yosys/gowin/cells_sim.v:270$318'.
  created $dff cell `$procdff$1119' with positive edge clock.
Creating register for signal `\DFFR.\Q' using process `\DFFR.$proc$c:\Users\Daniel\DOWNLO~1\OSS-CA~1\bin\../share/yosys/gowin/cells_sim.v:250$316'.
  created $dff cell `$procdff$1120' with positive edge clock.
Creating register for signal `\DFFSE.\Q' using process `\DFFSE.$proc$c:\Users\Daniel\DOWNLO~1\OSS-CA~1\bin\../share/yosys/gowin/cells_sim.v:231$314'.
  created $dff cell `$procdff$1121' with positive edge clock.
Creating register for signal `\DFFS.\Q' using process `\DFFS.$proc$c:\Users\Daniel\DOWNLO~1\OSS-CA~1\bin\../share/yosys/gowin/cells_sim.v:211$312'.
  created $dff cell `$procdff$1122' with positive edge clock.
Creating register for signal `\DFFE.\Q' using process `\DFFE.$proc$c:\Users\Daniel\DOWNLO~1\OSS-CA~1\bin\../share/yosys/gowin/cells_sim.v:194$310'.
  created $dff cell `$procdff$1123' with positive edge clock.
Creating register for signal `\DFF.\Q' using process `\DFF.$proc$c:\Users\Daniel\DOWNLO~1\OSS-CA~1\bin\../share/yosys/gowin/cells_sim.v:179$308'.
  created $dff cell `$procdff$1124' with positive edge clock.
Creating register for signal `$paramod\key_scanner\SCAN_DIV=s32'00000000000000000111010100110000.\scanned_row' using process `$paramod\key_scanner\SCAN_DIV=s32'00000000000000000111010100110000.$proc$../design/key_scanner.sv:27$397'.
  created $adff cell `$procdff$1125' with positive edge clock and positive level reset.
Creating register for signal `$paramod\key_scanner\SCAN_DIV=s32'00000000000000000111010100110000.\scan_cnt' using process `$paramod\key_scanner\SCAN_DIV=s32'00000000000000000111010100110000.$proc$../design/key_scanner.sv:17$395'.
  created $adff cell `$procdff$1126' with positive edge clock and positive level reset.
Creating register for signal `\selector_div.\modo_vista' using process `\selector_div.$proc$../design/selector_div.sv:51$121'.
  created $adff cell `$procdff$1127' with positive edge clock and positive level reset.
Creating register for signal `\selector_div.\resultado_activo' using process `\selector_div.$proc$../design/selector_div.sv:51$121'.
  created $adff cell `$procdff$1128' with positive edge clock and positive level reset.
Creating register for signal `\selector_div.\key_guardada' using process `\selector_div.$proc$../design/selector_div.sv:41$120'.
  created $adff cell `$procdff$1129' with positive edge clock and positive level reset.
Creating register for signal `\key_debouncer.\valid' using process `\key_debouncer.$proc$../design/key_debouncer.sv:28$102'.
  created $adff cell `$procdff$1130' with positive edge clock and positive level reset.
Creating register for signal `\key_debouncer.\state' using process `\key_debouncer.$proc$../design/key_debouncer.sv:28$102'.
  created $adff cell `$procdff$1131' with positive edge clock and positive level reset.
Creating register for signal `\key_debouncer.\key_out' using process `\key_debouncer.$proc$../design/key_debouncer.sv:28$102'.
  created $adff cell `$procdff$1132' with positive edge clock and positive level reset.
Creating register for signal `\key_debouncer.\debounce_cnt' using process `\key_debouncer.$proc$../design/key_debouncer.sv:28$102'.
  created $adff cell `$procdff$1133' with positive edge clock and positive level reset.
Creating register for signal `\key_debouncer.\stable_key' using process `\key_debouncer.$proc$../design/key_debouncer.sv:28$102'.
  created $adff cell `$procdff$1134' with positive edge clock and positive level reset.
Creating register for signal `\input_div.\decenas' using process `\input_div.$proc$../design/entrada_div.sv:36$82'.
  created $adff cell `$procdff$1135' with positive edge clock and positive level reset.
Creating register for signal `\input_div.\unidades' using process `\input_div.$proc$../design/entrada_div.sv:36$82'.
  created $adff cell `$procdff$1136' with positive edge clock and positive level reset.
Creating register for signal `\input_div.\dividendo' using process `\input_div.$proc$../design/entrada_div.sv:36$82'.
  created $adff cell `$procdff$1137' with positive edge clock and positive level reset.
Creating register for signal `\input_div.\divisor' using process `\input_div.$proc$../design/entrada_div.sv:36$82'.
  created $adff cell `$procdff$1138' with positive edge clock and positive level reset.
Creating register for signal `\input_div.\start_calc' using process `\input_div.$proc$../design/entrada_div.sv:36$82'.
  created $adff cell `$procdff$1139' with positive edge clock and positive level reset.
Creating register for signal `\input_div.\num_registro' using process `\input_div.$proc$../design/entrada_div.sv:36$82'.
  created $adff cell `$procdff$1140' with positive edge clock and positive level reset.
Creating register for signal `\input_div.\state' using process `\input_div.$proc$../design/entrada_div.sv:36$82'.
  created $adff cell `$procdff$1141' with positive edge clock and positive level reset.
Creating register for signal `\input_div.\tengo_decenas_num' using process `\input_div.$proc$../design/entrada_div.sv:36$82'.
  created $adff cell `$procdff$1142' with positive edge clock and positive level reset.
Creating register for signal `\input_div.\tengo_decenas_div' using process `\input_div.$proc$../design/entrada_div.sv:36$82'.
  created $adff cell `$procdff$1143' with positive edge clock and positive level reset.
Creating register for signal `\input_div.\dec_div' using process `\input_div.$proc$../design/entrada_div.sv:36$82'.
  created $adff cell `$procdff$1144' with positive edge clock and positive level reset.
Creating register for signal `\input_div.\valid_prev' using process `\input_div.$proc$../design/entrada_div.sv:30$79'.
  created $adff cell `$procdff$1145' with positive edge clock and positive level reset.
Creating register for signal `\divisor.\R' using process `\divisor.$proc$../design/divisor.sv:29$27'.
  created $adff cell `$procdff$1146' with positive edge clock and positive level reset.
Creating register for signal `\divisor.\cociente' using process `\divisor.$proc$../design/divisor.sv:29$27'.
  created $adff cell `$procdff$1147' with positive edge clock and positive level reset.
Creating register for signal `\divisor.\residuo' using process `\divisor.$proc$../design/divisor.sv:29$27'.
  created $adff cell `$procdff$1148' with positive edge clock and positive level reset.
Creating register for signal `\divisor.\done' using process `\divisor.$proc$../design/divisor.sv:29$27'.
  created $adff cell `$procdff$1149' with positive edge clock and positive level reset.
Creating register for signal `\divisor.\state' using process `\divisor.$proc$../design/divisor.sv:29$27'.
  created $adff cell `$procdff$1150' with positive edge clock and positive level reset.
Creating register for signal `\divisor.\resta' using process `\divisor.$proc$../design/divisor.sv:29$27'.
  created $dff cell `$procdff$1153' with positive edge clock.
Creating register for signal `\divisor.\bit_index' using process `\divisor.$proc$../design/divisor.sv:29$27'.
  created $adff cell `$procdff$1154' with positive edge clock and positive level reset.
Creating register for signal `\divisor.\temp_cociente' using process `\divisor.$proc$../design/divisor.sv:29$27'.
  created $adff cell `$procdff$1155' with positive edge clock and positive level reset.
Creating register for signal `\divisor.$bitselwrite$mask$../design/divisor.sv:63$20' using process `\divisor.$proc$../design/divisor.sv:29$27'.
  created $adff cell `$procdff$1156' with positive edge clock and positive level reset.
Creating register for signal `\divisor.$bitselwrite$data$../design/divisor.sv:63$21' using process `\divisor.$proc$../design/divisor.sv:29$27'.
  created $adff cell `$procdff$1157' with positive edge clock and positive level reset.
Creating register for signal `\divisor.$bitselwrite$sel$../design/divisor.sv:63$22' using process `\divisor.$proc$../design/divisor.sv:29$27'.
  created $adff cell `$procdff$1158' with positive edge clock and positive level reset.
Creating register for signal `\divisor.$bitselwrite$mask$../design/divisor.sv:65$23' using process `\divisor.$proc$../design/divisor.sv:29$27'.
  created $adff cell `$procdff$1159' with positive edge clock and positive level reset.
Creating register for signal `\divisor.$bitselwrite$data$../design/divisor.sv:65$24' using process `\divisor.$proc$../design/divisor.sv:29$27'.
  created $adff cell `$procdff$1160' with positive edge clock and positive level reset.
Creating register for signal `\divisor.$bitselwrite$sel$../design/divisor.sv:65$25' using process `\divisor.$proc$../design/divisor.sv:29$27'.
  created $adff cell `$procdff$1161' with positive edge clock and positive level reset.
Creating register for signal `\divisor.$lookahead\temp_cociente$26' using process `\divisor.$proc$../design/divisor.sv:29$27'.
  created $adff cell `$procdff$1162' with positive edge clock and positive level reset.
Creating register for signal `\clk_divider.\count' using process `\clk_divider.$proc$../design/clk_divider.sv:10$16'.
  created $adff cell `$procdff$1163' with positive edge clock and positive level reset.
Creating register for signal `\anode_control.\sel' using process `\anode_control.$proc$../design/anode_control.sv:15$1'.
  created $adff cell `$procdff$1164' with positive edge clock and positive level reset.
Creating register for signal `\anode_control.\anode' using process `\anode_control.$proc$../design/anode_control.sv:15$1'.
  created $adff cell `$procdff$1165' with positive edge clock and positive level reset.

16.3.10. Executing PROC_MEMWR pass (convert process memory writes to cells).

16.3.11. Executing PROC_CLEAN pass (remove empty switches from decision trees).
Removing empty process `ALU.$proc$c:\Users\Daniel\DOWNLO~1\OSS-CA~1\bin\../share/yosys/gowin/cells_sim.v:661$350'.
Removing empty process `DFFNCE.$proc$c:\Users\Daniel\DOWNLO~1\OSS-CA~1\bin\../share/yosys/gowin/cells_sim.v:0$347'.
Found and cleaned up 1 empty switch in `\DFFNCE.$proc$c:\Users\Daniel\DOWNLO~1\OSS-CA~1\bin\../share/yosys/gowin/cells_sim.v:535$346'.
Removing empty process `DFFNCE.$proc$c:\Users\Daniel\DOWNLO~1\OSS-CA~1\bin\../share/yosys/gowin/cells_sim.v:535$346'.
Removing empty process `DFFNC.$proc$c:\Users\Daniel\DOWNLO~1\OSS-CA~1\bin\../share/yosys/gowin/cells_sim.v:0$345'.
Removing empty process `DFFNC.$proc$c:\Users\Daniel\DOWNLO~1\OSS-CA~1\bin\../share/yosys/gowin/cells_sim.v:515$344'.
Removing empty process `DFFNPE.$proc$c:\Users\Daniel\DOWNLO~1\OSS-CA~1\bin\../share/yosys/gowin/cells_sim.v:0$343'.
Found and cleaned up 1 empty switch in `\DFFNPE.$proc$c:\Users\Daniel\DOWNLO~1\OSS-CA~1\bin\../share/yosys/gowin/cells_sim.v:496$342'.
Removing empty process `DFFNPE.$proc$c:\Users\Daniel\DOWNLO~1\OSS-CA~1\bin\../share/yosys/gowin/cells_sim.v:496$342'.
Removing empty process `DFFNP.$proc$c:\Users\Daniel\DOWNLO~1\OSS-CA~1\bin\../share/yosys/gowin/cells_sim.v:0$341'.
Removing empty process `DFFNP.$proc$c:\Users\Daniel\DOWNLO~1\OSS-CA~1\bin\../share/yosys/gowin/cells_sim.v:476$340'.
Removing empty process `DFFNRE.$proc$c:\Users\Daniel\DOWNLO~1\OSS-CA~1\bin\../share/yosys/gowin/cells_sim.v:0$339'.
Found and cleaned up 2 empty switches in `\DFFNRE.$proc$c:\Users\Daniel\DOWNLO~1\OSS-CA~1\bin\../share/yosys/gowin/cells_sim.v:457$338'.
Removing empty process `DFFNRE.$proc$c:\Users\Daniel\DOWNLO~1\OSS-CA~1\bin\../share/yosys/gowin/cells_sim.v:457$338'.
Removing empty process `DFFNR.$proc$c:\Users\Daniel\DOWNLO~1\OSS-CA~1\bin\../share/yosys/gowin/cells_sim.v:0$337'.
Found and cleaned up 1 empty switch in `\DFFNR.$proc$c:\Users\Daniel\DOWNLO~1\OSS-CA~1\bin\../share/yosys/gowin/cells_sim.v:437$336'.
Removing empty process `DFFNR.$proc$c:\Users\Daniel\DOWNLO~1\OSS-CA~1\bin\../share/yosys/gowin/cells_sim.v:437$336'.
Removing empty process `DFFNSE.$proc$c:\Users\Daniel\DOWNLO~1\OSS-CA~1\bin\../share/yosys/gowin/cells_sim.v:0$335'.
Found and cleaned up 2 empty switches in `\DFFNSE.$proc$c:\Users\Daniel\DOWNLO~1\OSS-CA~1\bin\../share/yosys/gowin/cells_sim.v:418$334'.
Removing empty process `DFFNSE.$proc$c:\Users\Daniel\DOWNLO~1\OSS-CA~1\bin\../share/yosys/gowin/cells_sim.v:418$334'.
Removing empty process `DFFNS.$proc$c:\Users\Daniel\DOWNLO~1\OSS-CA~1\bin\../share/yosys/gowin/cells_sim.v:0$333'.
Found and cleaned up 1 empty switch in `\DFFNS.$proc$c:\Users\Daniel\DOWNLO~1\OSS-CA~1\bin\../share/yosys/gowin/cells_sim.v:398$332'.
Removing empty process `DFFNS.$proc$c:\Users\Daniel\DOWNLO~1\OSS-CA~1\bin\../share/yosys/gowin/cells_sim.v:398$332'.
Removing empty process `DFFNE.$proc$c:\Users\Daniel\DOWNLO~1\OSS-CA~1\bin\../share/yosys/gowin/cells_sim.v:0$331'.
Found and cleaned up 1 empty switch in `\DFFNE.$proc$c:\Users\Daniel\DOWNLO~1\OSS-CA~1\bin\../share/yosys/gowin/cells_sim.v:381$330'.
Removing empty process `DFFNE.$proc$c:\Users\Daniel\DOWNLO~1\OSS-CA~1\bin\../share/yosys/gowin/cells_sim.v:381$330'.
Removing empty process `DFFN.$proc$c:\Users\Daniel\DOWNLO~1\OSS-CA~1\bin\../share/yosys/gowin/cells_sim.v:0$329'.
Removing empty process `DFFN.$proc$c:\Users\Daniel\DOWNLO~1\OSS-CA~1\bin\../share/yosys/gowin/cells_sim.v:366$328'.
Removing empty process `DFFCE.$proc$c:\Users\Daniel\DOWNLO~1\OSS-CA~1\bin\../share/yosys/gowin/cells_sim.v:0$327'.
Found and cleaned up 1 empty switch in `\DFFCE.$proc$c:\Users\Daniel\DOWNLO~1\OSS-CA~1\bin\../share/yosys/gowin/cells_sim.v:348$326'.
Removing empty process `DFFCE.$proc$c:\Users\Daniel\DOWNLO~1\OSS-CA~1\bin\../share/yosys/gowin/cells_sim.v:348$326'.
Removing empty process `DFFC.$proc$c:\Users\Daniel\DOWNLO~1\OSS-CA~1\bin\../share/yosys/gowin/cells_sim.v:0$325'.
Removing empty process `DFFC.$proc$c:\Users\Daniel\DOWNLO~1\OSS-CA~1\bin\../share/yosys/gowin/cells_sim.v:328$324'.
Removing empty process `DFFPE.$proc$c:\Users\Daniel\DOWNLO~1\OSS-CA~1\bin\../share/yosys/gowin/cells_sim.v:0$323'.
Found and cleaned up 1 empty switch in `\DFFPE.$proc$c:\Users\Daniel\DOWNLO~1\OSS-CA~1\bin\../share/yosys/gowin/cells_sim.v:309$322'.
Removing empty process `DFFPE.$proc$c:\Users\Daniel\DOWNLO~1\OSS-CA~1\bin\../share/yosys/gowin/cells_sim.v:309$322'.
Removing empty process `DFFP.$proc$c:\Users\Daniel\DOWNLO~1\OSS-CA~1\bin\../share/yosys/gowin/cells_sim.v:0$321'.
Removing empty process `DFFP.$proc$c:\Users\Daniel\DOWNLO~1\OSS-CA~1\bin\../share/yosys/gowin/cells_sim.v:289$320'.
Removing empty process `DFFRE.$proc$c:\Users\Daniel\DOWNLO~1\OSS-CA~1\bin\../share/yosys/gowin/cells_sim.v:0$319'.
Found and cleaned up 2 empty switches in `\DFFRE.$proc$c:\Users\Daniel\DOWNLO~1\OSS-CA~1\bin\../share/yosys/gowin/cells_sim.v:270$318'.
Removing empty process `DFFRE.$proc$c:\Users\Daniel\DOWNLO~1\OSS-CA~1\bin\../share/yosys/gowin/cells_sim.v:270$318'.
Removing empty process `DFFR.$proc$c:\Users\Daniel\DOWNLO~1\OSS-CA~1\bin\../share/yosys/gowin/cells_sim.v:0$317'.
Found and cleaned up 1 empty switch in `\DFFR.$proc$c:\Users\Daniel\DOWNLO~1\OSS-CA~1\bin\../share/yosys/gowin/cells_sim.v:250$316'.
Removing empty process `DFFR.$proc$c:\Users\Daniel\DOWNLO~1\OSS-CA~1\bin\../share/yosys/gowin/cells_sim.v:250$316'.
Removing empty process `DFFSE.$proc$c:\Users\Daniel\DOWNLO~1\OSS-CA~1\bin\../share/yosys/gowin/cells_sim.v:0$315'.
Found and cleaned up 2 empty switches in `\DFFSE.$proc$c:\Users\Daniel\DOWNLO~1\OSS-CA~1\bin\../share/yosys/gowin/cells_sim.v:231$314'.
Removing empty process `DFFSE.$proc$c:\Users\Daniel\DOWNLO~1\OSS-CA~1\bin\../share/yosys/gowin/cells_sim.v:231$314'.
Removing empty process `DFFS.$proc$c:\Users\Daniel\DOWNLO~1\OSS-CA~1\bin\../share/yosys/gowin/cells_sim.v:0$313'.
Found and cleaned up 1 empty switch in `\DFFS.$proc$c:\Users\Daniel\DOWNLO~1\OSS-CA~1\bin\../share/yosys/gowin/cells_sim.v:211$312'.
Removing empty process `DFFS.$proc$c:\Users\Daniel\DOWNLO~1\OSS-CA~1\bin\../share/yosys/gowin/cells_sim.v:211$312'.
Removing empty process `DFFE.$proc$c:\Users\Daniel\DOWNLO~1\OSS-CA~1\bin\../share/yosys/gowin/cells_sim.v:0$311'.
Found and cleaned up 1 empty switch in `\DFFE.$proc$c:\Users\Daniel\DOWNLO~1\OSS-CA~1\bin\../share/yosys/gowin/cells_sim.v:194$310'.
Removing empty process `DFFE.$proc$c:\Users\Daniel\DOWNLO~1\OSS-CA~1\bin\../share/yosys/gowin/cells_sim.v:194$310'.
Removing empty process `DFF.$proc$c:\Users\Daniel\DOWNLO~1\OSS-CA~1\bin\../share/yosys/gowin/cells_sim.v:0$309'.
Removing empty process `DFF.$proc$c:\Users\Daniel\DOWNLO~1\OSS-CA~1\bin\../share/yosys/gowin/cells_sim.v:179$308'.
Found and cleaned up 1 empty switch in `$paramod\key_scanner\SCAN_DIV=s32'00000000000000000111010100110000.$proc$../design/key_scanner.sv:0$400'.
Removing empty process `$paramod\key_scanner\SCAN_DIV=s32'00000000000000000111010100110000.$proc$../design/key_scanner.sv:0$400'.
Found and cleaned up 1 empty switch in `$paramod\key_scanner\SCAN_DIV=s32'00000000000000000111010100110000.$proc$../design/key_scanner.sv:27$397'.
Removing empty process `$paramod\key_scanner\SCAN_DIV=s32'00000000000000000111010100110000.$proc$../design/key_scanner.sv:27$397'.
Found and cleaned up 1 empty switch in `$paramod\key_scanner\SCAN_DIV=s32'00000000000000000111010100110000.$proc$../design/key_scanner.sv:17$395'.
Removing empty process `$paramod\key_scanner\SCAN_DIV=s32'00000000000000000111010100110000.$proc$../design/key_scanner.sv:17$395'.
Found and cleaned up 2 empty switches in `\selector_div.$proc$../design/selector_div.sv:0$122'.
Removing empty process `selector_div.$proc$../design/selector_div.sv:0$122'.
Found and cleaned up 3 empty switches in `\selector_div.$proc$../design/selector_div.sv:51$121'.
Removing empty process `selector_div.$proc$../design/selector_div.sv:51$121'.
Found and cleaned up 1 empty switch in `\selector_div.$proc$../design/selector_div.sv:41$120'.
Removing empty process `selector_div.$proc$../design/selector_div.sv:41$120'.
Found and cleaned up 9 empty switches in `\key_decoder.$proc$../design/key_decoder.sv:0$108'.
Removing empty process `key_decoder.$proc$../design/key_decoder.sv:0$108'.
Found and cleaned up 5 empty switches in `\key_debouncer.$proc$../design/key_debouncer.sv:28$102'.
Removing empty process `key_debouncer.$proc$../design/key_debouncer.sv:28$102'.
Found and cleaned up 1 empty switch in `\hex_to_7seg.$proc$../design/hex_to_7seg.sv:0$100'.
Removing empty process `hex_to_7seg.$proc$../design/hex_to_7seg.sv:0$100'.
Found and cleaned up 10 empty switches in `\input_div.$proc$../design/entrada_div.sv:36$82'.
Removing empty process `input_div.$proc$../design/entrada_div.sv:36$82'.
Removing empty process `input_div.$proc$../design/entrada_div.sv:30$79'.
Found and cleaned up 4 empty switches in `\divisor.$proc$../design/divisor.sv:29$27'.
Removing empty process `divisor.$proc$../design/divisor.sv:29$27'.
Found and cleaned up 1 empty switch in `\display.$proc$../design/display.sv:0$19'.
Removing empty process `display.$proc$../design/display.sv:0$19'.
Removing empty process `clk_divider.$proc$../design/clk_divider.sv:10$16'.
Found and cleaned up 6 empty switches in `\bin_a_bcd.$proc$../design/bin_a_bcd.sv:0$3'.
Removing empty process `bin_a_bcd.$proc$../design/bin_a_bcd.sv:0$3'.
Found and cleaned up 2 empty switches in `\anode_control.$proc$../design/anode_control.sv:15$1'.
Removing empty process `anode_control.$proc$../design/anode_control.sv:15$1'.
Cleaned up 65 empty switches.

16.3.12. Executing OPT_EXPR pass (perform const folding).
Optimizing module top.
Optimizing module $paramod\key_scanner\SCAN_DIV=s32'00000000000000000111010100110000.
<suppressed ~1 debug messages>
Optimizing module teclado_completo.
Optimizing module selector_div.
<suppressed ~1 debug messages>
Optimizing module key_decoder.
<suppressed ~10 debug messages>
Optimizing module key_debouncer.
<suppressed ~6 debug messages>
Optimizing module hex_to_7seg.
Optimizing module input_div.
<suppressed ~16 debug messages>
Optimizing module divisor.
<suppressed ~6 debug messages>
Optimizing module div_top.
Optimizing module display.
<suppressed ~1 debug messages>
Optimizing module clk_divider.
<suppressed ~1 debug messages>
Optimizing module bin_a_bcd.
Optimizing module anode_control.
<suppressed ~1 debug messages>

16.4. Executing FLATTEN pass (flatten design).
Deleting now unused module $paramod\key_scanner\SCAN_DIV=s32'00000000000000000111010100110000.
Deleting now unused module teclado_completo.
Deleting now unused module selector_div.
Deleting now unused module key_decoder.
Deleting now unused module key_debouncer.
Deleting now unused module hex_to_7seg.
Deleting now unused module input_div.
Deleting now unused module divisor.
Deleting now unused module div_top.
Deleting now unused module display.
Deleting now unused module clk_divider.
Deleting now unused module bin_a_bcd.
Deleting now unused module anode_control.
<suppressed ~15 debug messages>

16.5. Executing TRIBUF pass.

16.6. Executing DEMINOUT pass (demote inout ports to input or output).

16.7. Executing SYNTH pass.

16.7.1. Executing PROC pass (convert processes to netlists).

16.7.1.1. Executing PROC_CLEAN pass (remove empty switches from decision trees).
Cleaned up 0 empty switches.

16.7.1.2. Executing PROC_RMDEAD pass (remove dead branches from decision trees).
Removed a total of 0 dead cases.

16.7.1.3. Executing PROC_PRUNE pass (remove redundant assignments in processes).
Removed 0 redundant assignments.
Promoted 0 assignments to connections.

16.7.1.4. Executing PROC_INIT pass (extract init attributes).

16.7.1.5. Executing PROC_ARST pass (detect async resets in processes).

16.7.1.6. Executing PROC_ROM pass (convert switches to ROMs).
Converted 0 switches.

16.7.1.7. Executing PROC_MUX pass (convert decision trees to multiplexers).

16.7.1.8. Executing PROC_DLATCH pass (convert process syncs to latches).

16.7.1.9. Executing PROC_DFF pass (convert process syncs to FFs).

16.7.1.10. Executing PROC_MEMWR pass (convert process memory writes to cells).

16.7.1.11. Executing PROC_CLEAN pass (remove empty switches from decision trees).
Cleaned up 0 empty switches.

16.7.1.12. Executing OPT_EXPR pass (perform const folding).
Optimizing module top.
<suppressed ~39 debug messages>

16.7.2. Executing OPT_EXPR pass (perform const folding).
Optimizing module top.
<suppressed ~7 debug messages>

16.7.3. Executing OPT_CLEAN pass (remove unused cells and wires).
Finding unused cells or wires in module \top..
Removed 41 unused cells and 409 unused wires.
<suppressed ~46 debug messages>

16.7.4. Executing CHECK pass (checking for obvious problems).
Checking module top...
Found and reported 0 problems.

16.7.5. Executing OPT pass (performing simple optimizations).

16.7.5.1. Executing OPT_EXPR pass (perform const folding).
Optimizing module top.

16.7.5.2. Executing OPT_MERGE pass (detect identical cells).
Finding identical cells in module `\top'.
<suppressed ~297 debug messages>
Removed a total of 99 cells.

16.7.5.3. Executing OPT_MUXTREE pass (detect dead branches in mux trees).
Running muxtree optimizer on module \top..
  Creating internal representation of mux trees.
  Evaluating internal representation of mux trees.
      Replacing known input bits on port A of cell $flatten\division_inst.\u_divisor.$procmux$956: \division_inst.u_divisor.resta -> { 1'0 \division_inst.u_divisor.resta [4:0] }
  Analyzing evaluation results.
    dead port 1/2 on $mux $flatten\division_inst.\u_bin_a_bcd_divisor.$procmux$1058.
    dead port 1/2 on $mux $flatten\division_inst.\u_bin_a_bcd_divisor.$procmux$1064.
    dead port 1/2 on $mux $flatten\division_inst.\u_bin_a_bcd_divisor.$procmux$1067.
    dead port 1/2 on $mux $flatten\division_inst.\u_bin_a_bcd_divisor.$procmux$1073.
    dead port 1/2 on $mux $flatten\division_inst.\u_bin_a_bcd_divisor.$procmux$1076.
    dead port 1/2 on $mux $flatten\division_inst.\u_bin_a_bcd_divisor.$procmux$1082.
    dead port 1/2 on $mux $flatten\division_inst.\u_bin_a_bcd_divisor.$procmux$1088.
    dead port 1/2 on $mux $flatten\division_inst.\u_bin_a_bcd_divisor.$procmux$974.
    dead port 1/2 on $mux $flatten\division_inst.\u_bin_a_bcd_divisor.$procmux$977.
    dead port 1/2 on $mux $flatten\division_inst.\u_bin_a_bcd_divisor.$procmux$980.
    dead port 1/2 on $mux $flatten\division_inst.\u_bin_a_bcd_divisor.$procmux$983.
    dead port 1/2 on $mux $flatten\division_inst.\u_bin_a_bcd_divisor.$procmux$986.
    dead port 1/2 on $mux $flatten\division_inst.\u_bin_a_bcd_divisor.$procmux$992.
    dead port 1/2 on $mux $flatten\division_inst.\u_bin_a_bcd_divisor.$procmux$995.
    dead port 1/2 on $mux $flatten\division_inst.\u_bin_a_bcd_divisor.$procmux$998.
    dead port 1/2 on $mux $flatten\division_inst.\u_bin_a_bcd_residuo.$procmux$1001.
    dead port 1/2 on $mux $flatten\division_inst.\u_bin_a_bcd_residuo.$procmux$1004.
    dead port 1/2 on $mux $flatten\division_inst.\u_bin_a_bcd_residuo.$procmux$1010.
    dead port 1/2 on $mux $flatten\division_inst.\u_bin_a_bcd_residuo.$procmux$1013.
    dead port 1/2 on $mux $flatten\division_inst.\u_bin_a_bcd_residuo.$procmux$1016.
    dead port 1/2 on $mux $flatten\division_inst.\u_bin_a_bcd_residuo.$procmux$1019.
    dead port 1/2 on $mux $flatten\division_inst.\u_bin_a_bcd_residuo.$procmux$1025.
    dead port 1/2 on $mux $flatten\division_inst.\u_bin_a_bcd_residuo.$procmux$1028.
    dead port 1/2 on $mux $flatten\division_inst.\u_bin_a_bcd_residuo.$procmux$1031.
    dead port 1/2 on $mux $flatten\division_inst.\u_bin_a_bcd_residuo.$procmux$1034.
    dead port 1/2 on $mux $flatten\division_inst.\u_bin_a_bcd_residuo.$procmux$1040.
    dead port 1/2 on $mux $flatten\division_inst.\u_bin_a_bcd_residuo.$procmux$1043.
    dead port 1/2 on $mux $flatten\division_inst.\u_bin_a_bcd_residuo.$procmux$1046.
    dead port 1/2 on $mux $flatten\division_inst.\u_bin_a_bcd_residuo.$procmux$1052.
    dead port 1/2 on $mux $flatten\division_inst.\u_bin_a_bcd_residuo.$procmux$1055.
    dead port 1/2 on $mux $flatten\division_inst.\u_bin_a_bcd_residuo.$procmux$1058.
    dead port 1/2 on $mux $flatten\division_inst.\u_bin_a_bcd_residuo.$procmux$1064.
    dead port 1/2 on $mux $flatten\division_inst.\u_bin_a_bcd_residuo.$procmux$1067.
    dead port 1/2 on $mux $flatten\division_inst.\u_bin_a_bcd_residuo.$procmux$1073.
    dead port 1/2 on $mux $flatten\division_inst.\u_bin_a_bcd_residuo.$procmux$1076.
    dead port 1/2 on $mux $flatten\division_inst.\u_bin_a_bcd_residuo.$procmux$1082.
    dead port 1/2 on $mux $flatten\division_inst.\u_bin_a_bcd_residuo.$procmux$1088.
    dead port 1/2 on $mux $flatten\division_inst.\u_bin_a_bcd_residuo.$procmux$974.
    dead port 1/2 on $mux $flatten\division_inst.\u_bin_a_bcd_residuo.$procmux$977.
    dead port 1/2 on $mux $flatten\division_inst.\u_bin_a_bcd_residuo.$procmux$980.
    dead port 1/2 on $mux $flatten\division_inst.\u_bin_a_bcd_residuo.$procmux$983.
    dead port 1/2 on $mux $flatten\division_inst.\u_bin_a_bcd_residuo.$procmux$986.
    dead port 1/2 on $mux $flatten\division_inst.\u_bin_a_bcd_residuo.$procmux$992.
    dead port 1/2 on $mux $flatten\division_inst.\u_bin_a_bcd_residuo.$procmux$995.
    dead port 1/2 on $mux $flatten\division_inst.\u_bin_a_bcd_residuo.$procmux$998.
    dead port 1/2 on $mux $flatten\division_inst.\u_bin_a_bcd_divisor.$procmux$1055.
    dead port 2/2 on $mux $flatten\division_inst.\u_divisor.$procmux$815.
    dead port 2/2 on $mux $flatten\division_inst.\u_divisor.$procmux$874.
    dead port 1/2 on $mux $flatten\division_inst.\u_bin_a_bcd_divisor.$procmux$1052.
    dead port 1/2 on $mux $flatten\division_inst.\u_bin_a_bcd_cociente.$procmux$1001.
    dead port 1/2 on $mux $flatten\division_inst.\u_bin_a_bcd_cociente.$procmux$1004.
    dead port 1/2 on $mux $flatten\division_inst.\u_bin_a_bcd_cociente.$procmux$1010.
    dead port 1/2 on $mux $flatten\division_inst.\u_bin_a_bcd_cociente.$procmux$1013.
    dead port 1/2 on $mux $flatten\division_inst.\u_bin_a_bcd_cociente.$procmux$1016.
    dead port 1/2 on $mux $flatten\division_inst.\u_bin_a_bcd_cociente.$procmux$1019.
    dead port 1/2 on $mux $flatten\division_inst.\u_bin_a_bcd_cociente.$procmux$1025.
    dead port 2/2 on $mux $flatten\division_inst.\u_selector_div.$procmux$465.
    dead port 1/2 on $mux $flatten\division_inst.\u_bin_a_bcd_cociente.$procmux$1028.
    dead port 1/2 on $mux $flatten\division_inst.\u_bin_a_bcd_cociente.$procmux$1031.
    dead port 1/2 on $mux $flatten\division_inst.\u_bin_a_bcd_cociente.$procmux$1034.
    dead port 1/2 on $mux $flatten\division_inst.\u_bin_a_bcd_cociente.$procmux$1040.
    dead port 1/2 on $mux $flatten\division_inst.\u_bin_a_bcd_cociente.$procmux$1043.
    dead port 1/2 on $mux $flatten\division_inst.\u_bin_a_bcd_cociente.$procmux$1046.
    dead port 1/2 on $mux $flatten\division_inst.\u_bin_a_bcd_cociente.$procmux$1052.
    dead port 1/2 on $mux $flatten\division_inst.\u_bin_a_bcd_cociente.$procmux$1055.
    dead port 2/2 on $mux $flatten\teclado_inst.\decoder_inst.$procmux$490.
    dead port 2/2 on $mux $flatten\teclado_inst.\decoder_inst.$procmux$492.
    dead port 1/2 on $mux $flatten\division_inst.\u_bin_a_bcd_cociente.$procmux$1058.
    dead port 1/2 on $mux $flatten\division_inst.\u_bin_a_bcd_cociente.$procmux$1064.
    dead port 2/2 on $mux $flatten\teclado_inst.\decoder_inst.$procmux$501.
    dead port 2/2 on $mux $flatten\teclado_inst.\decoder_inst.$procmux$503.
    dead port 1/2 on $mux $flatten\division_inst.\u_bin_a_bcd_cociente.$procmux$1067.
    dead port 2/2 on $mux $flatten\teclado_inst.\decoder_inst.$procmux$508.
    dead port 2/2 on $mux $flatten\teclado_inst.\decoder_inst.$procmux$513.
    dead port 1/2 on $mux $flatten\division_inst.\u_bin_a_bcd_cociente.$procmux$1073.
    dead port 1/2 on $mux $flatten\division_inst.\u_bin_a_bcd_cociente.$procmux$1076.
    dead port 1/2 on $mux $flatten\division_inst.\u_bin_a_bcd_cociente.$procmux$1082.
    dead port 2/2 on $mux $flatten\teclado_inst.\decoder_inst.$procmux$523.
    dead port 2/2 on $mux $flatten\teclado_inst.\decoder_inst.$procmux$525.
    dead port 1/2 on $mux $flatten\division_inst.\u_bin_a_bcd_cociente.$procmux$1088.
    dead port 2/2 on $mux $flatten\teclado_inst.\decoder_inst.$procmux$535.
    dead port 2/2 on $mux $flatten\teclado_inst.\decoder_inst.$procmux$537.
    dead port 1/2 on $mux $flatten\division_inst.\u_bin_a_bcd_cociente.$procmux$974.
    dead port 2/2 on $mux $flatten\teclado_inst.\decoder_inst.$procmux$543.
    dead port 1/2 on $mux $flatten\division_inst.\u_bin_a_bcd_cociente.$procmux$977.
    dead port 2/2 on $mux $flatten\teclado_inst.\decoder_inst.$procmux$549.
    dead port 1/2 on $mux $flatten\division_inst.\u_bin_a_bcd_cociente.$procmux$980.
    dead port 1/2 on $mux $flatten\division_inst.\u_bin_a_bcd_cociente.$procmux$983.
    dead port 1/2 on $mux $flatten\division_inst.\u_bin_a_bcd_cociente.$procmux$986.
    dead port 1/2 on $mux $flatten\division_inst.\u_bin_a_bcd_cociente.$procmux$992.
    dead port 2/2 on $mux $flatten\teclado_inst.\decoder_inst.$procmux$560.
    dead port 2/2 on $mux $flatten\teclado_inst.\decoder_inst.$procmux$562.
    dead port 1/2 on $mux $flatten\division_inst.\u_bin_a_bcd_cociente.$procmux$995.
    dead port 1/2 on $mux $flatten\division_inst.\u_bin_a_bcd_cociente.$procmux$998.
    dead port 2/2 on $mux $flatten\teclado_inst.\decoder_inst.$procmux$573.
    dead port 2/2 on $mux $flatten\teclado_inst.\decoder_inst.$procmux$575.
    dead port 2/2 on $mux $flatten\teclado_inst.\decoder_inst.$procmux$582.
    dead port 2/2 on $mux $flatten\teclado_inst.\decoder_inst.$procmux$589.
    dead port 2/2 on $mux $flatten\teclado_inst.\decoder_inst.$procmux$601.
    dead port 2/2 on $mux $flatten\teclado_inst.\decoder_inst.$procmux$603.
    dead port 1/2 on $mux $flatten\division_inst.\u_bin_a_bcd_divisor.$procmux$1001.
    dead port 2/2 on $mux $flatten\teclado_inst.\decoder_inst.$procmux$615.
    dead port 2/2 on $mux $flatten\teclado_inst.\decoder_inst.$procmux$617.
    dead port 1/2 on $mux $flatten\division_inst.\u_bin_a_bcd_divisor.$procmux$1004.
    dead port 2/2 on $mux $flatten\teclado_inst.\decoder_inst.$procmux$625.
    dead port 2/2 on $mux $flatten\teclado_inst.\decoder_inst.$procmux$633.
    dead port 1/2 on $mux $flatten\division_inst.\u_bin_a_bcd_divisor.$procmux$1010.
    dead port 1/2 on $mux $flatten\division_inst.\u_bin_a_bcd_divisor.$procmux$1013.
    dead port 1/2 on $mux $flatten\division_inst.\u_bin_a_bcd_divisor.$procmux$1016.
    dead port 1/2 on $mux $flatten\division_inst.\u_bin_a_bcd_divisor.$procmux$1019.
    dead port 1/2 on $mux $flatten\division_inst.\u_bin_a_bcd_divisor.$procmux$1025.
    dead port 1/2 on $mux $flatten\division_inst.\u_bin_a_bcd_divisor.$procmux$1028.
    dead port 1/2 on $mux $flatten\division_inst.\u_bin_a_bcd_divisor.$procmux$1031.
    dead port 1/2 on $mux $flatten\division_inst.\u_bin_a_bcd_divisor.$procmux$1034.
    dead port 1/2 on $mux $flatten\division_inst.\u_bin_a_bcd_divisor.$procmux$1040.
    dead port 1/2 on $mux $flatten\division_inst.\u_bin_a_bcd_divisor.$procmux$1043.
    dead port 1/2 on $mux $flatten\division_inst.\u_bin_a_bcd_divisor.$procmux$1046.
Removed 117 multiplexer ports.
<suppressed ~39 debug messages>

16.7.5.4. Executing OPT_REDUCE pass (consolidate $*mux and $reduce_* inputs).
  Optimizing cells in module \top.
    New ctrl vector for $pmux cell $flatten\teclado_inst.\decoder_inst.$procmux$496: $auto$opt_reduce.cc:134:opt_pmux$1167
    New ctrl vector for $pmux cell $flatten\teclado_inst.\decoder_inst.$procmux$530: $auto$opt_reduce.cc:134:opt_pmux$1169
    New ctrl vector for $pmux cell $flatten\teclado_inst.\decoder_inst.$procmux$568: $auto$opt_reduce.cc:134:opt_pmux$1171
    New ctrl vector for $pmux cell $flatten\teclado_inst.\decoder_inst.$procmux$610: $auto$opt_reduce.cc:134:opt_pmux$1173
  Optimizing cells in module \top.
Performed a total of 4 changes.

16.7.5.5. Executing OPT_MERGE pass (detect identical cells).
Finding identical cells in module `\top'.
<suppressed ~27 debug messages>
Removed a total of 9 cells.

16.7.5.6. Executing OPT_DFF pass (perform DFF optimizations).

16.7.5.7. Executing OPT_CLEAN pass (remove unused cells and wires).
Finding unused cells or wires in module \top..
Removed 0 unused cells and 236 unused wires.
<suppressed ~12 debug messages>

16.7.5.8. Executing OPT_EXPR pass (perform const folding).
Optimizing module top.

16.7.5.9. Rerunning OPT passes. (Maybe there is more to do..)

16.7.5.10. Executing OPT_MUXTREE pass (detect dead branches in mux trees).
Running muxtree optimizer on module \top..
  Creating internal representation of mux trees.
  Evaluating internal representation of mux trees.
  Analyzing evaluation results.
Removed 0 multiplexer ports.
<suppressed ~39 debug messages>

16.7.5.11. Executing OPT_REDUCE pass (consolidate $*mux and $reduce_* inputs).
  Optimizing cells in module \top.
    New ctrl vector for $pmux cell $flatten\teclado_inst.\decoder_inst.$procmux$640: $auto$opt_reduce.cc:134:opt_pmux$1175
  Optimizing cells in module \top.
Performed a total of 1 changes.

16.7.5.12. Executing OPT_MERGE pass (detect identical cells).
Finding identical cells in module `\top'.
Removed a total of 0 cells.

16.7.5.13. Executing OPT_DFF pass (perform DFF optimizations).

16.7.5.14. Executing OPT_CLEAN pass (remove unused cells and wires).
Finding unused cells or wires in module \top..

16.7.5.15. Executing OPT_EXPR pass (perform const folding).
Optimizing module top.

16.7.5.16. Rerunning OPT passes. (Maybe there is more to do..)

16.7.5.17. Executing OPT_MUXTREE pass (detect dead branches in mux trees).
Running muxtree optimizer on module \top..
  Creating internal representation of mux trees.
  Evaluating internal representation of mux trees.
  Analyzing evaluation results.
Removed 0 multiplexer ports.
<suppressed ~39 debug messages>

16.7.5.18. Executing OPT_REDUCE pass (consolidate $*mux and $reduce_* inputs).
  Optimizing cells in module \top.
Performed a total of 0 changes.

16.7.5.19. Executing OPT_MERGE pass (detect identical cells).
Finding identical cells in module `\top'.
Removed a total of 0 cells.

16.7.5.20. Executing OPT_DFF pass (perform DFF optimizations).

16.7.5.21. Executing OPT_CLEAN pass (remove unused cells and wires).
Finding unused cells or wires in module \top..

16.7.5.22. Executing OPT_EXPR pass (perform const folding).
Optimizing module top.

16.7.5.23. Finished OPT passes. (There is nothing left to do.)

16.7.6. Executing FSM pass (extract and optimize FSM).

16.7.6.1. Executing FSM_DETECT pass (finding FSMs in design).
Not marking top.display_inst.controller.anode as FSM state register:
    Register is connected to module port.
    Users of register don't seem to benefit from recoding.
Not marking top.division_inst.u_divisor.state as FSM state register:
    Circuit seems to be self-resetting.
Found FSM state register top.division_inst.u_input_div.state.
Found FSM state register top.division_inst.u_selector_div.modo_vista.
Not marking top.teclado_inst.debouncer_inst.stable_key as FSM state register:
    Users of register don't seem to benefit from recoding.
Not marking top.teclado_inst.debouncer_inst.state as FSM state register:
    Circuit seems to be self-resetting.

16.7.6.2. Executing FSM_EXTRACT pass (extracting FSM from design).
Extracting FSM `\division_inst.u_input_div.state' from module `\top'.
  found $adff cell for state register: $flatten\division_inst.\u_input_div.$procdff$1141
  root of input selection tree: $flatten\division_inst.\u_input_div.$0\state[1:0]
  found reset state: 2'00 (from async reset)
  found ctrl input: $flatten\division_inst.\u_input_div.$procmux$706_CMP
  found ctrl input: $flatten\division_inst.\u_input_div.$procmux$727_CMP
  found ctrl input: $flatten\division_inst.\u_input_div.$logic_and$../design/entrada_div.sv:99$99_Y
  found ctrl input: $flatten\division_inst.\u_input_div.$logic_and$../design/entrada_div.sv:68$89_Y
  found state code: 2'01
  found ctrl output: $flatten\division_inst.\u_input_div.$procmux$706_CMP
  found ctrl output: $flatten\division_inst.\u_input_div.$procmux$727_CMP
  ctrl inputs: { $flatten\division_inst.\u_input_div.$logic_and$../design/entrada_div.sv:99$99_Y $flatten\division_inst.\u_input_div.$logic_and$../design/entrada_div.sv:68$89_Y }
  ctrl outputs: { $flatten\division_inst.\u_input_div.$procmux$727_CMP $flatten\division_inst.\u_input_div.$procmux$706_CMP $flatten\division_inst.\u_input_div.$0\state[1:0] }
  transition:       2'00 2'-0 ->       2'00 4'1000
  transition:       2'00 2'-1 ->       2'01 4'1001
  transition:       2'01 2'0- ->       2'01 4'0101
  transition:       2'01 2'1- ->       2'00 4'0100
Extracting FSM `\division_inst.u_selector_div.modo_vista' from module `\top'.
  found $adff cell for state register: $flatten\division_inst.\u_selector_div.$procdff$1127
  root of input selection tree: $flatten\division_inst.\u_selector_div.$0\modo_vista[1:0]
  found reset state: 2'00 (from async reset)
  found ctrl input: \division_inst.u_selector_div.resultado_activo
  found ctrl input: \division_inst.u_divisor.done
  found ctrl input: $flatten\division_inst.\u_selector_div.$procmux$476_CMP
  found ctrl input: $flatten\division_inst.\u_selector_div.$procmux$477_CMP
  found ctrl input: $flatten\division_inst.\u_selector_div.$procmux$478_CMP
  found ctrl input: $flatten\division_inst.\u_selector_div.$procmux$479_CMP
  found state code: 2'01
  found state code: 2'11
  found state code: 2'10
  found ctrl output: $flatten\division_inst.\u_selector_div.$procmux$462_CMP
  found ctrl output: $flatten\division_inst.\u_selector_div.$procmux$463_CMP
  found ctrl output: $flatten\division_inst.\u_selector_div.$procmux$464_CMP
  found ctrl output: $flatten\division_inst.\u_selector_div.$procmux$461_CMP
  ctrl inputs: { \division_inst.u_divisor.done $flatten\division_inst.\u_selector_div.$procmux$479_CMP $flatten\division_inst.\u_selector_div.$procmux$478_CMP $flatten\division_inst.\u_selector_div.$procmux$477_CMP $flatten\division_inst.\u_selector_div.$procmux$476_CMP \division_inst.u_selector_div.resultado_activo }
  ctrl outputs: { $flatten\division_inst.\u_selector_div.$procmux$464_CMP $flatten\division_inst.\u_selector_div.$procmux$463_CMP $flatten\division_inst.\u_selector_div.$procmux$462_CMP $flatten\division_inst.\u_selector_div.$procmux$461_CMP $flatten\division_inst.\u_selector_div.$0\modo_vista[1:0] }
  transition:       2'00 6'0----0 ->       2'00 6'001000
  transition:       2'00 6'1----0 ->       2'00 6'001000
  transition:       2'00 6'-00001 ->       2'00 6'001000
  transition:       2'00 6'-1---1 ->       2'10 6'001010
  transition:       2'00 6'--1--1 ->       2'11 6'001011
  transition:       2'00 6'---1-1 ->       2'00 6'001000
  transition:       2'00 6'----11 ->       2'01 6'001001
  transition:       2'10 6'0----0 ->       2'10 6'100010
  transition:       2'10 6'1----0 ->       2'00 6'100000
  transition:       2'10 6'-00001 ->       2'10 6'100010
  transition:       2'10 6'-1---1 ->       2'10 6'100010
  transition:       2'10 6'--1--1 ->       2'11 6'100011
  transition:       2'10 6'---1-1 ->       2'00 6'100000
  transition:       2'10 6'----11 ->       2'01 6'100001
  transition:       2'01 6'0----0 ->       2'01 6'000101
  transition:       2'01 6'1----0 ->       2'00 6'000100
  transition:       2'01 6'-00001 ->       2'01 6'000101
  transition:       2'01 6'-1---1 ->       2'10 6'000110
  transition:       2'01 6'--1--1 ->       2'11 6'000111
  transition:       2'01 6'---1-1 ->       2'00 6'000100
  transition:       2'01 6'----11 ->       2'01 6'000101
  transition:       2'11 6'0----0 ->       2'11 6'010011
  transition:       2'11 6'1----0 ->       2'00 6'010000
  transition:       2'11 6'-00001 ->       2'11 6'010011
  transition:       2'11 6'-1---1 ->       2'10 6'010010
  transition:       2'11 6'--1--1 ->       2'11 6'010011
  transition:       2'11 6'---1-1 ->       2'00 6'010000
  transition:       2'11 6'----11 ->       2'01 6'010001

16.7.6.3. Executing FSM_OPT pass (simple optimizations of FSMs).
Optimizing FSM `$fsm$\division_inst.u_selector_div.modo_vista$1180' from module `\top'.
  Merging pattern 6'0----0 and 6'1----0 from group (0 0 6'001000).
  Merging pattern 6'1----0 and 6'0----0 from group (0 0 6'001000).
Optimizing FSM `$fsm$\division_inst.u_input_div.state$1176' from module `\top'.

16.7.6.4. Executing OPT_CLEAN pass (remove unused cells and wires).
Finding unused cells or wires in module \top..
Removed 14 unused cells and 14 unused wires.
<suppressed ~15 debug messages>

16.7.6.5. Executing FSM_OPT pass (simple optimizations of FSMs).
Optimizing FSM `$fsm$\division_inst.u_input_div.state$1176' from module `\top'.
  Removing unused output signal $flatten\division_inst.\u_input_div.$0\state[1:0] [0].
  Removing unused output signal $flatten\division_inst.\u_input_div.$0\state[1:0] [1].
Optimizing FSM `$fsm$\division_inst.u_selector_div.modo_vista$1180' from module `\top'.
  Removing unused output signal $flatten\division_inst.\u_selector_div.$0\modo_vista[1:0] [0].
  Removing unused output signal $flatten\division_inst.\u_selector_div.$0\modo_vista[1:0] [1].

16.7.6.6. Executing FSM_RECODE pass (re-assigning FSM state encoding).
Recoding FSM `$fsm$\division_inst.u_input_div.state$1176' from module `\top' using `auto' encoding:
  mapping auto encoding to `one-hot` for this FSM.
  00 -> -1
  01 -> 1-
Recoding FSM `$fsm$\division_inst.u_selector_div.modo_vista$1180' from module `\top' using `auto' encoding:
  mapping auto encoding to `one-hot` for this FSM.
  00 -> ---1
  10 -> --1-
  01 -> -1--
  11 -> 1---

16.7.6.7. Executing FSM_INFO pass (dumping all available information on FSM cells).

FSM `$fsm$\division_inst.u_input_div.state$1176' from module `top':
-------------------------------------

  Information on FSM $fsm$\division_inst.u_input_div.state$1176 (\division_inst.u_input_div.state):

  Number of input signals:    2
  Number of output signals:   2
  Number of state bits:       2

  Input signals:
    0: $flatten\division_inst.\u_input_div.$logic_and$../design/entrada_div.sv:68$89_Y
    1: $flatten\division_inst.\u_input_div.$logic_and$../design/entrada_div.sv:99$99_Y

  Output signals:
    0: $flatten\division_inst.\u_input_div.$procmux$706_CMP
    1: $flatten\division_inst.\u_input_div.$procmux$727_CMP

  State encoding:
    0:       2'-1  <RESET STATE>
    1:       2'1-

  Transition Table (state_in, ctrl_in, state_out, ctrl_out):
      0:     0 2'-0   ->     0 2'10
      1:     0 2'-1   ->     1 2'10
      2:     1 2'1-   ->     0 2'01
      3:     1 2'0-   ->     1 2'01

-------------------------------------

FSM `$fsm$\division_inst.u_selector_div.modo_vista$1180' from module `top':
-------------------------------------

  Information on FSM $fsm$\division_inst.u_selector_div.modo_vista$1180 (\division_inst.u_selector_div.modo_vista):

  Number of input signals:    6
  Number of output signals:   4
  Number of state bits:       4

  Input signals:
    0: \division_inst.u_selector_div.resultado_activo
    1: $flatten\division_inst.\u_selector_div.$procmux$476_CMP
    2: $flatten\division_inst.\u_selector_div.$procmux$477_CMP
    3: $flatten\division_inst.\u_selector_div.$procmux$478_CMP
    4: $flatten\division_inst.\u_selector_div.$procmux$479_CMP
    5: \division_inst.u_divisor.done

  Output signals:
    0: $flatten\division_inst.\u_selector_div.$procmux$461_CMP
    1: $flatten\division_inst.\u_selector_div.$procmux$462_CMP
    2: $flatten\division_inst.\u_selector_div.$procmux$463_CMP
    3: $flatten\division_inst.\u_selector_div.$procmux$464_CMP

  State encoding:
    0:     4'---1  <RESET STATE>
    1:     4'--1-
    2:     4'-1--
    3:     4'1---

  Transition Table (state_in, ctrl_in, state_out, ctrl_out):
      0:     0 6'-----0   ->     0 4'0010
      1:     0 6'-00001   ->     0 4'0010
      2:     0 6'---1-1   ->     0 4'0010
      3:     0 6'-1---1   ->     1 4'0010
      4:     0 6'----11   ->     2 4'0010
      5:     0 6'--1--1   ->     3 4'0010
      6:     1 6'1----0   ->     0 4'1000
      7:     1 6'---1-1   ->     0 4'1000
      8:     1 6'0----0   ->     1 4'1000
      9:     1 6'-00001   ->     1 4'1000
     10:     1 6'-1---1   ->     1 4'1000
     11:     1 6'----11   ->     2 4'1000
     12:     1 6'--1--1   ->     3 4'1000
     13:     2 6'1----0   ->     0 4'0001
     14:     2 6'---1-1   ->     0 4'0001
     15:     2 6'-1---1   ->     1 4'0001
     16:     2 6'0----0   ->     2 4'0001
     17:     2 6'-00001   ->     2 4'0001
     18:     2 6'----11   ->     2 4'0001
     19:     2 6'--1--1   ->     3 4'0001
     20:     3 6'1----0   ->     0 4'0100
     21:     3 6'---1-1   ->     0 4'0100
     22:     3 6'-1---1   ->     1 4'0100
     23:     3 6'----11   ->     2 4'0100
     24:     3 6'0----0   ->     3 4'0100
     25:     3 6'-00001   ->     3 4'0100
     26:     3 6'--1--1   ->     3 4'0100

-------------------------------------

16.7.6.8. Executing FSM_MAP pass (mapping FSMs to basic logic).
Mapping FSM `$fsm$\division_inst.u_input_div.state$1176' from module `\top'.
Mapping FSM `$fsm$\division_inst.u_selector_div.modo_vista$1180' from module `\top'.

16.7.7. Executing OPT pass (performing simple optimizations).

16.7.7.1. Executing OPT_EXPR pass (perform const folding).
Optimizing module top.
<suppressed ~8 debug messages>

16.7.7.2. Executing OPT_MERGE pass (detect identical cells).
Finding identical cells in module `\top'.
<suppressed ~15 debug messages>
Removed a total of 5 cells.

16.7.7.3. Executing OPT_MUXTREE pass (detect dead branches in mux trees).
Running muxtree optimizer on module \top..
  Creating internal representation of mux trees.
  Evaluating internal representation of mux trees.
  Analyzing evaluation results.
Removed 0 multiplexer ports.
<suppressed ~37 debug messages>

16.7.7.4. Executing OPT_REDUCE pass (consolidate $*mux and $reduce_* inputs).
  Optimizing cells in module \top.
Performed a total of 0 changes.

16.7.7.5. Executing OPT_MERGE pass (detect identical cells).
Finding identical cells in module `\top'.
Removed a total of 0 cells.

16.7.7.6. Executing OPT_DFF pass (perform DFF optimizations).
Adding EN signal on $flatten\teclado_inst.\scanner_inst.$procdff$1125 ($adff) from module top (D = $flatten\teclado_inst.\scanner_inst.$add$../design/key_scanner.sv:31$399_Y, Q = \teclado_inst.scanner_inst.scanned_row).
Adding EN signal on $flatten\teclado_inst.\debouncer_inst.$procdff$1134 ($adff) from module top (D = \teclado_inst.debouncer_inst.raw_key, Q = \teclado_inst.debouncer_inst.stable_key).
Adding EN signal on $flatten\teclado_inst.\debouncer_inst.$procdff$1133 ($adff) from module top (D = $flatten\teclado_inst.\debouncer_inst.$0\debounce_cnt[31:0], Q = \teclado_inst.debouncer_inst.debounce_cnt).
Adding EN signal on $flatten\teclado_inst.\debouncer_inst.$procdff$1132 ($adff) from module top (D = \teclado_inst.debouncer_inst.stable_key, Q = \teclado_inst.debouncer_inst.key_out).
Adding EN signal on $flatten\teclado_inst.\debouncer_inst.$procdff$1131 ($adff) from module top (D = $flatten\teclado_inst.\debouncer_inst.$0\state[1:0], Q = \teclado_inst.debouncer_inst.state).
Adding EN signal on $flatten\division_inst.\u_selector_div.$procdff$1129 ($adff) from module top (D = \teclado_inst.debouncer_inst.key_out, Q = \division_inst.u_selector_div.key_guardada).
Adding EN signal on $flatten\division_inst.\u_selector_div.$procdff$1128 ($adff) from module top (D = 1'1, Q = \division_inst.u_selector_div.resultado_activo).
Adding EN signal on $flatten\division_inst.\u_input_div.$procdff$1144 ($adff) from module top (D = \teclado_inst.debouncer_inst.key_out, Q = \division_inst.u_input_div.dec_div).
Adding EN signal on $flatten\division_inst.\u_input_div.$procdff$1143 ($adff) from module top (D = $flatten\division_inst.\u_input_div.$0\tengo_decenas_div[0:0], Q = \division_inst.u_input_div.tengo_decenas_div).
Adding EN signal on $flatten\division_inst.\u_input_div.$procdff$1142 ($adff) from module top (D = $flatten\division_inst.\u_input_div.$procmux$736_Y, Q = \division_inst.u_input_div.tengo_decenas_num).
Adding EN signal on $flatten\division_inst.\u_input_div.$procdff$1140 ($adff) from module top (D = $flatten\division_inst.\u_input_div.$0\num_registro[15:0], Q = \division_inst.u_input_div.num_registro).
Adding EN signal on $flatten\division_inst.\u_input_div.$procdff$1138 ($adff) from module top (D = $flatten\division_inst.\u_input_div.$procmux$777_Y, Q = \division_inst.u_input_div.divisor).
Adding EN signal on $flatten\division_inst.\u_input_div.$procdff$1137 ($adff) from module top (D = $flatten\division_inst.\u_input_div.$procmux$789_Y, Q = \division_inst.u_input_div.dividendo).
Adding EN signal on $flatten\division_inst.\u_input_div.$procdff$1136 ($adff) from module top (D = $flatten\division_inst.\u_input_div.$procmux$795_Y, Q = \division_inst.u_input_div.unidades).
Adding EN signal on $flatten\division_inst.\u_input_div.$procdff$1135 ($adff) from module top (D = \teclado_inst.debouncer_inst.key_out, Q = \division_inst.u_input_div.decenas).
Adding EN signal on $flatten\division_inst.\u_divisor.$procdff$1155 ($adff) from module top (D = $flatten\division_inst.\u_divisor.$0$lookahead\temp_cociente$26[5:0]$34, Q = \division_inst.u_divisor.temp_cociente).
Adding EN signal on $flatten\division_inst.\u_divisor.$procdff$1154 ($adff) from module top (D = $flatten\division_inst.\u_divisor.$0\bit_index[2:0], Q = \division_inst.u_divisor.bit_index).
Adding EN signal on $flatten\division_inst.\u_divisor.$procdff$1153 ($dff) from module top (D = $flatten\division_inst.\u_divisor.$sub$../design/divisor.sv:57$51_Y, Q = \division_inst.u_divisor.resta).
Adding EN signal on $flatten\division_inst.\u_divisor.$procdff$1150 ($adff) from module top (D = $flatten\division_inst.\u_divisor.$0\state[2:0], Q = \division_inst.u_divisor.state).
Adding EN signal on $flatten\division_inst.\u_divisor.$procdff$1148 ($adff) from module top (D = \division_inst.u_divisor.R [3:0], Q = \division_inst.u_divisor.residuo).
Adding EN signal on $flatten\division_inst.\u_divisor.$procdff$1147 ($adff) from module top (D = \division_inst.u_divisor.temp_cociente, Q = \division_inst.u_divisor.cociente).
Adding EN signal on $flatten\division_inst.\u_divisor.$procdff$1146 ($adff) from module top (D = $flatten\division_inst.\u_divisor.$0\R[5:0], Q = \division_inst.u_divisor.R).
Adding EN signal on $flatten\display_inst.\controller.$procdff$1165 ($adff) from module top (D = $flatten\display_inst.\controller.$procmux$1096_Y, Q = \display_inst.controller.anode).
Adding EN signal on $flatten\display_inst.\controller.$procdff$1164 ($adff) from module top (D = $flatten\display_inst.\controller.$add$../design/anode_control.sv:29$2_Y, Q = \display_inst.controller.sel).

16.7.7.7. Executing OPT_CLEAN pass (remove unused cells and wires).
Finding unused cells or wires in module \top..
Removed 25 unused cells and 44 unused wires.
<suppressed ~26 debug messages>

16.7.7.8. Executing OPT_EXPR pass (perform const folding).
Optimizing module top.
<suppressed ~6 debug messages>

16.7.7.9. Rerunning OPT passes. (Maybe there is more to do..)

16.7.7.10. Executing OPT_MUXTREE pass (detect dead branches in mux trees).
Running muxtree optimizer on module \top..
  Creating internal representation of mux trees.
  Evaluating internal representation of mux trees.
  Analyzing evaluation results.
Removed 0 multiplexer ports.
<suppressed ~26 debug messages>

16.7.7.11. Executing OPT_REDUCE pass (consolidate $*mux and $reduce_* inputs).
  Optimizing cells in module \top.
Performed a total of 0 changes.

16.7.7.12. Executing OPT_MERGE pass (detect identical cells).
Finding identical cells in module `\top'.
<suppressed ~21 debug messages>
Removed a total of 7 cells.

16.7.7.13. Executing OPT_DFF pass (perform DFF optimizations).

16.7.7.14. Executing OPT_CLEAN pass (remove unused cells and wires).
Finding unused cells or wires in module \top..
Removed 0 unused cells and 7 unused wires.
<suppressed ~1 debug messages>

16.7.7.15. Executing OPT_EXPR pass (perform const folding).
Optimizing module top.

16.7.7.16. Rerunning OPT passes. (Maybe there is more to do..)

16.7.7.17. Executing OPT_MUXTREE pass (detect dead branches in mux trees).
Running muxtree optimizer on module \top..
  Creating internal representation of mux trees.
  Evaluating internal representation of mux trees.
  Analyzing evaluation results.
Removed 0 multiplexer ports.
<suppressed ~27 debug messages>

16.7.7.18. Executing OPT_REDUCE pass (consolidate $*mux and $reduce_* inputs).
  Optimizing cells in module \top.
Performed a total of 0 changes.

16.7.7.19. Executing OPT_MERGE pass (detect identical cells).
Finding identical cells in module `\top'.
Removed a total of 0 cells.

16.7.7.20. Executing OPT_DFF pass (perform DFF optimizations).

16.7.7.21. Executing OPT_CLEAN pass (remove unused cells and wires).
Finding unused cells or wires in module \top..

16.7.7.22. Executing OPT_EXPR pass (perform const folding).
Optimizing module top.

16.7.7.23. Finished OPT passes. (There is nothing left to do.)

16.7.8. Executing WREDUCE pass (reducing word size of cells).
Removed top 28 address bits (of 32) from memory init port top.$flatten\display_inst.\decoder.$auto$mem.cc:319:emit$404 ($flatten\display_inst.\decoder.$auto$proc_rom.cc:150:do_switch$402).
Removed top 13 bits (of 32) from port B of cell top.$flatten\teclado_inst.\debouncer_inst.$ge$../design/key_debouncer.sv:53$105 ($ge).
Removed top 1 bits (of 2) from port B of cell top.$flatten\teclado_inst.\debouncer_inst.$procmux$654_CMP0 ($eq).
Removed top 2 bits (of 4) from port B of cell top.$flatten\teclado_inst.\decoder_inst.$procmux$488_CMP0 ($eq).
Removed top 3 bits (of 4) from port B of cell top.$flatten\teclado_inst.\decoder_inst.$procmux$489_CMP0 ($eq).
Removed top 1 bits (of 4) from port B of cell top.$flatten\teclado_inst.\decoder_inst.$procmux$498_CMP0 ($eq).
Removed top 1 bits (of 2) from port B of cell top.$flatten\teclado_inst.\decoder_inst.$procmux$563_CMP0 ($eq).
Removed top 17 bits (of 32) from port B of cell top.$flatten\teclado_inst.\scanner_inst.$ge$../design/key_scanner.sv:15$394 ($ge).
Removed top 4 bits (of 5) from port B of cell top.$auto$fsm_map.cc:77:implement_pattern_cache$1252 ($eq).
Removed top 1 bits (of 2) from port B of cell top.$auto$opt_dff.cc:195:make_patterns_logic$1323 ($ne).
Removed top 2 bits (of 6) from port A of cell top.$flatten\division_inst.\u_bin_a_bcd_divisor.$sub$../design/bin_a_bcd.sv:15$5 ($sub).
Removed top 26 bits (of 32) from port B of cell top.$flatten\division_inst.\u_bin_a_bcd_divisor.$sub$../design/bin_a_bcd.sv:15$5 ($sub).
Removed top 28 bits (of 32) from port Y of cell top.$flatten\division_inst.\u_bin_a_bcd_divisor.$sub$../design/bin_a_bcd.sv:15$5 ($sub).
Removed top 2 bits (of 6) from port B of cell top.$flatten\division_inst.\u_bin_a_bcd_divisor.$sub$../design/bin_a_bcd.sv:15$5 ($sub).
Removed top 2 bits (of 6) from port A of cell top.$flatten\division_inst.\u_bin_a_bcd_divisor.$ge$../design/bin_a_bcd.sv:17$6 ($ge).
Removed top 26 bits (of 32) from port B of cell top.$flatten\division_inst.\u_bin_a_bcd_divisor.$ge$../design/bin_a_bcd.sv:17$6 ($ge).
Removed top 2 bits (of 6) from port A of cell top.$flatten\division_inst.\u_bin_a_bcd_divisor.$sub$../design/bin_a_bcd.sv:19$7 ($sub).
Removed top 26 bits (of 32) from port B of cell top.$flatten\division_inst.\u_bin_a_bcd_divisor.$sub$../design/bin_a_bcd.sv:19$7 ($sub).
Removed top 28 bits (of 32) from port Y of cell top.$flatten\division_inst.\u_bin_a_bcd_divisor.$sub$../design/bin_a_bcd.sv:19$7 ($sub).
Removed top 4 bits (of 6) from port B of cell top.$flatten\division_inst.\u_bin_a_bcd_divisor.$sub$../design/bin_a_bcd.sv:19$7 ($sub).
Removed top 2 bits (of 6) from port A of cell top.$flatten\division_inst.\u_bin_a_bcd_divisor.$ge$../design/bin_a_bcd.sv:21$8 ($ge).
Removed top 26 bits (of 32) from port B of cell top.$flatten\division_inst.\u_bin_a_bcd_divisor.$ge$../design/bin_a_bcd.sv:21$8 ($ge).
Removed top 2 bits (of 6) from port A of cell top.$flatten\division_inst.\u_bin_a_bcd_divisor.$sub$../design/bin_a_bcd.sv:23$9 ($sub).
Removed top 26 bits (of 32) from port B of cell top.$flatten\division_inst.\u_bin_a_bcd_divisor.$sub$../design/bin_a_bcd.sv:23$9 ($sub).
Removed top 28 bits (of 32) from port Y of cell top.$flatten\division_inst.\u_bin_a_bcd_divisor.$sub$../design/bin_a_bcd.sv:23$9 ($sub).
Removed top 2 bits (of 6) from port B of cell top.$flatten\division_inst.\u_bin_a_bcd_divisor.$sub$../design/bin_a_bcd.sv:23$9 ($sub).
Removed top 2 bits (of 6) from port A of cell top.$flatten\division_inst.\u_bin_a_bcd_divisor.$ge$../design/bin_a_bcd.sv:25$10 ($ge).
Removed top 27 bits (of 32) from port B of cell top.$flatten\division_inst.\u_bin_a_bcd_divisor.$ge$../design/bin_a_bcd.sv:25$10 ($ge).
Removed top 2 bits (of 6) from port A of cell top.$flatten\division_inst.\u_bin_a_bcd_divisor.$sub$../design/bin_a_bcd.sv:27$11 ($sub).
Removed top 27 bits (of 32) from port B of cell top.$flatten\division_inst.\u_bin_a_bcd_divisor.$sub$../design/bin_a_bcd.sv:27$11 ($sub).
Removed top 28 bits (of 32) from port Y of cell top.$flatten\division_inst.\u_bin_a_bcd_divisor.$sub$../design/bin_a_bcd.sv:27$11 ($sub).
Removed top 1 bits (of 5) from port B of cell top.$flatten\division_inst.\u_bin_a_bcd_divisor.$sub$../design/bin_a_bcd.sv:27$11 ($sub).
Removed top 2 bits (of 6) from port A of cell top.$flatten\division_inst.\u_bin_a_bcd_divisor.$ge$../design/bin_a_bcd.sv:29$12 ($ge).
Removed top 27 bits (of 32) from port B of cell top.$flatten\division_inst.\u_bin_a_bcd_divisor.$ge$../design/bin_a_bcd.sv:29$12 ($ge).
Removed top 2 bits (of 6) from port A of cell top.$flatten\division_inst.\u_bin_a_bcd_divisor.$sub$../design/bin_a_bcd.sv:31$13 ($sub).
Removed top 27 bits (of 32) from port B of cell top.$flatten\division_inst.\u_bin_a_bcd_divisor.$sub$../design/bin_a_bcd.sv:31$13 ($sub).
Removed top 28 bits (of 32) from port Y of cell top.$flatten\division_inst.\u_bin_a_bcd_divisor.$sub$../design/bin_a_bcd.sv:31$13 ($sub).
Removed top 2 bits (of 5) from port B of cell top.$flatten\division_inst.\u_bin_a_bcd_divisor.$sub$../design/bin_a_bcd.sv:31$13 ($sub).
Removed top 2 bits (of 6) from port A of cell top.$flatten\division_inst.\u_bin_a_bcd_divisor.$ge$../design/bin_a_bcd.sv:33$14 ($ge).
Removed top 28 bits (of 32) from port B of cell top.$flatten\division_inst.\u_bin_a_bcd_divisor.$ge$../design/bin_a_bcd.sv:33$14 ($ge).
Removed top 2 bits (of 6) from port A of cell top.$flatten\division_inst.\u_bin_a_bcd_divisor.$sub$../design/bin_a_bcd.sv:35$15 ($sub).
Removed top 28 bits (of 32) from port B of cell top.$flatten\division_inst.\u_bin_a_bcd_divisor.$sub$../design/bin_a_bcd.sv:35$15 ($sub).
Removed top 28 bits (of 32) from port Y of cell top.$flatten\division_inst.\u_bin_a_bcd_divisor.$sub$../design/bin_a_bcd.sv:35$15 ($sub).
Removed top 3 bits (of 4) from mux cell top.$flatten\division_inst.\u_bin_a_bcd_divisor.$procmux$989 ($mux).
Removed top 2 bits (of 4) from mux cell top.$flatten\division_inst.\u_bin_a_bcd_divisor.$procmux$1022 ($mux).
Removed top 2 bits (of 4) from mux cell top.$flatten\division_inst.\u_bin_a_bcd_divisor.$procmux$1049 ($mux).
Removed top 1 bits (of 4) from mux cell top.$flatten\division_inst.\u_bin_a_bcd_divisor.$procmux$1070 ($mux).
Removed top 1 bits (of 4) from mux cell top.$flatten\division_inst.\u_bin_a_bcd_divisor.$procmux$1085 ($mux).
Removed top 1 bits (of 4) from mux cell top.$flatten\division_inst.\u_bin_a_bcd_divisor.$procmux$1094 ($mux).
Removed top 2 bits (of 6) from port A of cell top.$flatten\division_inst.\u_bin_a_bcd_residuo.$sub$../design/bin_a_bcd.sv:15$5 ($sub).
Removed top 26 bits (of 32) from port B of cell top.$flatten\division_inst.\u_bin_a_bcd_residuo.$sub$../design/bin_a_bcd.sv:15$5 ($sub).
Removed top 28 bits (of 32) from port Y of cell top.$flatten\division_inst.\u_bin_a_bcd_residuo.$sub$../design/bin_a_bcd.sv:15$5 ($sub).
Removed top 2 bits (of 6) from port B of cell top.$flatten\division_inst.\u_bin_a_bcd_residuo.$sub$../design/bin_a_bcd.sv:15$5 ($sub).
Removed top 2 bits (of 6) from port A of cell top.$flatten\division_inst.\u_bin_a_bcd_residuo.$ge$../design/bin_a_bcd.sv:17$6 ($ge).
Removed top 26 bits (of 32) from port B of cell top.$flatten\division_inst.\u_bin_a_bcd_residuo.$ge$../design/bin_a_bcd.sv:17$6 ($ge).
Removed top 2 bits (of 6) from port A of cell top.$flatten\division_inst.\u_bin_a_bcd_residuo.$sub$../design/bin_a_bcd.sv:19$7 ($sub).
Removed top 26 bits (of 32) from port B of cell top.$flatten\division_inst.\u_bin_a_bcd_residuo.$sub$../design/bin_a_bcd.sv:19$7 ($sub).
Removed top 28 bits (of 32) from port Y of cell top.$flatten\division_inst.\u_bin_a_bcd_residuo.$sub$../design/bin_a_bcd.sv:19$7 ($sub).
Removed top 4 bits (of 6) from port B of cell top.$flatten\division_inst.\u_bin_a_bcd_residuo.$sub$../design/bin_a_bcd.sv:19$7 ($sub).
Removed top 2 bits (of 6) from port A of cell top.$flatten\division_inst.\u_bin_a_bcd_residuo.$ge$../design/bin_a_bcd.sv:21$8 ($ge).
Removed top 26 bits (of 32) from port B of cell top.$flatten\division_inst.\u_bin_a_bcd_residuo.$ge$../design/bin_a_bcd.sv:21$8 ($ge).
Removed top 2 bits (of 6) from port A of cell top.$flatten\division_inst.\u_bin_a_bcd_residuo.$sub$../design/bin_a_bcd.sv:23$9 ($sub).
Removed top 26 bits (of 32) from port B of cell top.$flatten\division_inst.\u_bin_a_bcd_residuo.$sub$../design/bin_a_bcd.sv:23$9 ($sub).
Removed top 28 bits (of 32) from port Y of cell top.$flatten\division_inst.\u_bin_a_bcd_residuo.$sub$../design/bin_a_bcd.sv:23$9 ($sub).
Removed top 2 bits (of 6) from port B of cell top.$flatten\division_inst.\u_bin_a_bcd_residuo.$sub$../design/bin_a_bcd.sv:23$9 ($sub).
Removed top 2 bits (of 6) from port A of cell top.$flatten\division_inst.\u_bin_a_bcd_residuo.$ge$../design/bin_a_bcd.sv:25$10 ($ge).
Removed top 27 bits (of 32) from port B of cell top.$flatten\division_inst.\u_bin_a_bcd_residuo.$ge$../design/bin_a_bcd.sv:25$10 ($ge).
Removed top 2 bits (of 6) from port A of cell top.$flatten\division_inst.\u_bin_a_bcd_residuo.$sub$../design/bin_a_bcd.sv:27$11 ($sub).
Removed top 27 bits (of 32) from port B of cell top.$flatten\division_inst.\u_bin_a_bcd_residuo.$sub$../design/bin_a_bcd.sv:27$11 ($sub).
Removed top 28 bits (of 32) from port Y of cell top.$flatten\division_inst.\u_bin_a_bcd_residuo.$sub$../design/bin_a_bcd.sv:27$11 ($sub).
Removed top 1 bits (of 5) from port B of cell top.$flatten\division_inst.\u_bin_a_bcd_residuo.$sub$../design/bin_a_bcd.sv:27$11 ($sub).
Removed top 2 bits (of 6) from port A of cell top.$flatten\division_inst.\u_bin_a_bcd_residuo.$ge$../design/bin_a_bcd.sv:29$12 ($ge).
Removed top 27 bits (of 32) from port B of cell top.$flatten\division_inst.\u_bin_a_bcd_residuo.$ge$../design/bin_a_bcd.sv:29$12 ($ge).
Removed top 2 bits (of 6) from port A of cell top.$flatten\division_inst.\u_bin_a_bcd_residuo.$sub$../design/bin_a_bcd.sv:31$13 ($sub).
Removed top 27 bits (of 32) from port B of cell top.$flatten\division_inst.\u_bin_a_bcd_residuo.$sub$../design/bin_a_bcd.sv:31$13 ($sub).
Removed top 28 bits (of 32) from port Y of cell top.$flatten\division_inst.\u_bin_a_bcd_residuo.$sub$../design/bin_a_bcd.sv:31$13 ($sub).
Removed top 2 bits (of 5) from port B of cell top.$flatten\division_inst.\u_bin_a_bcd_residuo.$sub$../design/bin_a_bcd.sv:31$13 ($sub).
Removed top 2 bits (of 6) from port A of cell top.$flatten\division_inst.\u_bin_a_bcd_residuo.$ge$../design/bin_a_bcd.sv:33$14 ($ge).
Removed top 28 bits (of 32) from port B of cell top.$flatten\division_inst.\u_bin_a_bcd_residuo.$ge$../design/bin_a_bcd.sv:33$14 ($ge).
Removed top 2 bits (of 6) from port A of cell top.$flatten\division_inst.\u_bin_a_bcd_residuo.$sub$../design/bin_a_bcd.sv:35$15 ($sub).
Removed top 28 bits (of 32) from port B of cell top.$flatten\division_inst.\u_bin_a_bcd_residuo.$sub$../design/bin_a_bcd.sv:35$15 ($sub).
Removed top 28 bits (of 32) from port Y of cell top.$flatten\division_inst.\u_bin_a_bcd_residuo.$sub$../design/bin_a_bcd.sv:35$15 ($sub).
Removed top 3 bits (of 4) from mux cell top.$flatten\division_inst.\u_bin_a_bcd_residuo.$procmux$989 ($mux).
Removed top 2 bits (of 4) from mux cell top.$flatten\division_inst.\u_bin_a_bcd_residuo.$procmux$1022 ($mux).
Removed top 2 bits (of 4) from mux cell top.$flatten\division_inst.\u_bin_a_bcd_residuo.$procmux$1049 ($mux).
Removed top 1 bits (of 4) from mux cell top.$flatten\division_inst.\u_bin_a_bcd_residuo.$procmux$1070 ($mux).
Removed top 1 bits (of 4) from mux cell top.$flatten\division_inst.\u_bin_a_bcd_residuo.$procmux$1085 ($mux).
Removed top 1 bits (of 4) from mux cell top.$flatten\division_inst.\u_bin_a_bcd_residuo.$procmux$1094 ($mux).
Removed top 26 bits (of 32) from port B of cell top.$flatten\division_inst.\u_bin_a_bcd_cociente.$sub$../design/bin_a_bcd.sv:15$5 ($sub).
Removed top 28 bits (of 32) from port Y of cell top.$flatten\division_inst.\u_bin_a_bcd_cociente.$sub$../design/bin_a_bcd.sv:15$5 ($sub).
Removed top 2 bits (of 6) from port A of cell top.$flatten\division_inst.\u_bin_a_bcd_cociente.$sub$../design/bin_a_bcd.sv:15$5 ($sub).
Removed top 2 bits (of 6) from port B of cell top.$flatten\division_inst.\u_bin_a_bcd_cociente.$sub$../design/bin_a_bcd.sv:15$5 ($sub).
Removed top 26 bits (of 32) from port B of cell top.$flatten\division_inst.\u_bin_a_bcd_cociente.$ge$../design/bin_a_bcd.sv:17$6 ($ge).
Removed top 26 bits (of 32) from port B of cell top.$flatten\division_inst.\u_bin_a_bcd_cociente.$sub$../design/bin_a_bcd.sv:19$7 ($sub).
Removed top 28 bits (of 32) from port Y of cell top.$flatten\division_inst.\u_bin_a_bcd_cociente.$sub$../design/bin_a_bcd.sv:19$7 ($sub).
Removed top 2 bits (of 6) from port A of cell top.$flatten\division_inst.\u_bin_a_bcd_cociente.$sub$../design/bin_a_bcd.sv:19$7 ($sub).
Removed top 4 bits (of 6) from port B of cell top.$flatten\division_inst.\u_bin_a_bcd_cociente.$sub$../design/bin_a_bcd.sv:19$7 ($sub).
Removed top 26 bits (of 32) from port B of cell top.$flatten\division_inst.\u_bin_a_bcd_cociente.$ge$../design/bin_a_bcd.sv:21$8 ($ge).
Removed top 26 bits (of 32) from port B of cell top.$flatten\division_inst.\u_bin_a_bcd_cociente.$sub$../design/bin_a_bcd.sv:23$9 ($sub).
Removed top 28 bits (of 32) from port Y of cell top.$flatten\division_inst.\u_bin_a_bcd_cociente.$sub$../design/bin_a_bcd.sv:23$9 ($sub).
Removed top 2 bits (of 6) from port A of cell top.$flatten\division_inst.\u_bin_a_bcd_cociente.$sub$../design/bin_a_bcd.sv:23$9 ($sub).
Removed top 2 bits (of 6) from port B of cell top.$flatten\division_inst.\u_bin_a_bcd_cociente.$sub$../design/bin_a_bcd.sv:23$9 ($sub).
Removed top 27 bits (of 32) from port B of cell top.$flatten\division_inst.\u_bin_a_bcd_cociente.$ge$../design/bin_a_bcd.sv:25$10 ($ge).
Removed top 27 bits (of 32) from port B of cell top.$flatten\division_inst.\u_bin_a_bcd_cociente.$sub$../design/bin_a_bcd.sv:27$11 ($sub).
Removed top 28 bits (of 32) from port Y of cell top.$flatten\division_inst.\u_bin_a_bcd_cociente.$sub$../design/bin_a_bcd.sv:27$11 ($sub).
Removed top 2 bits (of 6) from port A of cell top.$flatten\division_inst.\u_bin_a_bcd_cociente.$sub$../design/bin_a_bcd.sv:27$11 ($sub).
Removed top 1 bits (of 5) from port B of cell top.$flatten\division_inst.\u_bin_a_bcd_cociente.$sub$../design/bin_a_bcd.sv:27$11 ($sub).
Removed top 27 bits (of 32) from port B of cell top.$flatten\division_inst.\u_bin_a_bcd_cociente.$ge$../design/bin_a_bcd.sv:29$12 ($ge).
Removed top 27 bits (of 32) from port B of cell top.$flatten\division_inst.\u_bin_a_bcd_cociente.$sub$../design/bin_a_bcd.sv:31$13 ($sub).
Removed top 28 bits (of 32) from port Y of cell top.$flatten\division_inst.\u_bin_a_bcd_cociente.$sub$../design/bin_a_bcd.sv:31$13 ($sub).
Removed top 2 bits (of 6) from port A of cell top.$flatten\division_inst.\u_bin_a_bcd_cociente.$sub$../design/bin_a_bcd.sv:31$13 ($sub).
Removed top 2 bits (of 5) from port B of cell top.$flatten\division_inst.\u_bin_a_bcd_cociente.$sub$../design/bin_a_bcd.sv:31$13 ($sub).
Removed top 28 bits (of 32) from port B of cell top.$flatten\division_inst.\u_bin_a_bcd_cociente.$ge$../design/bin_a_bcd.sv:33$14 ($ge).
Removed top 28 bits (of 32) from port B of cell top.$flatten\division_inst.\u_bin_a_bcd_cociente.$sub$../design/bin_a_bcd.sv:35$15 ($sub).
Removed top 28 bits (of 32) from port Y of cell top.$flatten\division_inst.\u_bin_a_bcd_cociente.$sub$../design/bin_a_bcd.sv:35$15 ($sub).
Removed top 2 bits (of 6) from port A of cell top.$flatten\division_inst.\u_bin_a_bcd_cociente.$sub$../design/bin_a_bcd.sv:35$15 ($sub).
Removed top 3 bits (of 4) from mux cell top.$flatten\division_inst.\u_bin_a_bcd_cociente.$procmux$989 ($mux).
Removed top 2 bits (of 4) from mux cell top.$flatten\division_inst.\u_bin_a_bcd_cociente.$procmux$1022 ($mux).
Removed top 2 bits (of 4) from mux cell top.$flatten\division_inst.\u_bin_a_bcd_cociente.$procmux$1049 ($mux).
Removed top 1 bits (of 4) from mux cell top.$flatten\division_inst.\u_bin_a_bcd_cociente.$procmux$1070 ($mux).
Removed top 1 bits (of 4) from mux cell top.$flatten\division_inst.\u_bin_a_bcd_cociente.$procmux$1085 ($mux).
Removed top 1 bits (of 4) from mux cell top.$flatten\division_inst.\u_bin_a_bcd_cociente.$procmux$1094 ($mux).
Removed top 2 bits (of 6) from port B of cell top.$flatten\division_inst.\u_divisor.$sub$../design/divisor.sv:57$51 ($sub).
Removed top 28 bits (of 32) from port A of cell top.$flatten\division_inst.\u_divisor.$neg$../design/divisor.sv:0$60 ($neg).
Converting cell top.$flatten\division_inst.\u_divisor.$neg$../design/divisor.sv:0$60 ($neg) from signed to unsigned.
Removed top 1 bits (of 4) from port A of cell top.$flatten\division_inst.\u_divisor.$neg$../design/divisor.sv:0$60 ($neg).
Removed top 31 bits (of 32) from port B of cell top.$flatten\division_inst.\u_divisor.$sub$../design/divisor.sv:75$78 ($sub).
Removed top 29 bits (of 32) from port Y of cell top.$flatten\division_inst.\u_divisor.$sub$../design/divisor.sv:75$78 ($sub).
Removed top 1 bits (of 3) from port B of cell top.$flatten\division_inst.\u_divisor.$procmux$816_CMP0 ($eq).
Removed top 1 bits (of 3) from port B of cell top.$flatten\division_inst.\u_divisor.$procmux$931_CMP0 ($eq).
Removed top 2 bits (of 3) from port B of cell top.$flatten\division_inst.\u_divisor.$procmux$941_CMP0 ($eq).
Removed top 28 bits (of 31) from port B of cell top.$flatten\division_inst.\u_input_div.$mul$../design/entrada_div.sv:63$86 ($mul).
Removed top 24 bits (of 31) from port Y of cell top.$flatten\division_inst.\u_input_div.$mul$../design/entrada_div.sv:63$86 ($mul).
Removed top 24 bits (of 32) from port A of cell top.$flatten\division_inst.\u_input_div.$add$../design/entrada_div.sv:63$87 ($add).
Removed top 26 bits (of 32) from port Y of cell top.$flatten\division_inst.\u_input_div.$add$../design/entrada_div.sv:63$87 ($add).
Removed top 2 bits (of 8) from port A of cell top.$flatten\division_inst.\u_input_div.$add$../design/entrada_div.sv:63$87 ($add).
Removed top 28 bits (of 31) from port B of cell top.$flatten\division_inst.\u_input_div.$mul$../design/entrada_div.sv:89$93 ($mul).
Removed top 24 bits (of 31) from port Y of cell top.$flatten\division_inst.\u_input_div.$mul$../design/entrada_div.sv:89$93 ($mul).
Removed top 24 bits (of 32) from port A of cell top.$flatten\division_inst.\u_input_div.$add$../design/entrada_div.sv:89$94 ($add).
Removed top 23 bits (of 32) from port Y of cell top.$flatten\division_inst.\u_input_div.$add$../design/entrada_div.sv:89$94 ($add).
Removed top 23 bits (of 32) from port A of cell top.$flatten\division_inst.\u_input_div.$gt$../design/entrada_div.sv:89$95 ($gt).
Removed top 28 bits (of 32) from port B of cell top.$flatten\division_inst.\u_input_div.$gt$../design/entrada_div.sv:89$95 ($gt).
Removed top 8 bits (of 16) from mux cell top.$flatten\division_inst.\u_input_div.$procmux$748 ($mux).
Removed top 8 bits (of 16) from mux cell top.$flatten\division_inst.\u_input_div.$procmux$751 ($mux).
Removed top 8 bits (of 16) from mux cell top.$flatten\division_inst.\u_input_div.$procmux$758 ($mux).
Removed top 2 bits (of 6) from port A of cell top.$flatten\division_inst.\u_bin_a_bcd_divisor.$ge$../design/bin_a_bcd.sv:13$4 ($ge).
Removed top 26 bits (of 32) from port B of cell top.$flatten\division_inst.\u_bin_a_bcd_divisor.$ge$../design/bin_a_bcd.sv:13$4 ($ge).
Removed top 2 bits (of 6) from port A of cell top.$flatten\division_inst.\u_bin_a_bcd_residuo.$ge$../design/bin_a_bcd.sv:13$4 ($ge).
Removed top 26 bits (of 32) from port B of cell top.$flatten\division_inst.\u_bin_a_bcd_residuo.$ge$../design/bin_a_bcd.sv:13$4 ($ge).
Removed top 26 bits (of 32) from port B of cell top.$flatten\division_inst.\u_bin_a_bcd_cociente.$ge$../design/bin_a_bcd.sv:13$4 ($ge).
Removed top 1 bits (of 2) from port B of cell top.$flatten\display_inst.$procmux$968_CMP0 ($eq).
Removed top 2 bits (of 7) from port Y of cell top.$flatten\division_inst.\u_input_div.$mul$../design/entrada_div.sv:63$86 ($mul).
Removed top 1 bits (of 4) from wire top.$flatten\division_inst.\u_bin_a_bcd_cociente.$2\decenas[3:0].
Removed top 1 bits (of 4) from wire top.$flatten\division_inst.\u_bin_a_bcd_cociente.$3\decenas[3:0].
Removed top 2 bits (of 4) from wire top.$flatten\division_inst.\u_bin_a_bcd_cociente.$4\decenas[3:0].
Removed top 2 bits (of 4) from wire top.$flatten\division_inst.\u_bin_a_bcd_cociente.$5\decenas[3:0].
Removed top 3 bits (of 4) from wire top.$flatten\division_inst.\u_bin_a_bcd_cociente.$6\decenas[3:0].
Removed top 28 bits (of 32) from wire top.$flatten\division_inst.\u_bin_a_bcd_cociente.$sub$../design/bin_a_bcd.sv:15$5_Y.
Removed top 28 bits (of 32) from wire top.$flatten\division_inst.\u_bin_a_bcd_cociente.$sub$../design/bin_a_bcd.sv:19$7_Y.
Removed top 28 bits (of 32) from wire top.$flatten\division_inst.\u_bin_a_bcd_cociente.$sub$../design/bin_a_bcd.sv:27$11_Y.
Removed top 1 bits (of 4) from wire top.$flatten\division_inst.\u_bin_a_bcd_divisor.$2\decenas[3:0].
Removed top 1 bits (of 4) from wire top.$flatten\division_inst.\u_bin_a_bcd_divisor.$3\decenas[3:0].
Removed top 2 bits (of 4) from wire top.$flatten\division_inst.\u_bin_a_bcd_divisor.$4\decenas[3:0].
Removed top 2 bits (of 4) from wire top.$flatten\division_inst.\u_bin_a_bcd_divisor.$5\decenas[3:0].
Removed top 3 bits (of 4) from wire top.$flatten\division_inst.\u_bin_a_bcd_divisor.$6\decenas[3:0].
Removed top 28 bits (of 32) from wire top.$flatten\division_inst.\u_bin_a_bcd_divisor.$sub$../design/bin_a_bcd.sv:15$5_Y.
Removed top 28 bits (of 32) from wire top.$flatten\division_inst.\u_bin_a_bcd_divisor.$sub$../design/bin_a_bcd.sv:19$7_Y.
Removed top 28 bits (of 32) from wire top.$flatten\division_inst.\u_bin_a_bcd_divisor.$sub$../design/bin_a_bcd.sv:23$9_Y.

16.7.9. Executing PEEPOPT pass (run peephole optimizers).

16.7.10. Executing OPT_CLEAN pass (remove unused cells and wires).
Finding unused cells or wires in module \top..
Removed 0 unused cells and 16 unused wires.
<suppressed ~1 debug messages>

16.7.11. Executing ALUMACC pass (create $alu and $macc cells).
Extracting $alu and $macc cells in module top:
  creating $macc model for $flatten\display_inst.\controller.$add$../design/anode_control.sv:29$2 ($add).
  creating $macc model for $flatten\display_inst.\timer.$add$../design/clk_divider.sv:14$17 ($add).
  creating $macc model for $flatten\division_inst.\u_bin_a_bcd_cociente.$sub$../design/bin_a_bcd.sv:15$5 ($sub).
  creating $macc model for $flatten\division_inst.\u_bin_a_bcd_cociente.$sub$../design/bin_a_bcd.sv:19$7 ($sub).
  creating $macc model for $flatten\division_inst.\u_bin_a_bcd_cociente.$sub$../design/bin_a_bcd.sv:23$9 ($sub).
  creating $macc model for $flatten\division_inst.\u_bin_a_bcd_cociente.$sub$../design/bin_a_bcd.sv:27$11 ($sub).
  creating $macc model for $flatten\division_inst.\u_bin_a_bcd_cociente.$sub$../design/bin_a_bcd.sv:31$13 ($sub).
  creating $macc model for $flatten\division_inst.\u_bin_a_bcd_cociente.$sub$../design/bin_a_bcd.sv:35$15 ($sub).
  creating $macc model for $flatten\division_inst.\u_bin_a_bcd_divisor.$sub$../design/bin_a_bcd.sv:15$5 ($sub).
  creating $macc model for $flatten\division_inst.\u_bin_a_bcd_divisor.$sub$../design/bin_a_bcd.sv:19$7 ($sub).
  creating $macc model for $flatten\division_inst.\u_bin_a_bcd_divisor.$sub$../design/bin_a_bcd.sv:23$9 ($sub).
  creating $macc model for $flatten\division_inst.\u_bin_a_bcd_divisor.$sub$../design/bin_a_bcd.sv:27$11 ($sub).
  creating $macc model for $flatten\division_inst.\u_bin_a_bcd_divisor.$sub$../design/bin_a_bcd.sv:31$13 ($sub).
  creating $macc model for $flatten\division_inst.\u_bin_a_bcd_divisor.$sub$../design/bin_a_bcd.sv:35$15 ($sub).
  creating $macc model for $flatten\division_inst.\u_bin_a_bcd_residuo.$sub$../design/bin_a_bcd.sv:15$5 ($sub).
  creating $macc model for $flatten\division_inst.\u_bin_a_bcd_residuo.$sub$../design/bin_a_bcd.sv:19$7 ($sub).
  creating $macc model for $flatten\division_inst.\u_bin_a_bcd_residuo.$sub$../design/bin_a_bcd.sv:23$9 ($sub).
  creating $macc model for $flatten\division_inst.\u_bin_a_bcd_residuo.$sub$../design/bin_a_bcd.sv:27$11 ($sub).
  creating $macc model for $flatten\division_inst.\u_bin_a_bcd_residuo.$sub$../design/bin_a_bcd.sv:31$13 ($sub).
  creating $macc model for $flatten\division_inst.\u_bin_a_bcd_residuo.$sub$../design/bin_a_bcd.sv:35$15 ($sub).
  creating $macc model for $flatten\division_inst.\u_divisor.$neg$../design/divisor.sv:0$60 ($neg).
  creating $macc model for $flatten\division_inst.\u_divisor.$sub$../design/divisor.sv:57$51 ($sub).
  creating $macc model for $flatten\division_inst.\u_divisor.$sub$../design/divisor.sv:75$78 ($sub).
  creating $macc model for $flatten\division_inst.\u_input_div.$add$../design/entrada_div.sv:63$87 ($add).
  creating $macc model for $flatten\division_inst.\u_input_div.$add$../design/entrada_div.sv:89$94 ($add).
  creating $macc model for $flatten\division_inst.\u_input_div.$mul$../design/entrada_div.sv:63$86 ($mul).
  creating $macc model for $flatten\division_inst.\u_input_div.$mul$../design/entrada_div.sv:89$93 ($mul).
  creating $macc model for $flatten\teclado_inst.\debouncer_inst.$add$../design/key_debouncer.sv:58$106 ($add).
  creating $macc model for $flatten\teclado_inst.\scanner_inst.$add$../design/key_scanner.sv:23$396 ($add).
  creating $macc model for $flatten\teclado_inst.\scanner_inst.$add$../design/key_scanner.sv:31$399 ($add).
  creating $alu model for $macc $flatten\teclado_inst.\scanner_inst.$add$../design/key_scanner.sv:31$399.
  creating $alu model for $macc $flatten\teclado_inst.\scanner_inst.$add$../design/key_scanner.sv:23$396.
  creating $alu model for $macc $flatten\teclado_inst.\debouncer_inst.$add$../design/key_debouncer.sv:58$106.
  creating $alu model for $macc $flatten\division_inst.\u_input_div.$add$../design/entrada_div.sv:89$94.
  creating $alu model for $macc $flatten\division_inst.\u_input_div.$add$../design/entrada_div.sv:63$87.
  creating $alu model for $macc $flatten\division_inst.\u_divisor.$sub$../design/divisor.sv:75$78.
  creating $alu model for $macc $flatten\division_inst.\u_divisor.$sub$../design/divisor.sv:57$51.
  creating $alu model for $macc $flatten\division_inst.\u_divisor.$neg$../design/divisor.sv:0$60.
  creating $alu model for $macc $flatten\division_inst.\u_bin_a_bcd_residuo.$sub$../design/bin_a_bcd.sv:35$15.
  creating $alu model for $macc $flatten\division_inst.\u_bin_a_bcd_residuo.$sub$../design/bin_a_bcd.sv:31$13.
  creating $alu model for $macc $flatten\division_inst.\u_bin_a_bcd_residuo.$sub$../design/bin_a_bcd.sv:27$11.
  creating $alu model for $macc $flatten\division_inst.\u_bin_a_bcd_residuo.$sub$../design/bin_a_bcd.sv:23$9.
  creating $alu model for $macc $flatten\division_inst.\u_bin_a_bcd_residuo.$sub$../design/bin_a_bcd.sv:19$7.
  creating $alu model for $macc $flatten\division_inst.\u_bin_a_bcd_residuo.$sub$../design/bin_a_bcd.sv:15$5.
  creating $alu model for $macc $flatten\division_inst.\u_bin_a_bcd_divisor.$sub$../design/bin_a_bcd.sv:35$15.
  creating $alu model for $macc $flatten\division_inst.\u_bin_a_bcd_divisor.$sub$../design/bin_a_bcd.sv:31$13.
  creating $alu model for $macc $flatten\division_inst.\u_bin_a_bcd_divisor.$sub$../design/bin_a_bcd.sv:27$11.
  creating $alu model for $macc $flatten\division_inst.\u_bin_a_bcd_divisor.$sub$../design/bin_a_bcd.sv:23$9.
  creating $alu model for $macc $flatten\division_inst.\u_bin_a_bcd_divisor.$sub$../design/bin_a_bcd.sv:19$7.
  creating $alu model for $macc $flatten\division_inst.\u_bin_a_bcd_divisor.$sub$../design/bin_a_bcd.sv:15$5.
  creating $alu model for $macc $flatten\division_inst.\u_bin_a_bcd_cociente.$sub$../design/bin_a_bcd.sv:35$15.
  creating $alu model for $macc $flatten\division_inst.\u_bin_a_bcd_cociente.$sub$../design/bin_a_bcd.sv:31$13.
  creating $alu model for $macc $flatten\division_inst.\u_bin_a_bcd_cociente.$sub$../design/bin_a_bcd.sv:27$11.
  creating $alu model for $macc $flatten\division_inst.\u_bin_a_bcd_cociente.$sub$../design/bin_a_bcd.sv:23$9.
  creating $alu model for $macc $flatten\division_inst.\u_bin_a_bcd_cociente.$sub$../design/bin_a_bcd.sv:19$7.
  creating $alu model for $macc $flatten\division_inst.\u_bin_a_bcd_cociente.$sub$../design/bin_a_bcd.sv:15$5.
  creating $alu model for $macc $flatten\display_inst.\timer.$add$../design/clk_divider.sv:14$17.
  creating $alu model for $macc $flatten\display_inst.\controller.$add$../design/anode_control.sv:29$2.
  creating $macc cell for $flatten\division_inst.\u_input_div.$mul$../design/entrada_div.sv:89$93: $auto$alumacc.cc:365:replace_macc$1370
  creating $macc cell for $flatten\division_inst.\u_input_div.$mul$../design/entrada_div.sv:63$86: $auto$alumacc.cc:365:replace_macc$1371
  creating $alu model for $flatten\division_inst.\u_bin_a_bcd_cociente.$ge$../design/bin_a_bcd.sv:13$4 ($ge): new $alu
  creating $alu model for $flatten\division_inst.\u_bin_a_bcd_cociente.$ge$../design/bin_a_bcd.sv:17$6 ($ge): new $alu
  creating $alu model for $flatten\division_inst.\u_bin_a_bcd_cociente.$ge$../design/bin_a_bcd.sv:21$8 ($ge): new $alu
  creating $alu model for $flatten\division_inst.\u_bin_a_bcd_cociente.$ge$../design/bin_a_bcd.sv:25$10 ($ge): new $alu
  creating $alu model for $flatten\division_inst.\u_bin_a_bcd_cociente.$ge$../design/bin_a_bcd.sv:29$12 ($ge): new $alu
  creating $alu model for $flatten\division_inst.\u_bin_a_bcd_cociente.$ge$../design/bin_a_bcd.sv:33$14 ($ge): new $alu
  creating $alu model for $flatten\division_inst.\u_bin_a_bcd_divisor.$ge$../design/bin_a_bcd.sv:13$4 ($ge): new $alu
  creating $alu model for $flatten\division_inst.\u_bin_a_bcd_divisor.$ge$../design/bin_a_bcd.sv:17$6 ($ge): new $alu
  creating $alu model for $flatten\division_inst.\u_bin_a_bcd_divisor.$ge$../design/bin_a_bcd.sv:21$8 ($ge): new $alu
  creating $alu model for $flatten\division_inst.\u_bin_a_bcd_divisor.$ge$../design/bin_a_bcd.sv:25$10 ($ge): new $alu
  creating $alu model for $flatten\division_inst.\u_bin_a_bcd_divisor.$ge$../design/bin_a_bcd.sv:29$12 ($ge): new $alu
  creating $alu model for $flatten\division_inst.\u_bin_a_bcd_divisor.$ge$../design/bin_a_bcd.sv:33$14 ($ge): merged with $flatten\division_inst.\u_bin_a_bcd_divisor.$sub$../design/bin_a_bcd.sv:35$15.
  creating $alu model for $flatten\division_inst.\u_bin_a_bcd_residuo.$ge$../design/bin_a_bcd.sv:13$4 ($ge): new $alu
  creating $alu model for $flatten\division_inst.\u_bin_a_bcd_residuo.$ge$../design/bin_a_bcd.sv:17$6 ($ge): new $alu
  creating $alu model for $flatten\division_inst.\u_bin_a_bcd_residuo.$ge$../design/bin_a_bcd.sv:21$8 ($ge): new $alu
  creating $alu model for $flatten\division_inst.\u_bin_a_bcd_residuo.$ge$../design/bin_a_bcd.sv:25$10 ($ge): new $alu
  creating $alu model for $flatten\division_inst.\u_bin_a_bcd_residuo.$ge$../design/bin_a_bcd.sv:29$12 ($ge): new $alu
  creating $alu model for $flatten\division_inst.\u_bin_a_bcd_residuo.$ge$../design/bin_a_bcd.sv:33$14 ($ge): merged with $flatten\division_inst.\u_bin_a_bcd_residuo.$sub$../design/bin_a_bcd.sv:35$15.
  creating $alu model for $flatten\division_inst.\u_input_div.$gt$../design/entrada_div.sv:89$95 ($gt): new $alu
  creating $alu model for $flatten\division_inst.\u_input_div.$le$../design/entrada_div.sv:53$83 ($le): new $alu
  creating $alu model for $flatten\teclado_inst.\debouncer_inst.$ge$../design/key_debouncer.sv:53$105 ($ge): new $alu
  creating $alu model for $flatten\teclado_inst.\scanner_inst.$ge$../design/key_scanner.sv:15$394 ($ge): new $alu
  creating $alu cell for $flatten\teclado_inst.\scanner_inst.$ge$../design/key_scanner.sv:15$394: $auto$alumacc.cc:485:replace_alu$1392
  creating $alu cell for $flatten\teclado_inst.\debouncer_inst.$ge$../design/key_debouncer.sv:53$105: $auto$alumacc.cc:485:replace_alu$1401
  creating $alu cell for $flatten\division_inst.\u_input_div.$le$../design/entrada_div.sv:53$83: $auto$alumacc.cc:485:replace_alu$1410
  creating $alu cell for $flatten\division_inst.\u_input_div.$gt$../design/entrada_div.sv:89$95: $auto$alumacc.cc:485:replace_alu$1419
  creating $alu cell for $flatten\division_inst.\u_bin_a_bcd_residuo.$ge$../design/bin_a_bcd.sv:29$12: $auto$alumacc.cc:485:replace_alu$1424
  creating $alu cell for $flatten\division_inst.\u_bin_a_bcd_residuo.$ge$../design/bin_a_bcd.sv:25$10: $auto$alumacc.cc:485:replace_alu$1437
  creating $alu cell for $flatten\division_inst.\u_bin_a_bcd_residuo.$ge$../design/bin_a_bcd.sv:21$8: $auto$alumacc.cc:485:replace_alu$1450
  creating $alu cell for $flatten\division_inst.\u_bin_a_bcd_residuo.$ge$../design/bin_a_bcd.sv:17$6: $auto$alumacc.cc:485:replace_alu$1463
  creating $alu cell for $flatten\division_inst.\u_bin_a_bcd_residuo.$ge$../design/bin_a_bcd.sv:13$4: $auto$alumacc.cc:485:replace_alu$1476
  creating $alu cell for $flatten\division_inst.\u_bin_a_bcd_divisor.$ge$../design/bin_a_bcd.sv:29$12: $auto$alumacc.cc:485:replace_alu$1489
  creating $alu cell for $flatten\division_inst.\u_bin_a_bcd_divisor.$ge$../design/bin_a_bcd.sv:25$10: $auto$alumacc.cc:485:replace_alu$1502
  creating $alu cell for $flatten\division_inst.\u_bin_a_bcd_divisor.$ge$../design/bin_a_bcd.sv:21$8: $auto$alumacc.cc:485:replace_alu$1515
  creating $alu cell for $flatten\division_inst.\u_bin_a_bcd_divisor.$ge$../design/bin_a_bcd.sv:17$6: $auto$alumacc.cc:485:replace_alu$1528
  creating $alu cell for $flatten\division_inst.\u_bin_a_bcd_divisor.$ge$../design/bin_a_bcd.sv:13$4: $auto$alumacc.cc:485:replace_alu$1541
  creating $alu cell for $flatten\division_inst.\u_bin_a_bcd_cociente.$ge$../design/bin_a_bcd.sv:33$14: $auto$alumacc.cc:485:replace_alu$1554
  creating $alu cell for $flatten\division_inst.\u_bin_a_bcd_cociente.$ge$../design/bin_a_bcd.sv:29$12: $auto$alumacc.cc:485:replace_alu$1563
  creating $alu cell for $flatten\division_inst.\u_bin_a_bcd_cociente.$ge$../design/bin_a_bcd.sv:25$10: $auto$alumacc.cc:485:replace_alu$1572
  creating $alu cell for $flatten\division_inst.\u_bin_a_bcd_cociente.$ge$../design/bin_a_bcd.sv:21$8: $auto$alumacc.cc:485:replace_alu$1581
  creating $alu cell for $flatten\division_inst.\u_bin_a_bcd_cociente.$ge$../design/bin_a_bcd.sv:17$6: $auto$alumacc.cc:485:replace_alu$1590
  creating $alu cell for $flatten\division_inst.\u_bin_a_bcd_cociente.$ge$../design/bin_a_bcd.sv:13$4: $auto$alumacc.cc:485:replace_alu$1599
  creating $alu cell for $flatten\display_inst.\controller.$add$../design/anode_control.sv:29$2: $auto$alumacc.cc:485:replace_alu$1608
  creating $alu cell for $flatten\display_inst.\timer.$add$../design/clk_divider.sv:14$17: $auto$alumacc.cc:485:replace_alu$1611
  creating $alu cell for $flatten\division_inst.\u_bin_a_bcd_cociente.$sub$../design/bin_a_bcd.sv:15$5: $auto$alumacc.cc:485:replace_alu$1614
  creating $alu cell for $flatten\division_inst.\u_bin_a_bcd_cociente.$sub$../design/bin_a_bcd.sv:19$7: $auto$alumacc.cc:485:replace_alu$1617
  creating $alu cell for $flatten\division_inst.\u_bin_a_bcd_cociente.$sub$../design/bin_a_bcd.sv:23$9: $auto$alumacc.cc:485:replace_alu$1620
  creating $alu cell for $flatten\division_inst.\u_bin_a_bcd_cociente.$sub$../design/bin_a_bcd.sv:27$11: $auto$alumacc.cc:485:replace_alu$1623
  creating $alu cell for $flatten\division_inst.\u_bin_a_bcd_cociente.$sub$../design/bin_a_bcd.sv:31$13: $auto$alumacc.cc:485:replace_alu$1626
  creating $alu cell for $flatten\division_inst.\u_bin_a_bcd_cociente.$sub$../design/bin_a_bcd.sv:35$15: $auto$alumacc.cc:485:replace_alu$1629
  creating $alu cell for $flatten\division_inst.\u_bin_a_bcd_divisor.$sub$../design/bin_a_bcd.sv:15$5: $auto$alumacc.cc:485:replace_alu$1632
  creating $alu cell for $flatten\division_inst.\u_bin_a_bcd_divisor.$sub$../design/bin_a_bcd.sv:19$7: $auto$alumacc.cc:485:replace_alu$1635
  creating $alu cell for $flatten\division_inst.\u_bin_a_bcd_divisor.$sub$../design/bin_a_bcd.sv:23$9: $auto$alumacc.cc:485:replace_alu$1638
  creating $alu cell for $flatten\division_inst.\u_bin_a_bcd_divisor.$sub$../design/bin_a_bcd.sv:27$11: $auto$alumacc.cc:485:replace_alu$1641
  creating $alu cell for $flatten\division_inst.\u_bin_a_bcd_divisor.$sub$../design/bin_a_bcd.sv:31$13: $auto$alumacc.cc:485:replace_alu$1644
  creating $alu cell for $flatten\division_inst.\u_bin_a_bcd_divisor.$sub$../design/bin_a_bcd.sv:35$15, $flatten\division_inst.\u_bin_a_bcd_divisor.$ge$../design/bin_a_bcd.sv:33$14: $auto$alumacc.cc:485:replace_alu$1647
  creating $alu cell for $flatten\division_inst.\u_bin_a_bcd_residuo.$sub$../design/bin_a_bcd.sv:15$5: $auto$alumacc.cc:485:replace_alu$1660
  creating $alu cell for $flatten\division_inst.\u_bin_a_bcd_residuo.$sub$../design/bin_a_bcd.sv:19$7: $auto$alumacc.cc:485:replace_alu$1663
  creating $alu cell for $flatten\division_inst.\u_bin_a_bcd_residuo.$sub$../design/bin_a_bcd.sv:23$9: $auto$alumacc.cc:485:replace_alu$1666
  creating $alu cell for $flatten\division_inst.\u_bin_a_bcd_residuo.$sub$../design/bin_a_bcd.sv:27$11: $auto$alumacc.cc:485:replace_alu$1669
  creating $alu cell for $flatten\division_inst.\u_bin_a_bcd_residuo.$sub$../design/bin_a_bcd.sv:31$13: $auto$alumacc.cc:485:replace_alu$1672
  creating $alu cell for $flatten\division_inst.\u_bin_a_bcd_residuo.$sub$../design/bin_a_bcd.sv:35$15, $flatten\division_inst.\u_bin_a_bcd_residuo.$ge$../design/bin_a_bcd.sv:33$14: $auto$alumacc.cc:485:replace_alu$1675
  creating $alu cell for $flatten\division_inst.\u_divisor.$neg$../design/divisor.sv:0$60: $auto$alumacc.cc:485:replace_alu$1688
  creating $alu cell for $flatten\division_inst.\u_divisor.$sub$../design/divisor.sv:57$51: $auto$alumacc.cc:485:replace_alu$1691
  creating $alu cell for $flatten\division_inst.\u_divisor.$sub$../design/divisor.sv:75$78: $auto$alumacc.cc:485:replace_alu$1694
  creating $alu cell for $flatten\division_inst.\u_input_div.$add$../design/entrada_div.sv:63$87: $auto$alumacc.cc:485:replace_alu$1697
  creating $alu cell for $flatten\division_inst.\u_input_div.$add$../design/entrada_div.sv:89$94: $auto$alumacc.cc:485:replace_alu$1700
  creating $alu cell for $flatten\teclado_inst.\debouncer_inst.$add$../design/key_debouncer.sv:58$106: $auto$alumacc.cc:485:replace_alu$1703
  creating $alu cell for $flatten\teclado_inst.\scanner_inst.$add$../design/key_scanner.sv:23$396: $auto$alumacc.cc:485:replace_alu$1706
  creating $alu cell for $flatten\teclado_inst.\scanner_inst.$add$../design/key_scanner.sv:31$399: $auto$alumacc.cc:485:replace_alu$1709
  created 48 $alu and 2 $macc cells.

16.7.12. Executing SHARE pass (SAT-based resource sharing).

16.7.13. Executing OPT pass (performing simple optimizations).

16.7.13.1. Executing OPT_EXPR pass (perform const folding).
Optimizing module top.
<suppressed ~2 debug messages>

16.7.13.2. Executing OPT_MERGE pass (detect identical cells).
Finding identical cells in module `\top'.
Removed a total of 0 cells.

16.7.13.3. Executing OPT_MUXTREE pass (detect dead branches in mux trees).
Running muxtree optimizer on module \top..
  Creating internal representation of mux trees.
  Evaluating internal representation of mux trees.
  Analyzing evaluation results.
Removed 0 multiplexer ports.
<suppressed ~27 debug messages>

16.7.13.4. Executing OPT_REDUCE pass (consolidate $*mux and $reduce_* inputs).
  Optimizing cells in module \top.
Performed a total of 0 changes.

16.7.13.5. Executing OPT_MERGE pass (detect identical cells).
Finding identical cells in module `\top'.
Removed a total of 0 cells.

16.7.13.6. Executing OPT_DFF pass (perform DFF optimizations).

16.7.13.7. Executing OPT_CLEAN pass (remove unused cells and wires).
Finding unused cells or wires in module \top..
Removed 1 unused cells and 23 unused wires.
<suppressed ~2 debug messages>

16.7.13.8. Executing OPT_EXPR pass (perform const folding).
Optimizing module top.

16.7.13.9. Rerunning OPT passes. (Maybe there is more to do..)

16.7.13.10. Executing OPT_MUXTREE pass (detect dead branches in mux trees).
Running muxtree optimizer on module \top..
  Creating internal representation of mux trees.
  Evaluating internal representation of mux trees.
  Analyzing evaluation results.
Removed 0 multiplexer ports.
<suppressed ~27 debug messages>

16.7.13.11. Executing OPT_REDUCE pass (consolidate $*mux and $reduce_* inputs).
  Optimizing cells in module \top.
Performed a total of 0 changes.

16.7.13.12. Executing OPT_MERGE pass (detect identical cells).
Finding identical cells in module `\top'.
Removed a total of 0 cells.

16.7.13.13. Executing OPT_DFF pass (perform DFF optimizations).

16.7.13.14. Executing OPT_CLEAN pass (remove unused cells and wires).
Finding unused cells or wires in module \top..

16.7.13.15. Executing OPT_EXPR pass (perform const folding).
Optimizing module top.

16.7.13.16. Finished OPT passes. (There is nothing left to do.)

16.7.14. Executing MEMORY pass.

16.7.14.1. Executing OPT_MEM pass (optimize memories).
Performed a total of 0 transformations.

16.7.14.2. Executing OPT_MEM_PRIORITY pass (removing unnecessary memory write priority relations).
Performed a total of 0 transformations.

16.7.14.3. Executing OPT_MEM_FEEDBACK pass (finding memory read-to-write feedback paths).

16.7.14.4. Executing MEMORY_BMUX2ROM pass (converting muxes to ROMs).

16.7.14.5. Executing MEMORY_DFF pass (merging $dff cells to $memrd).
Checking read port `$flatten\display_inst.\decoder.$auto$proc_rom.cc:150:do_switch$402'[0] in module `\top': no output FF found.
Checking read port address `$flatten\display_inst.\decoder.$auto$proc_rom.cc:150:do_switch$402'[0] in module `\top': no address FF found.

16.7.14.6. Executing OPT_CLEAN pass (remove unused cells and wires).
Finding unused cells or wires in module \top..

16.7.14.7. Executing MEMORY_SHARE pass (consolidating $memrd/$memwr cells).

16.7.14.8. Executing OPT_MEM_WIDEN pass (optimize memories where all ports are wide).
Performed a total of 0 transformations.

16.7.14.9. Executing OPT_CLEAN pass (remove unused cells and wires).
Finding unused cells or wires in module \top..

16.7.14.10. Executing MEMORY_COLLECT pass (generating $mem cells).

16.7.15. Executing OPT_CLEAN pass (remove unused cells and wires).
Finding unused cells or wires in module \top..

16.8. Executing MEMORY_LIBMAP pass (mapping memories to cells).
using FF mapping for memory top.$flatten\display_inst.\decoder.$auto$proc_rom.cc:150:do_switch$402
<suppressed ~6 debug messages>

16.9. Executing TECHMAP pass (map to technology primitives).

16.9.1. Executing Verilog-2005 frontend: c:\Users\Daniel\DOWNLO~1\OSS-CA~1\bin\../share/yosys/gowin/lutrams_map.v
Parsing Verilog input from `c:\Users\Daniel\DOWNLO~1\OSS-CA~1\bin\../share/yosys/gowin/lutrams_map.v' to AST representation.
Generating RTLIL representation for module `\$__GOWIN_LUTRAM_'.
Successfully finished Verilog frontend.

16.9.2. Executing Verilog-2005 frontend: c:\Users\Daniel\DOWNLO~1\OSS-CA~1\bin\../share/yosys/gowin/brams_map.v
Parsing Verilog input from `c:\Users\Daniel\DOWNLO~1\OSS-CA~1\bin\../share/yosys/gowin/brams_map.v' to AST representation.
Generating RTLIL representation for module `\$__GOWIN_SP_'.
Generating RTLIL representation for module `\$__GOWIN_DP_'.
Generating RTLIL representation for module `\$__GOWIN_SDP_'.
Successfully finished Verilog frontend.

16.9.3. Continuing TECHMAP pass.
No more expansions possible.
<suppressed ~6 debug messages>

16.10. Executing OPT pass (performing simple optimizations).

16.10.1. Executing OPT_EXPR pass (perform const folding).
Optimizing module top.
<suppressed ~104 debug messages>

16.10.2. Executing OPT_MERGE pass (detect identical cells).
Finding identical cells in module `\top'.
<suppressed ~132 debug messages>
Removed a total of 42 cells.

16.10.3. Executing OPT_DFF pass (perform DFF optimizations).

16.10.4. Executing OPT_CLEAN pass (remove unused cells and wires).
Finding unused cells or wires in module \top..
Removed 19 unused cells and 137 unused wires.
<suppressed ~20 debug messages>

16.10.5. Finished fast OPT passes.

16.11. Executing MEMORY_MAP pass (converting memories to logic and flip-flops).
Mapping memory $flatten\display_inst.\decoder.$auto$proc_rom.cc:150:do_switch$402 in module \top:
  created 16 $dff cells and 0 static cells of width 7.
  read interface: 0 $dff and 15 $mux cells.
  write interface: 0 write mux blocks.

16.12. Executing OPT pass (performing simple optimizations).

16.12.1. Executing OPT_EXPR pass (perform const folding).
Optimizing module top.

16.12.2. Executing OPT_MERGE pass (detect identical cells).
Finding identical cells in module `\top'.
Removed a total of 0 cells.

16.12.3. Executing OPT_MUXTREE pass (detect dead branches in mux trees).
Running muxtree optimizer on module \top..
  Creating internal representation of mux trees.
  Evaluating internal representation of mux trees.
  Analyzing evaluation results.
Removed 0 multiplexer ports.
<suppressed ~26 debug messages>

16.12.4. Executing OPT_REDUCE pass (consolidate $*mux and $reduce_* inputs).
  Optimizing cells in module \top.
    Consolidated identical input bits for $mux cell $memory$flatten\display_inst.\decoder.$auto$proc_rom.cc:150:do_switch$402$rdmux[0][3][6]$2073:
      Old ports: A=7'1000110, B=7'0100001, Y=$memory$flatten\display_inst.\decoder.$auto$proc_rom.cc:150:do_switch$402$rdmux[0][2][3]$a$2053
      New ports: A=2'10, B=2'01, Y=$memory$flatten\display_inst.\decoder.$auto$proc_rom.cc:150:do_switch$402$rdmux[0][2][3]$a$2053 [1:0]
      New connections: $memory$flatten\display_inst.\decoder.$auto$proc_rom.cc:150:do_switch$402$rdmux[0][2][3]$a$2053 [6:2] = { $memory$flatten\display_inst.\decoder.$auto$proc_rom.cc:150:do_switch$402$rdmux[0][2][3]$a$2053 [1:0] 2'00 $memory$flatten\display_inst.\decoder.$auto$proc_rom.cc:150:do_switch$402$rdmux[0][2][3]$a$2053 [1] }
    Consolidated identical input bits for $mux cell $memory$flatten\display_inst.\decoder.$auto$proc_rom.cc:150:do_switch$402$rdmux[0][3][5]$2070:
      Old ports: A=7'0001000, B=7'0000011, Y=$memory$flatten\display_inst.\decoder.$auto$proc_rom.cc:150:do_switch$402$rdmux[0][2][2]$b$2051
      New ports: A=2'10, B=2'01, Y={ $memory$flatten\display_inst.\decoder.$auto$proc_rom.cc:150:do_switch$402$rdmux[0][2][2]$b$2051 [3] $memory$flatten\display_inst.\decoder.$auto$proc_rom.cc:150:do_switch$402$rdmux[0][2][2]$b$2051 [0] }
      New connections: { $memory$flatten\display_inst.\decoder.$auto$proc_rom.cc:150:do_switch$402$rdmux[0][2][2]$b$2051 [6:4] $memory$flatten\display_inst.\decoder.$auto$proc_rom.cc:150:do_switch$402$rdmux[0][2][2]$b$2051 [2:1] } = { 4'0000 $memory$flatten\display_inst.\decoder.$auto$proc_rom.cc:150:do_switch$402$rdmux[0][2][2]$b$2051 [0] }
    Consolidated identical input bits for $mux cell $memory$flatten\display_inst.\decoder.$auto$proc_rom.cc:150:do_switch$402$rdmux[0][3][4]$2067:
      Old ports: A=7'0000000, B=7'0010000, Y=$memory$flatten\display_inst.\decoder.$auto$proc_rom.cc:150:do_switch$402$rdmux[0][2][2]$a$2050
      New ports: A=1'0, B=1'1, Y=$memory$flatten\display_inst.\decoder.$auto$proc_rom.cc:150:do_switch$402$rdmux[0][2][2]$a$2050 [4]
      New connections: { $memory$flatten\display_inst.\decoder.$auto$proc_rom.cc:150:do_switch$402$rdmux[0][2][2]$a$2050 [6:5] $memory$flatten\display_inst.\decoder.$auto$proc_rom.cc:150:do_switch$402$rdmux[0][2][2]$a$2050 [3:0] } = 6'000000
    Consolidated identical input bits for $mux cell $memory$flatten\display_inst.\decoder.$auto$proc_rom.cc:150:do_switch$402$rdmux[0][3][3]$2064:
      Old ports: A=7'0000010, B=7'1111000, Y=$memory$flatten\display_inst.\decoder.$auto$proc_rom.cc:150:do_switch$402$rdmux[0][2][1]$b$2048
      New ports: A=2'01, B=2'10, Y={ $memory$flatten\display_inst.\decoder.$auto$proc_rom.cc:150:do_switch$402$rdmux[0][2][1]$b$2048 [3] $memory$flatten\display_inst.\decoder.$auto$proc_rom.cc:150:do_switch$402$rdmux[0][2][1]$b$2048 [1] }
      New connections: { $memory$flatten\display_inst.\decoder.$auto$proc_rom.cc:150:do_switch$402$rdmux[0][2][1]$b$2048 [6:4] $memory$flatten\display_inst.\decoder.$auto$proc_rom.cc:150:do_switch$402$rdmux[0][2][1]$b$2048 [2] $memory$flatten\display_inst.\decoder.$auto$proc_rom.cc:150:do_switch$402$rdmux[0][2][1]$b$2048 [0] } = { $memory$flatten\display_inst.\decoder.$auto$proc_rom.cc:150:do_switch$402$rdmux[0][2][1]$b$2048 [3] $memory$flatten\display_inst.\decoder.$auto$proc_rom.cc:150:do_switch$402$rdmux[0][2][1]$b$2048 [3] $memory$flatten\display_inst.\decoder.$auto$proc_rom.cc:150:do_switch$402$rdmux[0][2][1]$b$2048 [3] 2'00 }
    Consolidated identical input bits for $mux cell $memory$flatten\display_inst.\decoder.$auto$proc_rom.cc:150:do_switch$402$rdmux[0][3][2]$2061:
      Old ports: A=7'0011001, B=7'0010010, Y=$memory$flatten\display_inst.\decoder.$auto$proc_rom.cc:150:do_switch$402$rdmux[0][2][1]$a$2047
      New ports: A=2'01, B=2'10, Y=$memory$flatten\display_inst.\decoder.$auto$proc_rom.cc:150:do_switch$402$rdmux[0][2][1]$a$2047 [1:0]
      New connections: $memory$flatten\display_inst.\decoder.$auto$proc_rom.cc:150:do_switch$402$rdmux[0][2][1]$a$2047 [6:2] = { 3'001 $memory$flatten\display_inst.\decoder.$auto$proc_rom.cc:150:do_switch$402$rdmux[0][2][1]$a$2047 [0] 1'0 }
    Consolidated identical input bits for $mux cell $memory$flatten\display_inst.\decoder.$auto$proc_rom.cc:150:do_switch$402$rdmux[0][3][1]$2058:
      Old ports: A=7'0100100, B=7'0110000, Y=$memory$flatten\display_inst.\decoder.$auto$proc_rom.cc:150:do_switch$402$rdmux[0][2][0]$b$2045
      New ports: A=2'01, B=2'10, Y={ $memory$flatten\display_inst.\decoder.$auto$proc_rom.cc:150:do_switch$402$rdmux[0][2][0]$b$2045 [4] $memory$flatten\display_inst.\decoder.$auto$proc_rom.cc:150:do_switch$402$rdmux[0][2][0]$b$2045 [2] }
      New connections: { $memory$flatten\display_inst.\decoder.$auto$proc_rom.cc:150:do_switch$402$rdmux[0][2][0]$b$2045 [6:5] $memory$flatten\display_inst.\decoder.$auto$proc_rom.cc:150:do_switch$402$rdmux[0][2][0]$b$2045 [3] $memory$flatten\display_inst.\decoder.$auto$proc_rom.cc:150:do_switch$402$rdmux[0][2][0]$b$2045 [1:0] } = 5'01000
    Consolidated identical input bits for $mux cell $memory$flatten\display_inst.\decoder.$auto$proc_rom.cc:150:do_switch$402$rdmux[0][3][0]$2055:
      Old ports: A=7'1000000, B=7'1111001, Y=$memory$flatten\display_inst.\decoder.$auto$proc_rom.cc:150:do_switch$402$rdmux[0][2][0]$a$2044
      New ports: A=1'0, B=1'1, Y=$memory$flatten\display_inst.\decoder.$auto$proc_rom.cc:150:do_switch$402$rdmux[0][2][0]$a$2044 [0]
      New connections: $memory$flatten\display_inst.\decoder.$auto$proc_rom.cc:150:do_switch$402$rdmux[0][2][0]$a$2044 [6:1] = { 1'1 $memory$flatten\display_inst.\decoder.$auto$proc_rom.cc:150:do_switch$402$rdmux[0][2][0]$a$2044 [0] $memory$flatten\display_inst.\decoder.$auto$proc_rom.cc:150:do_switch$402$rdmux[0][2][0]$a$2044 [0] $memory$flatten\display_inst.\decoder.$auto$proc_rom.cc:150:do_switch$402$rdmux[0][2][0]$a$2044 [0] 2'00 }
    Consolidated identical input bits for $mux cell $memory$flatten\display_inst.\decoder.$auto$proc_rom.cc:150:do_switch$402$rdmux[0][3][7]$2076:
      Old ports: A=7'0000110, B=7'0001110, Y=$memory$flatten\display_inst.\decoder.$auto$proc_rom.cc:150:do_switch$402$rdmux[0][2][3]$b$2054
      New ports: A=1'0, B=1'1, Y=$memory$flatten\display_inst.\decoder.$auto$proc_rom.cc:150:do_switch$402$rdmux[0][2][3]$b$2054 [3]
      New connections: { $memory$flatten\display_inst.\decoder.$auto$proc_rom.cc:150:do_switch$402$rdmux[0][2][3]$b$2054 [6:4] $memory$flatten\display_inst.\decoder.$auto$proc_rom.cc:150:do_switch$402$rdmux[0][2][3]$b$2054 [2:0] } = 6'000110
    Consolidated identical input bits for $mux cell $flatten\division_inst.\u_bin_a_bcd_cociente.$procmux$971:
      Old ports: A=\division_inst.u_divisor.cociente [3:0], B={ $flatten\division_inst.\u_bin_a_bcd_cociente.$sub$../design/bin_a_bcd.sv:35$15_Y [3:1] \division_inst.u_divisor.cociente [0] }, Y=$flatten\division_inst.\u_bin_a_bcd_cociente.$6\unidades[3:0]
      New ports: A=\division_inst.u_divisor.cociente [3:1], B=$flatten\division_inst.\u_bin_a_bcd_cociente.$sub$../design/bin_a_bcd.sv:35$15_Y [3:1], Y=$flatten\division_inst.\u_bin_a_bcd_cociente.$6\unidades[3:0] [3:1]
      New connections: $flatten\division_inst.\u_bin_a_bcd_cociente.$6\unidades[3:0] [0] = \division_inst.u_divisor.cociente [0]
    Consolidated identical input bits for $mux cell $flatten\division_inst.\u_bin_a_bcd_divisor.$procmux$971:
      Old ports: A=\division_inst.u_input_div.divisor, B={ $flatten\division_inst.\u_bin_a_bcd_divisor.$sub$../design/bin_a_bcd.sv:35$15_Y [3:1] \division_inst.u_input_div.divisor [0] }, Y=$flatten\division_inst.\u_bin_a_bcd_divisor.$6\unidades[3:0]
      New ports: A=\division_inst.u_input_div.divisor [3:1], B=$flatten\division_inst.\u_bin_a_bcd_divisor.$sub$../design/bin_a_bcd.sv:35$15_Y [3:1], Y=$flatten\division_inst.\u_bin_a_bcd_divisor.$6\unidades[3:0] [3:1]
      New connections: $flatten\division_inst.\u_bin_a_bcd_divisor.$6\unidades[3:0] [0] = \division_inst.u_input_div.divisor [0]
    Consolidated identical input bits for $mux cell $flatten\division_inst.\u_bin_a_bcd_residuo.$procmux$971:
      Old ports: A=\division_inst.u_divisor.residuo, B={ $flatten\division_inst.\u_bin_a_bcd_residuo.$sub$../design/bin_a_bcd.sv:35$15_Y [3:1] \division_inst.u_divisor.residuo [0] }, Y=$flatten\division_inst.\u_bin_a_bcd_residuo.$6\unidades[3:0]
      New ports: A=\division_inst.u_divisor.residuo [3:1], B=$flatten\division_inst.\u_bin_a_bcd_residuo.$sub$../design/bin_a_bcd.sv:35$15_Y [3:1], Y=$flatten\division_inst.\u_bin_a_bcd_residuo.$6\unidades[3:0] [3:1]
      New connections: $flatten\division_inst.\u_bin_a_bcd_residuo.$6\unidades[3:0] [0] = \division_inst.u_divisor.residuo [0]
    Consolidated identical input bits for $mux cell $flatten\division_inst.\u_divisor.$procmux$935:
      Old ports: A=3'001, B=3'101, Y=$flatten\division_inst.\u_divisor.$procmux$935_Y
      New ports: A=1'0, B=1'1, Y=$flatten\division_inst.\u_divisor.$procmux$935_Y [2]
      New connections: $flatten\division_inst.\u_divisor.$procmux$935_Y [1:0] = 2'01
    Consolidated identical input bits for $mux cell $flatten\division_inst.\u_input_div.$procmux$758:
      Old ports: A={ 4'0000 \teclado_inst.debouncer_inst.key_out }, B={ \division_inst.u_input_div.decenas \teclado_inst.debouncer_inst.key_out }, Y=$flatten\division_inst.\u_input_div.$procmux$758_Y [7:0]
      New ports: A=4'0000, B=\division_inst.u_input_div.decenas, Y=$flatten\division_inst.\u_input_div.$procmux$758_Y [7:4]
      New connections: $flatten\division_inst.\u_input_div.$procmux$758_Y [3:0] = \teclado_inst.debouncer_inst.key_out
    Consolidated identical input bits for $mux cell $flatten\division_inst.\u_input_div.$procmux$783:
      Old ports: A={ 2'00 \teclado_inst.debouncer_inst.key_out }, B={ $flatten\division_inst.\u_input_div.$add$../design/entrada_div.sv:63$87_Y [5:1] \teclado_inst.debouncer_inst.key_out [0] }, Y=$flatten\division_inst.\u_input_div.$procmux$783_Y
      New ports: A={ 2'00 \teclado_inst.debouncer_inst.key_out [3:1] }, B=$flatten\division_inst.\u_input_div.$add$../design/entrada_div.sv:63$87_Y [5:1], Y=$flatten\division_inst.\u_input_div.$procmux$783_Y [5:1]
      New connections: $flatten\division_inst.\u_input_div.$procmux$783_Y [0] = \teclado_inst.debouncer_inst.key_out [0]
    Consolidated identical input bits for $pmux cell $flatten\division_inst.\u_selector_div.$procmux$460:
      Old ports: A={ 8'00000000 \division_inst.u_input_div.decenas \division_inst.u_input_div.unidades }, B={ 9'000000000 \division_inst.u_bin_a_bcd_divisor.decenas [2:0] \division_inst.u_bin_a_bcd_divisor.unidades 9'000000000 \division_inst.u_bin_a_bcd_cociente.decenas [2:0] \division_inst.u_bin_a_bcd_cociente.unidades 9'000000000 \division_inst.u_bin_a_bcd_residuo.decenas [2:0] \division_inst.u_bin_a_bcd_residuo.unidades }, Y=$flatten\division_inst.\u_selector_div.$2\num_out[15:0]
      New ports: A={ \division_inst.u_input_div.decenas \division_inst.u_input_div.unidades }, B={ 1'0 \division_inst.u_bin_a_bcd_divisor.decenas [2:0] \division_inst.u_bin_a_bcd_divisor.unidades 1'0 \division_inst.u_bin_a_bcd_cociente.decenas [2:0] \division_inst.u_bin_a_bcd_cociente.unidades 1'0 \division_inst.u_bin_a_bcd_residuo.decenas [2:0] \division_inst.u_bin_a_bcd_residuo.unidades }, Y=$flatten\division_inst.\u_selector_div.$2\num_out[15:0] [7:0]
      New connections: $flatten\division_inst.\u_selector_div.$2\num_out[15:0] [15:8] = 8'00000000
    New ctrl vector for $pmux cell $flatten\teclado_inst.\debouncer_inst.$procmux$665: $flatten\teclado_inst.\debouncer_inst.$procmux$654_CMP
    New ctrl vector for $pmux cell $flatten\teclado_inst.\debouncer_inst.$procmux$690: { \teclado_inst.scanner_inst.scan_enable $flatten\teclado_inst.\debouncer_inst.$procmux$654_CMP }
    Consolidated identical input bits for $mux cell $flatten\teclado_inst.\debouncer_inst.$procmux$696:
      Old ports: A=2'00, B=2'10, Y=$flatten\teclado_inst.\debouncer_inst.$procmux$696_Y
      New ports: A=1'0, B=1'1, Y=$flatten\teclado_inst.\debouncer_inst.$procmux$696_Y [1]
      New connections: $flatten\teclado_inst.\debouncer_inst.$procmux$696_Y [0] = 1'0
    Consolidated identical input bits for $pmux cell $flatten\teclado_inst.\decoder_inst.$procmux$486:
      Old ports: A=4'1111, B=12'111000001101, Y=$flatten\teclado_inst.\decoder_inst.$9\raw_key[3:0]
      New ports: A=3'111, B=9'110000101, Y=$flatten\teclado_inst.\decoder_inst.$9\raw_key[3:0] [2:0]
      New connections: $flatten\teclado_inst.\decoder_inst.$9\raw_key[3:0] [3] = $flatten\teclado_inst.\decoder_inst.$9\raw_key[3:0] [2]
  Optimizing cells in module \top.
    Consolidated identical input bits for $mux cell $memory$flatten\display_inst.\decoder.$auto$proc_rom.cc:150:do_switch$402$rdmux[0][2][3]$2052:
      Old ports: A=$memory$flatten\display_inst.\decoder.$auto$proc_rom.cc:150:do_switch$402$rdmux[0][2][3]$a$2053, B=$memory$flatten\display_inst.\decoder.$auto$proc_rom.cc:150:do_switch$402$rdmux[0][2][3]$b$2054, Y=$memory$flatten\display_inst.\decoder.$auto$proc_rom.cc:150:do_switch$402$rdmux[0][1][1]$b$2042
      New ports: A={ $memory$flatten\display_inst.\decoder.$auto$proc_rom.cc:150:do_switch$402$rdmux[0][2][3]$a$2053 [1] 1'0 $memory$flatten\display_inst.\decoder.$auto$proc_rom.cc:150:do_switch$402$rdmux[0][2][3]$a$2053 [1:0] }, B={ 1'0 $memory$flatten\display_inst.\decoder.$auto$proc_rom.cc:150:do_switch$402$rdmux[0][2][3]$b$2054 [3] 2'10 }, Y={ $memory$flatten\display_inst.\decoder.$auto$proc_rom.cc:150:do_switch$402$rdmux[0][1][1]$b$2042 [6] $memory$flatten\display_inst.\decoder.$auto$proc_rom.cc:150:do_switch$402$rdmux[0][1][1]$b$2042 [3] $memory$flatten\display_inst.\decoder.$auto$proc_rom.cc:150:do_switch$402$rdmux[0][1][1]$b$2042 [1:0] }
      New connections: { $memory$flatten\display_inst.\decoder.$auto$proc_rom.cc:150:do_switch$402$rdmux[0][1][1]$b$2042 [5:4] $memory$flatten\display_inst.\decoder.$auto$proc_rom.cc:150:do_switch$402$rdmux[0][1][1]$b$2042 [2] } = { $memory$flatten\display_inst.\decoder.$auto$proc_rom.cc:150:do_switch$402$rdmux[0][1][1]$b$2042 [0] 1'0 $memory$flatten\display_inst.\decoder.$auto$proc_rom.cc:150:do_switch$402$rdmux[0][1][1]$b$2042 [1] }
    Consolidated identical input bits for $mux cell $memory$flatten\display_inst.\decoder.$auto$proc_rom.cc:150:do_switch$402$rdmux[0][2][2]$2049:
      Old ports: A=$memory$flatten\display_inst.\decoder.$auto$proc_rom.cc:150:do_switch$402$rdmux[0][2][2]$a$2050, B=$memory$flatten\display_inst.\decoder.$auto$proc_rom.cc:150:do_switch$402$rdmux[0][2][2]$b$2051, Y=$memory$flatten\display_inst.\decoder.$auto$proc_rom.cc:150:do_switch$402$rdmux[0][1][1]$a$2041
      New ports: A={ $memory$flatten\display_inst.\decoder.$auto$proc_rom.cc:150:do_switch$402$rdmux[0][2][2]$a$2050 [4] 2'00 }, B={ 1'0 $memory$flatten\display_inst.\decoder.$auto$proc_rom.cc:150:do_switch$402$rdmux[0][2][2]$b$2051 [3] $memory$flatten\display_inst.\decoder.$auto$proc_rom.cc:150:do_switch$402$rdmux[0][2][2]$b$2051 [0] }, Y={ $memory$flatten\display_inst.\decoder.$auto$proc_rom.cc:150:do_switch$402$rdmux[0][1][1]$a$2041 [4:3] $memory$flatten\display_inst.\decoder.$auto$proc_rom.cc:150:do_switch$402$rdmux[0][1][1]$a$2041 [0] }
      New connections: { $memory$flatten\display_inst.\decoder.$auto$proc_rom.cc:150:do_switch$402$rdmux[0][1][1]$a$2041 [6:5] $memory$flatten\display_inst.\decoder.$auto$proc_rom.cc:150:do_switch$402$rdmux[0][1][1]$a$2041 [2:1] } = { 3'000 $memory$flatten\display_inst.\decoder.$auto$proc_rom.cc:150:do_switch$402$rdmux[0][1][1]$a$2041 [0] }
    Consolidated identical input bits for $mux cell $memory$flatten\display_inst.\decoder.$auto$proc_rom.cc:150:do_switch$402$rdmux[0][2][1]$2046:
      Old ports: A=$memory$flatten\display_inst.\decoder.$auto$proc_rom.cc:150:do_switch$402$rdmux[0][2][1]$a$2047, B=$memory$flatten\display_inst.\decoder.$auto$proc_rom.cc:150:do_switch$402$rdmux[0][2][1]$b$2048, Y=$memory$flatten\display_inst.\decoder.$auto$proc_rom.cc:150:do_switch$402$rdmux[0][1][0]$b$2039
      New ports: A={ 2'01 $memory$flatten\display_inst.\decoder.$auto$proc_rom.cc:150:do_switch$402$rdmux[0][2][1]$a$2047 [0] $memory$flatten\display_inst.\decoder.$auto$proc_rom.cc:150:do_switch$402$rdmux[0][2][1]$a$2047 [1:0] }, B={ $memory$flatten\display_inst.\decoder.$auto$proc_rom.cc:150:do_switch$402$rdmux[0][2][1]$b$2048 [3] $memory$flatten\display_inst.\decoder.$auto$proc_rom.cc:150:do_switch$402$rdmux[0][2][1]$b$2048 [3] $memory$flatten\display_inst.\decoder.$auto$proc_rom.cc:150:do_switch$402$rdmux[0][2][1]$b$2048 [3] $memory$flatten\display_inst.\decoder.$auto$proc_rom.cc:150:do_switch$402$rdmux[0][2][1]$b$2048 [1] 1'0 }, Y={ $memory$flatten\display_inst.\decoder.$auto$proc_rom.cc:150:do_switch$402$rdmux[0][1][0]$b$2039 [5:3] $memory$flatten\display_inst.\decoder.$auto$proc_rom.cc:150:do_switch$402$rdmux[0][1][0]$b$2039 [1:0] }
      New connections: { $memory$flatten\display_inst.\decoder.$auto$proc_rom.cc:150:do_switch$402$rdmux[0][1][0]$b$2039 [6] $memory$flatten\display_inst.\decoder.$auto$proc_rom.cc:150:do_switch$402$rdmux[0][1][0]$b$2039 [2] } = { $memory$flatten\display_inst.\decoder.$auto$proc_rom.cc:150:do_switch$402$rdmux[0][1][0]$b$2039 [5] 1'0 }
    Consolidated identical input bits for $mux cell $memory$flatten\display_inst.\decoder.$auto$proc_rom.cc:150:do_switch$402$rdmux[0][2][0]$2043:
      Old ports: A=$memory$flatten\display_inst.\decoder.$auto$proc_rom.cc:150:do_switch$402$rdmux[0][2][0]$a$2044, B=$memory$flatten\display_inst.\decoder.$auto$proc_rom.cc:150:do_switch$402$rdmux[0][2][0]$b$2045, Y=$memory$flatten\display_inst.\decoder.$auto$proc_rom.cc:150:do_switch$402$rdmux[0][1][0]$a$2038
      New ports: A={ 1'1 $memory$flatten\display_inst.\decoder.$auto$proc_rom.cc:150:do_switch$402$rdmux[0][2][0]$a$2044 [0] $memory$flatten\display_inst.\decoder.$auto$proc_rom.cc:150:do_switch$402$rdmux[0][2][0]$a$2044 [0] 1'0 $memory$flatten\display_inst.\decoder.$auto$proc_rom.cc:150:do_switch$402$rdmux[0][2][0]$a$2044 [0] }, B={ 2'01 $memory$flatten\display_inst.\decoder.$auto$proc_rom.cc:150:do_switch$402$rdmux[0][2][0]$b$2045 [4] $memory$flatten\display_inst.\decoder.$auto$proc_rom.cc:150:do_switch$402$rdmux[0][2][0]$b$2045 [2] 1'0 }, Y={ $memory$flatten\display_inst.\decoder.$auto$proc_rom.cc:150:do_switch$402$rdmux[0][1][0]$a$2038 [6:4] $memory$flatten\display_inst.\decoder.$auto$proc_rom.cc:150:do_switch$402$rdmux[0][1][0]$a$2038 [2] $memory$flatten\display_inst.\decoder.$auto$proc_rom.cc:150:do_switch$402$rdmux[0][1][0]$a$2038 [0] }
      New connections: { $memory$flatten\display_inst.\decoder.$auto$proc_rom.cc:150:do_switch$402$rdmux[0][1][0]$a$2038 [3] $memory$flatten\display_inst.\decoder.$auto$proc_rom.cc:150:do_switch$402$rdmux[0][1][0]$a$2038 [1] } = { $memory$flatten\display_inst.\decoder.$auto$proc_rom.cc:150:do_switch$402$rdmux[0][1][0]$a$2038 [0] 1'0 }
    Consolidated identical input bits for $mux cell $flatten\division_inst.\u_bin_a_bcd_cociente.$procmux$1007:
      Old ports: A=$flatten\division_inst.\u_bin_a_bcd_cociente.$6\unidades[3:0], B={ $flatten\division_inst.\u_bin_a_bcd_cociente.$sub$../design/bin_a_bcd.sv:31$13_Y [3:2] \division_inst.u_divisor.cociente [1:0] }, Y=$flatten\division_inst.\u_bin_a_bcd_cociente.$5\unidades[3:0]
      New ports: A=$flatten\division_inst.\u_bin_a_bcd_cociente.$6\unidades[3:0] [3:1], B={ $flatten\division_inst.\u_bin_a_bcd_cociente.$sub$../design/bin_a_bcd.sv:31$13_Y [3:2] \division_inst.u_divisor.cociente [1] }, Y=$flatten\division_inst.\u_bin_a_bcd_cociente.$5\unidades[3:0] [3:1]
      New connections: $flatten\division_inst.\u_bin_a_bcd_cociente.$5\unidades[3:0] [0] = \division_inst.u_divisor.cociente [0]
    Consolidated identical input bits for $mux cell $flatten\division_inst.\u_bin_a_bcd_divisor.$procmux$1007:
      Old ports: A=$flatten\division_inst.\u_bin_a_bcd_divisor.$6\unidades[3:0], B={ $flatten\division_inst.\u_bin_a_bcd_divisor.$sub$../design/bin_a_bcd.sv:31$13_Y [3:2] \division_inst.u_input_div.divisor [1:0] }, Y=$flatten\division_inst.\u_bin_a_bcd_divisor.$5\unidades[3:0]
      New ports: A=$flatten\division_inst.\u_bin_a_bcd_divisor.$6\unidades[3:0] [3:1], B={ $flatten\division_inst.\u_bin_a_bcd_divisor.$sub$../design/bin_a_bcd.sv:31$13_Y [3:2] \division_inst.u_input_div.divisor [1] }, Y=$flatten\division_inst.\u_bin_a_bcd_divisor.$5\unidades[3:0] [3:1]
      New connections: $flatten\division_inst.\u_bin_a_bcd_divisor.$5\unidades[3:0] [0] = \division_inst.u_input_div.divisor [0]
    Consolidated identical input bits for $mux cell $flatten\division_inst.\u_bin_a_bcd_residuo.$procmux$1007:
      Old ports: A=$flatten\division_inst.\u_bin_a_bcd_residuo.$6\unidades[3:0], B={ $flatten\division_inst.\u_bin_a_bcd_residuo.$sub$../design/bin_a_bcd.sv:31$13_Y [3:2] \division_inst.u_divisor.residuo [1:0] }, Y=$flatten\division_inst.\u_bin_a_bcd_residuo.$5\unidades[3:0]
      New ports: A=$flatten\division_inst.\u_bin_a_bcd_residuo.$6\unidades[3:0] [3:1], B={ $flatten\division_inst.\u_bin_a_bcd_residuo.$sub$../design/bin_a_bcd.sv:31$13_Y [3:2] \division_inst.u_divisor.residuo [1] }, Y=$flatten\division_inst.\u_bin_a_bcd_residuo.$5\unidades[3:0] [3:1]
      New connections: $flatten\division_inst.\u_bin_a_bcd_residuo.$5\unidades[3:0] [0] = \division_inst.u_divisor.residuo [0]
    Consolidated identical input bits for $mux cell $flatten\teclado_inst.\decoder_inst.$procmux$506:
      Old ports: A=4'1111, B=$flatten\teclado_inst.\decoder_inst.$9\raw_key[3:0], Y=$flatten\teclado_inst.\decoder_inst.$8\raw_key[3:0]
      New ports: A=3'111, B=$flatten\teclado_inst.\decoder_inst.$9\raw_key[3:0] [2:0], Y=$flatten\teclado_inst.\decoder_inst.$8\raw_key[3:0] [2:0]
      New connections: $flatten\teclado_inst.\decoder_inst.$8\raw_key[3:0] [3] = $flatten\teclado_inst.\decoder_inst.$8\raw_key[3:0] [2]
  Optimizing cells in module \top.
    Consolidated identical input bits for $mux cell $flatten\division_inst.\u_bin_a_bcd_cociente.$procmux$1037:
      Old ports: A=$flatten\division_inst.\u_bin_a_bcd_cociente.$5\unidades[3:0], B={ $auto$wreduce.cc:455:run$1361 [3:1] \division_inst.u_divisor.cociente [0] }, Y=$flatten\division_inst.\u_bin_a_bcd_cociente.$4\unidades[3:0]
      New ports: A=$flatten\division_inst.\u_bin_a_bcd_cociente.$5\unidades[3:0] [3:1], B=$auto$wreduce.cc:455:run$1361 [3:1], Y=$flatten\division_inst.\u_bin_a_bcd_cociente.$4\unidades[3:0] [3:1]
      New connections: $flatten\division_inst.\u_bin_a_bcd_cociente.$4\unidades[3:0] [0] = \division_inst.u_divisor.cociente [0]
    Consolidated identical input bits for $mux cell $flatten\division_inst.\u_bin_a_bcd_divisor.$procmux$1037:
      Old ports: A=$flatten\division_inst.\u_bin_a_bcd_divisor.$5\unidades[3:0], B={ $flatten\division_inst.\u_bin_a_bcd_divisor.$sub$../design/bin_a_bcd.sv:27$11_Y [3:1] \division_inst.u_input_div.divisor [0] }, Y=$flatten\division_inst.\u_bin_a_bcd_divisor.$4\unidades[3:0]
      New ports: A=$flatten\division_inst.\u_bin_a_bcd_divisor.$5\unidades[3:0] [3:1], B=$flatten\division_inst.\u_bin_a_bcd_divisor.$sub$../design/bin_a_bcd.sv:27$11_Y [3:1], Y=$flatten\division_inst.\u_bin_a_bcd_divisor.$4\unidades[3:0] [3:1]
      New connections: $flatten\division_inst.\u_bin_a_bcd_divisor.$4\unidades[3:0] [0] = \division_inst.u_input_div.divisor [0]
    Consolidated identical input bits for $mux cell $flatten\division_inst.\u_bin_a_bcd_residuo.$procmux$1037:
      Old ports: A=$flatten\division_inst.\u_bin_a_bcd_residuo.$5\unidades[3:0], B={ $flatten\division_inst.\u_bin_a_bcd_residuo.$sub$../design/bin_a_bcd.sv:27$11_Y [3:1] \division_inst.u_divisor.residuo [0] }, Y=$flatten\division_inst.\u_bin_a_bcd_residuo.$4\unidades[3:0]
      New ports: A=$flatten\division_inst.\u_bin_a_bcd_residuo.$5\unidades[3:0] [3:1], B=$flatten\division_inst.\u_bin_a_bcd_residuo.$sub$../design/bin_a_bcd.sv:27$11_Y [3:1], Y=$flatten\division_inst.\u_bin_a_bcd_residuo.$4\unidades[3:0] [3:1]
      New connections: $flatten\division_inst.\u_bin_a_bcd_residuo.$4\unidades[3:0] [0] = \division_inst.u_divisor.residuo [0]
  Optimizing cells in module \top.
    Consolidated identical input bits for $mux cell $flatten\division_inst.\u_bin_a_bcd_cociente.$procmux$1061:
      Old ports: A=$flatten\division_inst.\u_bin_a_bcd_cociente.$4\unidades[3:0], B={ $flatten\division_inst.\u_bin_a_bcd_cociente.$sub$../design/bin_a_bcd.sv:23$9_Y [3] \division_inst.u_divisor.cociente [2:0] }, Y=$flatten\division_inst.\u_bin_a_bcd_cociente.$3\unidades[3:0]
      New ports: A=$flatten\division_inst.\u_bin_a_bcd_cociente.$4\unidades[3:0] [3:1], B={ $flatten\division_inst.\u_bin_a_bcd_cociente.$sub$../design/bin_a_bcd.sv:23$9_Y [3] \division_inst.u_divisor.cociente [2:1] }, Y=$flatten\division_inst.\u_bin_a_bcd_cociente.$3\unidades[3:0] [3:1]
      New connections: $flatten\division_inst.\u_bin_a_bcd_cociente.$3\unidades[3:0] [0] = \division_inst.u_divisor.cociente [0]
    Consolidated identical input bits for $mux cell $flatten\division_inst.\u_bin_a_bcd_divisor.$procmux$1061:
      Old ports: A=$flatten\division_inst.\u_bin_a_bcd_divisor.$4\unidades[3:0], B={ $auto$wreduce.cc:455:run$1369 [3] \division_inst.u_input_div.divisor [2:0] }, Y=\division_inst.u_bin_a_bcd_divisor.unidades
      New ports: A=$flatten\division_inst.\u_bin_a_bcd_divisor.$4\unidades[3:0] [3:1], B={ $auto$wreduce.cc:455:run$1369 [3] \division_inst.u_input_div.divisor [2:1] }, Y=\division_inst.u_bin_a_bcd_divisor.unidades [3:1]
      New connections: \division_inst.u_bin_a_bcd_divisor.unidades [0] = \division_inst.u_input_div.divisor [0]
    Consolidated identical input bits for $mux cell $flatten\division_inst.\u_bin_a_bcd_residuo.$procmux$1061:
      Old ports: A=$flatten\division_inst.\u_bin_a_bcd_residuo.$4\unidades[3:0], B={ $flatten\division_inst.\u_bin_a_bcd_residuo.$sub$../design/bin_a_bcd.sv:23$9_Y [3] \division_inst.u_divisor.residuo [2:0] }, Y=\division_inst.u_bin_a_bcd_residuo.unidades
      New ports: A=$flatten\division_inst.\u_bin_a_bcd_residuo.$4\unidades[3:0] [3:1], B={ $flatten\division_inst.\u_bin_a_bcd_residuo.$sub$../design/bin_a_bcd.sv:23$9_Y [3] \division_inst.u_divisor.residuo [2:1] }, Y=\division_inst.u_bin_a_bcd_residuo.unidades [3:1]
      New connections: \division_inst.u_bin_a_bcd_residuo.unidades [0] = \division_inst.u_divisor.residuo [0]
  Optimizing cells in module \top.
    Consolidated identical input bits for $mux cell $flatten\division_inst.\u_bin_a_bcd_cociente.$procmux$1079:
      Old ports: A=$flatten\division_inst.\u_bin_a_bcd_cociente.$3\unidades[3:0], B={ $auto$wreduce.cc:455:run$1360 [3:1] \division_inst.u_divisor.cociente [0] }, Y=$flatten\division_inst.\u_bin_a_bcd_cociente.$2\unidades[3:0]
      New ports: A=$flatten\division_inst.\u_bin_a_bcd_cociente.$3\unidades[3:0] [3:1], B=$auto$wreduce.cc:455:run$1360 [3:1], Y=$flatten\division_inst.\u_bin_a_bcd_cociente.$2\unidades[3:0] [3:1]
      New connections: $flatten\division_inst.\u_bin_a_bcd_cociente.$2\unidades[3:0] [0] = \division_inst.u_divisor.cociente [0]
  Optimizing cells in module \top.
    Consolidated identical input bits for $mux cell $flatten\division_inst.\u_bin_a_bcd_cociente.$procmux$1091:
      Old ports: A=$flatten\division_inst.\u_bin_a_bcd_cociente.$2\unidades[3:0], B={ $auto$wreduce.cc:455:run$1359 [3:2] \division_inst.u_divisor.cociente [1:0] }, Y=\division_inst.u_bin_a_bcd_cociente.unidades
      New ports: A=$flatten\division_inst.\u_bin_a_bcd_cociente.$2\unidades[3:0] [3:1], B={ $auto$wreduce.cc:455:run$1359 [3:2] \division_inst.u_divisor.cociente [1] }, Y=\division_inst.u_bin_a_bcd_cociente.unidades [3:1]
      New connections: \division_inst.u_bin_a_bcd_cociente.unidades [0] = \division_inst.u_divisor.cociente [0]
  Optimizing cells in module \top.
Performed a total of 35 changes.

16.12.5. Executing OPT_MERGE pass (detect identical cells).
Finding identical cells in module `\top'.
<suppressed ~15 debug messages>
Removed a total of 5 cells.

16.12.6. Executing OPT_DFF pass (perform DFF optimizations).

16.12.7. Executing OPT_CLEAN pass (remove unused cells and wires).
Finding unused cells or wires in module \top..
Removed 0 unused cells and 21 unused wires.
<suppressed ~1 debug messages>

16.12.8. Executing OPT_EXPR pass (perform const folding).
Optimizing module top.

16.12.9. Rerunning OPT passes. (Maybe there is more to do..)

16.12.10. Executing OPT_MUXTREE pass (detect dead branches in mux trees).
Running muxtree optimizer on module \top..
  Creating internal representation of mux trees.
  Evaluating internal representation of mux trees.
  Analyzing evaluation results.
Removed 0 multiplexer ports.
<suppressed ~29 debug messages>

16.12.11. Executing OPT_REDUCE pass (consolidate $*mux and $reduce_* inputs).
  Optimizing cells in module \top.
Performed a total of 0 changes.

16.12.12. Executing OPT_MERGE pass (detect identical cells).
Finding identical cells in module `\top'.
Removed a total of 0 cells.

16.12.13. Executing OPT_DFF pass (perform DFF optimizations).

16.12.14. Executing OPT_CLEAN pass (remove unused cells and wires).
Finding unused cells or wires in module \top..

16.12.15. Executing OPT_EXPR pass (perform const folding).
Optimizing module top.

16.12.16. Finished OPT passes. (There is nothing left to do.)

16.13. Executing TECHMAP pass (map to technology primitives).

16.13.1. Executing Verilog-2005 frontend: c:\Users\Daniel\DOWNLO~1\OSS-CA~1\bin\../share/yosys/techmap.v
Parsing Verilog input from `c:\Users\Daniel\DOWNLO~1\OSS-CA~1\bin\../share/yosys/techmap.v' to AST representation.
Generating RTLIL representation for module `\_90_simplemap_bool_ops'.
Generating RTLIL representation for module `\_90_simplemap_reduce_ops'.
Generating RTLIL representation for module `\_90_simplemap_logic_ops'.
Generating RTLIL representation for module `\_90_simplemap_compare_ops'.
Generating RTLIL representation for module `\_90_simplemap_various'.
Generating RTLIL representation for module `\_90_simplemap_registers'.
Generating RTLIL representation for module `\_90_shift_ops_shr_shl_sshl_sshr'.
Generating RTLIL representation for module `\_90_shift_shiftx'.
Generating RTLIL representation for module `\_90_fa'.
Generating RTLIL representation for module `\_90_lcu'.
Generating RTLIL representation for module `\_90_alu'.
Generating RTLIL representation for module `\_90_macc'.
Generating RTLIL representation for module `\_90_alumacc'.
Generating RTLIL representation for module `\$__div_mod_u'.
Generating RTLIL representation for module `\$__div_mod_trunc'.
Generating RTLIL representation for module `\_90_div'.
Generating RTLIL representation for module `\_90_mod'.
Generating RTLIL representation for module `\$__div_mod_floor'.
Generating RTLIL representation for module `\_90_divfloor'.
Generating RTLIL representation for module `\_90_modfloor'.
Generating RTLIL representation for module `\_90_pow'.
Generating RTLIL representation for module `\_90_pmux'.
Generating RTLIL representation for module `\_90_demux'.
Generating RTLIL representation for module `\_90_lut'.
Successfully finished Verilog frontend.

16.13.2. Executing Verilog-2005 frontend: c:\Users\Daniel\DOWNLO~1\OSS-CA~1\bin\../share/yosys/gowin/arith_map.v
Parsing Verilog input from `c:\Users\Daniel\DOWNLO~1\OSS-CA~1\bin\../share/yosys/gowin/arith_map.v' to AST representation.
Generating RTLIL representation for module `\_80_gw1n_alu'.
Successfully finished Verilog frontend.

16.13.3. Continuing TECHMAP pass.
Using extmapper simplemap for cells of type $ne.
Using extmapper simplemap for cells of type $reduce_and.
Using extmapper simplemap for cells of type $or.
Using extmapper simplemap for cells of type $not.
Using extmapper simplemap for cells of type $reduce_or.
Using extmapper simplemap for cells of type $adff.
Using extmapper simplemap for cells of type $eq.
Using extmapper simplemap for cells of type $logic_and.
Using template $paramod$740b056ede97228d3eae64ea2fdc81f0a33e0fe7\_80_gw1n_alu for cells of type $alu.
Using template $paramod$2af30114e9bd4ccb04dad757b3f0a8f6bf0615b0\_80_gw1n_alu for cells of type $alu.
Using extmapper simplemap for cells of type $mux.
Using template $paramod$521ce43182eecb9f60c72393a788160d2c356bf5\_90_pmux for cells of type $pmux.
Using extmapper simplemap for cells of type $adffe.
Using template $paramod$85df5dc01c7df96a7d8e5f1fdf76ce9ac452af63\_90_pmux for cells of type $pmux.
Using template $paramod$20d3ee62d72123142eb855d7ddafd835e31ba009\_90_pmux for cells of type $pmux.
Using template $paramod$c2e415ef15bc3ccd2723772353a6b450d3d76206\_90_pmux for cells of type $pmux.
Using template $paramod$175e67c02b86e96b1288b9dc100122520d7240d8\_90_alu for cells of type $alu.
Using extmapper simplemap for cells of type $logic_not.
Using extmapper simplemap for cells of type $reduce_bool.
Using template $paramod$00d9d1baddc80ebb9ab569b9359cb573b538f9a2\_80_gw1n_alu for cells of type $alu.
Using extmapper simplemap for cells of type $and.
Using extmapper maccmap for cells of type $macc.
  add \division_inst.u_input_div.dec_div * 3'101 (4x3 bits, unsigned)
Using template $paramod$645fe0cc96ae5edb83bff90cc2c78f4a20ca3e3c\_90_pmux for cells of type $pmux.
Using template $paramod$c8f9642fe0e0f4527ea400b1bd678c474f53d556\_80_gw1n_alu for cells of type $alu.
Using template $paramod$fc972a7a46956c1788f3cb5257b53c8f1df2d0cc\_90_alu for cells of type $alu.
Using template $paramod$78e969f2586efcf3a5b0b0440bcca0db83d5cca2\_80_gw1n_alu for cells of type $alu.
Using template $paramod$3ef7d3dd227da7627a99c5e5a6a4deb817573e39\_80_gw1n_alu for cells of type $alu.
Using template $paramod$ba698a254f9a5947e85cbe7beae6b161eefc5386\_90_alu for cells of type $alu.
Using template $paramod$1a3a0c35c4a4896fbfd612699525c057298e72d2\_80_gw1n_alu for cells of type $alu.
Using template $paramod$117a422dd91271f31dcbd629d7b52dc0eb1e49ab\_80_gw1n_alu for cells of type $alu.
Using template $paramod$b8c0a997bce700f23568a5ada79cc6781d1f5ca0\_80_gw1n_alu for cells of type $alu.
Using template $paramod$00298f3f8094950cb9a5ff2fda48d0d8bde8806c\_80_gw1n_alu for cells of type $alu.
Using template $paramod$e04283ca12514baf3d204c6994bec8f178dd89f8\_80_gw1n_alu for cells of type $alu.
Using template $paramod$ed40eaed6d7865a5f6e873e7da3aa6067d71cfbb\_80_gw1n_alu for cells of type $alu.
Using template $paramod$constmap:776c18c558755cfed8ba6adb1a7ec5444f944b24$paramod$8e1ee40b42a83394e7b4b6b0149b00b8f444f9b6\_90_shift_shiftx for cells of type $shift.
Analyzing pattern of constant bits for this cell:
  Constant input on bit 0 of port A: 1'0
Creating constmapped module `$paramod$constmap:932784e43d903e64c5e222edace7d2d61fc5382f$paramod$8e1ee40b42a83394e7b4b6b0149b00b8f444f9b6\_90_shift_shiftx'.

16.13.52. Executing OPT_MUXTREE pass (detect dead branches in mux trees).
Running muxtree optimizer on module $paramod$constmap:932784e43d903e64c5e222edace7d2d61fc5382f$paramod$8e1ee40b42a83394e7b4b6b0149b00b8f444f9b6\_90_shift_shiftx..
  Creating internal representation of mux trees.
  Evaluating internal representation of mux trees.
  Analyzing evaluation results.
    dead port 2/2 on $mux $procmux$3349.
    dead port 2/2 on $mux $procmux$3343.
    dead port 2/2 on $mux $procmux$3337.
    dead port 2/2 on $mux $procmux$3331.
Removed 4 multiplexer ports.
<suppressed ~934 debug messages>

16.13.53. Executing OPT_EXPR pass (perform const folding).
Optimizing module $paramod$constmap:932784e43d903e64c5e222edace7d2d61fc5382f$paramod$8e1ee40b42a83394e7b4b6b0149b00b8f444f9b6\_90_shift_shiftx.
<suppressed ~35 debug messages>
Removed 53 unused cells and 69 unused wires.
Using template $paramod$constmap:932784e43d903e64c5e222edace7d2d61fc5382f$paramod$8e1ee40b42a83394e7b4b6b0149b00b8f444f9b6\_90_shift_shiftx for cells of type $shift.
Using template $paramod$03eba0cdd46566f6651a3011e0b5671fa6b5e494\_80_gw1n_alu for cells of type $alu.
Using template $paramod$56f7ce6d87f8add68ca646dc02d7695a3189f8e5\_90_pmux for cells of type $pmux.
Using template $paramod$constmap:f311d4879566bc49aaef180e24bc8088fd558991$paramod$65db6eeb8592a0d91e4389b9a9984f5f94b5192f\_90_shift_shiftx for cells of type $shiftx.
Using template $paramod$ed0bb9616228df1e6c226f91f8133e751815f1b1\_90_pmux for cells of type $pmux.
Using extmapper simplemap for cells of type $dffe.
Using template $paramod$a473f4770a4b60111e9e52de7ee27405c26ecd63\_80_gw1n_alu for cells of type $alu.
Using template $paramod$3e96e356bb68fcbd4f9c12f6d97ec8513d1af8c6\_80_gw1n_alu for cells of type $alu.
  add \division_inst.u_input_div.decenas * 3'101 (4x3 bits, unsigned)
Using template $paramod$6a42b6fefed750f8a1c58eab59479d960557103c\_80_gw1n_alu for cells of type $alu.
Using template $paramod$79fc7abbb3333dbd5736999d565fd903198fb1eb\_80_gw1n_alu for cells of type $alu.
Using template $paramod$5bb6c3f3e4a5303115f41a182fad517280ea0b25\_80_gw1n_alu for cells of type $alu.
Using template $paramod$713617589782cfade849bb573b5c36106c4b708f\_80_gw1n_alu for cells of type $alu.
Using template $paramod$7e708ae28ab761f11d0fb59d3ffc72f6a4baf5d9\_90_alu for cells of type $alu.
Using extmapper simplemap for cells of type $pos.
Using template $paramod\_90_lcu\WIDTH=32'00000000000000000000000000000010 for cells of type $lcu.
Using extmapper simplemap for cells of type $xor.
Using template $paramod\_90_lcu\WIDTH=32'00000000000000000000000000000001 for cells of type $lcu.
Using template $paramod\_90_fa\WIDTH=32'00000000000000000000000000000111 for cells of type $fa.
Using template $paramod$dbcdc7e8aa1a4080cea2deda6fdc8772064f4d90\_80_gw1n_alu for cells of type $alu.
Using template $paramod\_90_fa\WIDTH=32'00000000000000000000000000000101 for cells of type $fa.
Using template $paramod$b18e16801adf491a64caa0542270798e5d4ac6b6\_80_gw1n_alu for cells of type $alu.
No more expansions possible.
<suppressed ~1361 debug messages>

16.14. Executing OPT pass (performing simple optimizations).

16.14.1. Executing OPT_EXPR pass (perform const folding).
Optimizing module top.
<suppressed ~1160 debug messages>

16.14.2. Executing OPT_MERGE pass (detect identical cells).
Finding identical cells in module `\top'.
<suppressed ~447 debug messages>
Removed a total of 149 cells.

16.14.3. Executing OPT_DFF pass (perform DFF optimizations).

16.14.4. Executing OPT_CLEAN pass (remove unused cells and wires).
Finding unused cells or wires in module \top..
Removed 59 unused cells and 1666 unused wires.
<suppressed ~63 debug messages>

16.14.5. Finished fast OPT passes.

16.15. Executing IOPADMAP pass (mapping inputs/outputs to IO-PAD cells).
Mapping port top.an using OBUF.
Mapping port top.clk using IBUF.
Mapping port top.cols using IBUF.
Mapping port top.reset using IBUF.
Mapping port top.rows using OBUF.
Mapping port top.seg using OBUF.

16.16. Executing OPT_CLEAN pass (remove unused cells and wires).
Finding unused cells or wires in module \top..
Removed 0 unused cells and 5 unused wires.
<suppressed ~1 debug messages>

16.17. Executing DFFLEGALIZE pass (convert FFs to types supported by the target).

16.18. Executing TECHMAP pass (map to technology primitives).

16.18.1. Executing Verilog-2005 frontend: c:\Users\Daniel\DOWNLO~1\OSS-CA~1\bin\../share/yosys/gowin/cells_map.v
Parsing Verilog input from `c:\Users\Daniel\DOWNLO~1\OSS-CA~1\bin\../share/yosys/gowin/cells_map.v' to AST representation.
Generating RTLIL representation for module `\$_DFF_N_'.
Generating RTLIL representation for module `\$_DFF_P_'.
Generating RTLIL representation for module `\$_DFFE_PP_'.
Generating RTLIL representation for module `\$_DFFE_NP_'.
Generating RTLIL representation for module `\$_SDFF_PP0_'.
Generating RTLIL representation for module `\$_SDFF_NP0_'.
Generating RTLIL representation for module `\$_SDFFE_PP0P_'.
Generating RTLIL representation for module `\$_SDFFE_NP0P_'.
Generating RTLIL representation for module `\$_SDFF_PP1_'.
Generating RTLIL representation for module `\$_SDFF_NP1_'.
Generating RTLIL representation for module `\$_SDFFE_PP1P_'.
Generating RTLIL representation for module `\$_SDFFE_NP1P_'.
Generating RTLIL representation for module `\$_DFF_PP1_'.
Generating RTLIL representation for module `\$_DFF_NP1_'.
Generating RTLIL representation for module `\$_DFF_PP0_'.
Generating RTLIL representation for module `\$_DFF_NP0_'.
Generating RTLIL representation for module `\$_DFFE_PP1P_'.
Generating RTLIL representation for module `\$_DFFE_NP1P_'.
Generating RTLIL representation for module `\$_DFFE_PP0P_'.
Generating RTLIL representation for module `\$_DFFE_NP0P_'.
Generating RTLIL representation for module `\$lut'.
Successfully finished Verilog frontend.

16.18.2. Continuing TECHMAP pass.
Using template \$_DFFE_PP0P_ for cells of type $_DFFE_PP0P_.
Using template \$_DFF_PP0_ for cells of type $_DFF_PP0_.
Using template \$_DFFE_PP_ for cells of type $_DFFE_PP_.
Using template \$_DFF_PP1_ for cells of type $_DFF_PP1_.
No more expansions possible.
<suppressed ~191 debug messages>

16.19. Executing OPT_EXPR pass (perform const folding).
Optimizing module top.
<suppressed ~1 debug messages>

16.20. Executing SIMPLEMAP pass (map simple cells to gate primitives).

16.21. Executing ABC pass (technology mapping using ABC).

16.21.1. Extracting gate netlist of module `\top' to `<abc-temp-dir>/input.blif'..
Extracted 1142 gates and 1442 wires to a netlist network with 298 inputs and 332 outputs.

16.21.1.1. Executing ABC.
Running ABC command: "<yosys-exe-dir>/yosys-abc" -s -f <abc-temp-dir>/abc.script 2>&1
ABC: ABC command line: "source <abc-temp-dir>/abc.script".
ABC: 
ABC: + read_blif <abc-temp-dir>/input.blif 
ABC: + read_lut <abc-temp-dir>/lutdefs.txt 
ABC: + strash 
ABC: + &get -n 
ABC: + &fraig -x 
ABC: + &put 
ABC: + scorr 
ABC: Warning: The network is combinational (run "fraig" or "fraig_sweep").
ABC: + dc2 
ABC: + dretime 
ABC: + strash 
ABC: + dch -f 
ABC: + if 
ABC: + mfs2 
ABC: + write_blif <abc-temp-dir>/output.blif 

16.21.1.2. Re-integrating ABC results.
ABC RESULTS:              $lut cells:      507
ABC RESULTS:        internal signals:      812
ABC RESULTS:           input signals:      298
ABC RESULTS:          output signals:      332
Removing temp directory.
Removed 0 unused cells and 1946 unused wires.

16.22. Executing TECHMAP pass (map to technology primitives).

16.22.1. Executing Verilog-2005 frontend: c:\Users\Daniel\DOWNLO~1\OSS-CA~1\bin\../share/yosys/gowin/cells_map.v
Parsing Verilog input from `c:\Users\Daniel\DOWNLO~1\OSS-CA~1\bin\../share/yosys/gowin/cells_map.v' to AST representation.
Generating RTLIL representation for module `\$_DFF_N_'.
Generating RTLIL representation for module `\$_DFF_P_'.
Generating RTLIL representation for module `\$_DFFE_PP_'.
Generating RTLIL representation for module `\$_DFFE_NP_'.
Generating RTLIL representation for module `\$_SDFF_PP0_'.
Generating RTLIL representation for module `\$_SDFF_NP0_'.
Generating RTLIL representation for module `\$_SDFFE_PP0P_'.
Generating RTLIL representation for module `\$_SDFFE_NP0P_'.
Generating RTLIL representation for module `\$_SDFF_PP1_'.
Generating RTLIL representation for module `\$_SDFF_NP1_'.
Generating RTLIL representation for module `\$_SDFFE_PP1P_'.
Generating RTLIL representation for module `\$_SDFFE_NP1P_'.
Generating RTLIL representation for module `\$_DFF_PP1_'.
Generating RTLIL representation for module `\$_DFF_NP1_'.
Generating RTLIL representation for module `\$_DFF_PP0_'.
Generating RTLIL representation for module `\$_DFF_NP0_'.
Generating RTLIL representation for module `\$_DFFE_PP1P_'.
Generating RTLIL representation for module `\$_DFFE_NP1P_'.
Generating RTLIL representation for module `\$_DFFE_PP0P_'.
Generating RTLIL representation for module `\$_DFFE_NP0P_'.
Generating RTLIL representation for module `\$lut'.
Successfully finished Verilog frontend.

16.22.2. Continuing TECHMAP pass.
Using template $paramod$272652f6c6fbe9a75eff76e45cc7e2788835518b\$lut for cells of type $lut.
Using template $paramod\$lut\WIDTH=32'00000000000000000000000000000010\LUT=4'0001 for cells of type $lut.
Using template $paramod\$lut\WIDTH=32'00000000000000000000000000000011\LUT=8'11100000 for cells of type $lut.
Using template $paramod$5e9b64840e6820de012a781f390635d2b59c6be3\$lut for cells of type $lut.
Using template $paramod$f693955009d1aa3396373549c108f99f34c5214c\$lut for cells of type $lut.
Using template $paramod\$lut\WIDTH=32'00000000000000000000000000000010\LUT=4'0100 for cells of type $lut.
Using template $paramod$21467c203c389a4feadb8ce2044a20839fad01b3\$lut for cells of type $lut.
Using template $paramod$6c22d8542d8453664b23710ac54591b2030f3896\$lut for cells of type $lut.
Using template $paramod\$lut\WIDTH=32'00000000000000000000000000000011\LUT=8'01000000 for cells of type $lut.
Using template $paramod\$lut\WIDTH=32'00000000000000000000000000000011\LUT=8'10110000 for cells of type $lut.
Using template $paramod$9ab494594f178f1b2722725c1a755ee5c002129c\$lut for cells of type $lut.
Using template $paramod$6e238df02989b317f10820a22773676e71120644\$lut for cells of type $lut.
Using template $paramod\$lut\WIDTH=32'00000000000000000000000000000011\LUT=8'00010100 for cells of type $lut.
Using template $paramod\$lut\WIDTH=32'00000000000000000000000000000010\LUT=4'1000 for cells of type $lut.
Using template $paramod$3f6a123f748b1607e5c875b664c54ff1a57b4ffb\$lut for cells of type $lut.
Using template $paramod$e6b036b5fa45646569c040604cd9dc5f98b4fdfb\$lut for cells of type $lut.
Using template $paramod$eccae51839bafd0c7b83ceb0b3ce396a701aed90\$lut for cells of type $lut.
Using template $paramod$332a399730bfc61adea04021a76b1c4e4030f37d\$lut for cells of type $lut.
Using template $paramod$dbcaa67d8b3facaa16c5d7ead7cc4ff9ae2079dc\$lut for cells of type $lut.
Using template $paramod$759c565434f48c09d0b6b6f4511d82b24adfecd7\$lut for cells of type $lut.
Using template $paramod$2163c0a01d70ea22b0b2f5b76ff5d0e23d877fd6\$lut for cells of type $lut.
Using template $paramod$ecae3ac793cbee084150ef4e35059b0aa9012645\$lut for cells of type $lut.
Using template $paramod$20395651c5e16a92c888b80ce21d683df2715ba9\$lut for cells of type $lut.
Using template $paramod$b3276d4f9b80eff008cacf618fd00a3608ea2861\$lut for cells of type $lut.
Using template $paramod$2d8ecce5c907513cebcd38ab5efe0fc26fc03464\$lut for cells of type $lut.
Using template $paramod$d5be4986d94a2310ccafe7bd73d60e944dc9f99a\$lut for cells of type $lut.
Using template $paramod$ed72675528c1caa8ddf020a5502cbb68c8497fe6\$lut for cells of type $lut.
Using template $paramod$27636835d571e90665c86a98dbdf65a4938b3474\$lut for cells of type $lut.
Using template $paramod$27ee3018b7e23960422b33449aabd482ac37fbbc\$lut for cells of type $lut.
Using template $paramod\$lut\WIDTH=32'00000000000000000000000000000011\LUT=8'10000000 for cells of type $lut.
Using template $paramod$6b0849254d6c87461fb93e37cc18f089f61eb912\$lut for cells of type $lut.
Using template $paramod$82687d3ad8130b5b49618b6a28f43c60b5130fe1\$lut for cells of type $lut.
Using template $paramod$43a83b4a7e07f1e00c0391c36ecb11a734ce5001\$lut for cells of type $lut.
Using template $paramod$630a762c340224362043e0f1911629bf35a850a5\$lut for cells of type $lut.
Using template $paramod$22fbddefe0a4b4f7ce52c0265eb28fc4526080e5\$lut for cells of type $lut.
Using template $paramod$e49f6e3576ef1a6d2f58c54414dbb786af8cc869\$lut for cells of type $lut.
Using template $paramod$03c875ea6e83cf747a95e469835b2570eae58e91\$lut for cells of type $lut.
Using template $paramod$27dbe1a87cebb3be194463d5a15e24b9edb6d4b1\$lut for cells of type $lut.
Using template $paramod$9cd320b3e4dce94b8f9021cddabddcda7965a9bb\$lut for cells of type $lut.
Using template $paramod$2fe9c568f224dc0ba89b6db23d2209aaf1b17e47\$lut for cells of type $lut.
Using template $paramod$c6932d0419018208e5384761d78f0ead9bcc772f\$lut for cells of type $lut.
Using template $paramod$6b32d8cafdd60bb48431c0d68e5ccf316e104e9e\$lut for cells of type $lut.
Using template $paramod$601f7d4b0ebb4d8833c5ce9f116018d3f5ffd573\$lut for cells of type $lut.
Using template $paramod$b4d0f4738a5ce50c7f36c2aa2ecc09cfb874f2b6\$lut for cells of type $lut.
Using template $paramod$c5b694ec89d7629b942ccf6a9be1d39e24f8edec\$lut for cells of type $lut.
Using template $paramod$cf075dda53647bcf9c7dee491c0a763725f3dcb0\$lut for cells of type $lut.
Using template $paramod$297ea105c63530fac6e9c11877a1d5164085c65a\$lut for cells of type $lut.
Using template $paramod$1d8f03903b19aaeacb822797defb490063828772\$lut for cells of type $lut.
Using template $paramod$a70a6ee663d8abdd80faf6a8801f53116c99ad37\$lut for cells of type $lut.
Using template $paramod\$lut\WIDTH=32'00000000000000000000000000000011\LUT=8'01110000 for cells of type $lut.
Using template $paramod$608f40069c27841a5b3bdf03643a34bdc8974072\$lut for cells of type $lut.
Using template $paramod$d33d333efdbf3bad5fbdd4b5c2e0b1b0008bc2b9\$lut for cells of type $lut.
Using template $paramod$f3e1547c4b47e64c590e75cf09078b2507c8cc75\$lut for cells of type $lut.
Using template $paramod$e5759512db67494ff77fbdfc66dff4006376568f\$lut for cells of type $lut.
Using template $paramod$efc5425617434cc5bb29e87c476055b4b7a8fdc5\$lut for cells of type $lut.
Using template $paramod$77d128f8a7b591199310617358210673f74bd8a4\$lut for cells of type $lut.
Using template $paramod$d4351ff5831f17027c376f95f6a20679eeba9d81\$lut for cells of type $lut.
Using template $paramod$7c83cdd3fab11059b2f4d686e682542bd63a212c\$lut for cells of type $lut.
Using template $paramod$a44ed4fef9503485c1138238a7c51700368b71c5\$lut for cells of type $lut.
Using template $paramod$c1199f8981eafbdb249b1b209ba0903e3842f9dd\$lut for cells of type $lut.
Using template $paramod$3f6b582516596b8d724aacd3bc2fee7037ba44df\$lut for cells of type $lut.
Using template $paramod$ad498e625474ac4669814135092d9e5967a65c4b\$lut for cells of type $lut.
Using template $paramod$658b9ed803f0d3d335616d3858b53e0a2522f1e8\$lut for cells of type $lut.
Using template $paramod$571404c0889eaf57f492cb5e37f8acb5df5852f9\$lut for cells of type $lut.
Using template $paramod$251994398653c4cf8de320f1e306e535d5d2d624\$lut for cells of type $lut.
Using template $paramod$eb03a9608a3cdaca3885f51e671f7ae2e0ab461c\$lut for cells of type $lut.
Using template $paramod\$lut\WIDTH=32'00000000000000000000000000000011\LUT=8'00000001 for cells of type $lut.
Using template $paramod$a922a90240fc0fefe1219fcb8e3f9fb6b4ef86df\$lut for cells of type $lut.
Using template $paramod$70584433677bebb1f97d6827c9ba85513c8c682b\$lut for cells of type $lut.
Using template $paramod$7bb6a37e65823eeb4b38c370fec30ab082759a14\$lut for cells of type $lut.
Using template $paramod$4da6fe9957da309dc16b8f31a6b80b19c05c808d\$lut for cells of type $lut.
Using template $paramod$9ae0f136c9ed34a2deb323e9b2a3a520eea61514\$lut for cells of type $lut.
Using template $paramod$cf652acbfbf67d2248e3045cd0f09c58ca55886c\$lut for cells of type $lut.
Using template $paramod$bab49b068013edba80e13abba21b5cdd46330362\$lut for cells of type $lut.
Using template $paramod$eba7de026ff587370e320127e266317dae097a89\$lut for cells of type $lut.
Using template $paramod$cbfd30b70b4f0ac8dd1d3ed758215fbf49783a3b\$lut for cells of type $lut.
Using template $paramod$83a094b6fe9fb738dfff353a8cb39fb4b34c4f40\$lut for cells of type $lut.
Using template $paramod\$lut\WIDTH=32'00000000000000000000000000000011\LUT=8'00010000 for cells of type $lut.
Using template $paramod$9bdc414229f06e785dc8fd97a243faa9336e164a\$lut for cells of type $lut.
Using template $paramod$2d57d58f92daa4c74a2f50ce4395396b4a9f2708\$lut for cells of type $lut.
Using template $paramod$8b5cfd51a136f15086c81819c3ac4e80128b684d\$lut for cells of type $lut.
Using template $paramod$001d9634602f00137f774620efde4c651c7a59ca\$lut for cells of type $lut.
Using template $paramod\$lut\WIDTH=32'00000000000000000000000000000001\LUT=2'01 for cells of type $lut.
Using template $paramod\$lut\WIDTH=32'00000000000000000000000000000010\LUT=4'0110 for cells of type $lut.
Using template $paramod$987ba47d9f22b1c8fde8a2d7a2abff4be5df6ab8\$lut for cells of type $lut.
Using template $paramod$8b24407096beec47292ddeb1567a058197a320b9\$lut for cells of type $lut.
Using template $paramod$068476c0c710ac8dbe39ffa3fa53ad378a613e11\$lut for cells of type $lut.
Using template $paramod\$lut\WIDTH=32'00000000000000000000000000000011\LUT=8'11001010 for cells of type $lut.
Using template $paramod$38f9bf4dd2329347b8471f0a98443dd323386889\$lut for cells of type $lut.
Using template $paramod$b4f15f202f50520dbc381cd0880ac94f830f05a8\$lut for cells of type $lut.
Using template $paramod$15ea2d62a98d52025c706aaac4434cb557741935\$lut for cells of type $lut.
Using template $paramod$51307cdec77060d17363ea3d60427c9afef1ddc2\$lut for cells of type $lut.
Using template $paramod\$lut\WIDTH=32'00000000000000000000000000000011\LUT=8'00001110 for cells of type $lut.
Using template $paramod$9c9e14a51f082901c37518c9a35d78dd45431d88\$lut for cells of type $lut.
Using template $paramod\$lut\WIDTH=32'00000000000000000000000000000010\LUT=4'1001 for cells of type $lut.
Using template $paramod$c7da182350c463dac9341b9202c767a484f2d529\$lut for cells of type $lut.
Using template $paramod$8e4b49305b80b26b1a60a94a8a943db52a2d8440\$lut for cells of type $lut.
Using template $paramod$c2158e4f6f889633f4cfb03a0dc554cc58628c99\$lut for cells of type $lut.
Using template $paramod$cdc0aaaf26c5a29b5cd6fb033d41429219218a52\$lut for cells of type $lut.
Using template $paramod$5a9973bc41def5ddf5b821420b2173a81b5efedb\$lut for cells of type $lut.
Using template $paramod$6d6beead1425af15cf78b27fd9b11b41b5d4bce8\$lut for cells of type $lut.
Using template $paramod\$lut\WIDTH=32'00000000000000000000000000000011\LUT=8'11110100 for cells of type $lut.
Using template $paramod$9bb605c35cd1c732ceb4c96c05ba83d26fc0c327\$lut for cells of type $lut.
Using template $paramod$cc08dba3aac8677e797984bdf18a09dd37547dd3\$lut for cells of type $lut.
Using template $paramod$9c6e6a10ea00e5b0682f6243b802d7839a398197\$lut for cells of type $lut.
Using template $paramod$359fe4e746656bf9c72aecaff84fc7bdea9f55a5\$lut for cells of type $lut.
Using template $paramod$ae9b8abdb4f811ce37985dd5106af9cd21223954\$lut for cells of type $lut.
Using template $paramod$94ac66a11090dca84889e55fcf03297912a5b7ec\$lut for cells of type $lut.
Using template $paramod$a20c6c1e16699890aacd2a27aa974a524fce88da\$lut for cells of type $lut.
Using template $paramod$e053a22d78e6bd5ea33183ea69976f0db741be0e\$lut for cells of type $lut.
Using template $paramod\$lut\WIDTH=32'00000000000000000000000000000010\LUT=4'1011 for cells of type $lut.
Using template $paramod$7843e8c123bb8acf2cb35298776a29dcf1524827\$lut for cells of type $lut.
Using template $paramod$478e33feeac3aa53ff57d491aada044b8aedceae\$lut for cells of type $lut.
Using template $paramod$df0b68f8e63b2deb6710e23abd8b8ff0796d4897\$lut for cells of type $lut.
Using template $paramod$933f4f3e373a784da64d137def3625bdd36d1695\$lut for cells of type $lut.
Using template $paramod$20798777255c214e32de3304ce8faa1fdfa2f474\$lut for cells of type $lut.
Using template $paramod$698f19534fd4202ff7144bb418ddadd3bd697808\$lut for cells of type $lut.
Using template $paramod\$lut\WIDTH=32'00000000000000000000000000000011\LUT=8'11000101 for cells of type $lut.
Using template $paramod$3039c7f41767c4672f4e3f22ad78f16d42720fbf\$lut for cells of type $lut.
Using template $paramod$7295da7c5b19f528a428229f2570e0a23ad372af\$lut for cells of type $lut.
Using template $paramod\$lut\WIDTH=32'00000000000000000000000000000011\LUT=8'10101100 for cells of type $lut.
Using template $paramod$41d21dacd8aed4f518cb8bdce304ebae9ab5ec33\$lut for cells of type $lut.
Using template $paramod\$lut\WIDTH=32'00000000000000000000000000000011\LUT=8'00011100 for cells of type $lut.
Using template $paramod$b4410865e8124402796f9dfbf73ef8d279fdbd08\$lut for cells of type $lut.
Using template $paramod$88708584fbcbf7ba659b98d9355fecf14d0cf246\$lut for cells of type $lut.
Using template $paramod$52b0f43ae6cb52b5e726dd3244952f6f33bb5f19\$lut for cells of type $lut.
Using template $paramod\$lut\WIDTH=32'00000000000000000000000000000011\LUT=8'11101111 for cells of type $lut.
Using template $paramod\$lut\WIDTH=32'00000000000000000000000000000010\LUT=4'1110 for cells of type $lut.
Using template $paramod\$lut\WIDTH=32'00000000000000000000000000000011\LUT=8'00000111 for cells of type $lut.
Using template $paramod$4e5e23136131135366f9dbe47f1d34c6e2e83166\$lut for cells of type $lut.
Using template $paramod\$lut\WIDTH=32'00000000000000000000000000000011\LUT=8'01001111 for cells of type $lut.
Using template $paramod$deb05aa1b32164760db2598eaed0c93bf505b894\$lut for cells of type $lut.
Using template $paramod$4370bfc8b6bb5817b3d839f42be2baa506cd5aff\$lut for cells of type $lut.
Using template $paramod$7a4ed2de8a4e5ff7bb02d16af02dfa8a7f734f62\$lut for cells of type $lut.
Using template $paramod$bf0d0292861bdee659ef5cbc5e58b330ac5871f9\$lut for cells of type $lut.
Using template $paramod$e4e96a5dece796d779288739da28d0f9a19e7c8a\$lut for cells of type $lut.
Using template $paramod$b8e43e3f5a5b3a3d02880fc0e8ef6c7a00e7bca5\$lut for cells of type $lut.
Using template $paramod$9664483609d9e726df9697364de1aad825ad3979\$lut for cells of type $lut.
Using template $paramod$88b1b4dfca742a77a4ad2b19c2750fb2437ec1a0\$lut for cells of type $lut.
Using template $paramod$552e3322e4b067f4d534291d7d7f0fa4db22b890\$lut for cells of type $lut.
Using template $paramod$ecc8f136f6aed415e047a0ef706f98ca5d1ce334\$lut for cells of type $lut.
Using template $paramod$f55ab78dcda666c87cdcbe4fe1883ad260b084df\$lut for cells of type $lut.
Using template $paramod$027c57b0517b6d837bc745492168fc0a7cac9555\$lut for cells of type $lut.
Using template $paramod$2893498ba436f1e1faa314108468a35dc9f5f513\$lut for cells of type $lut.
Using template $paramod$8e11bdd758dcb4012d98249de9941e9178bc2e4f\$lut for cells of type $lut.
Using template $paramod$cd98b5ec74617ff5e8e2b8de647d188287bda989\$lut for cells of type $lut.
Using template $paramod$c0670f2aab73eea2cd5c91d3b03ce85be7de1148\$lut for cells of type $lut.
Using template $paramod$a2b4ddfa3906001b2ef9f2414d79c3048f2a3a6e\$lut for cells of type $lut.
Using template $paramod$cb84d485fa67e7a465b26eebd7bce373c964fb2d\$lut for cells of type $lut.
Using template $paramod$692927e279b3d5c42ee4aacb287247c0b34943ed\$lut for cells of type $lut.
Using template $paramod$facd6a0098ceb930e91bf1362b266f9b175dddda\$lut for cells of type $lut.
Using template $paramod$ffd13d8f135d5253c7565faae38cd586639f9cae\$lut for cells of type $lut.
Using template $paramod$18062e637882331a7e74ce6eac22ea621cc539cd\$lut for cells of type $lut.
Using template $paramod$e03965de3d69365d4e22107e555a991111b50b57\$lut for cells of type $lut.
Using template $paramod$81c9f1190bf5b7646f27865284966238d68111c2\$lut for cells of type $lut.
Using template $paramod$0f1dac94f6b13d2ce05e3163d1f4eb558241adaa\$lut for cells of type $lut.
Using template $paramod$53b80966fc657cd5271e8b9737c3f4cba2579307\$lut for cells of type $lut.
Using template $paramod$8fdff4486184e2ab09b5573182637ddeabb828ba\$lut for cells of type $lut.
Using template $paramod$41aa8a4bea9bf9fb2e2d3dd27b240cb1c06ebaf0\$lut for cells of type $lut.
Using template $paramod$fdb03f39a2673b0d766d2c94e49351ebba0f3793\$lut for cells of type $lut.
Using template $paramod$88bbf73d3bae4dce6ae37a3f9903995c7026b6eb\$lut for cells of type $lut.
Using template $paramod$662aa0a39b9e25110115bde1c02f46570201d4f7\$lut for cells of type $lut.
Using template $paramod$4c0609dc24c66d5099f285ab713e85c2b5a276c3\$lut for cells of type $lut.
Using template $paramod$9617443ee6c5fd70f1a50f07a59335f08213a290\$lut for cells of type $lut.
Using template $paramod$a056ddd4d63fdb1158e35bf76304cc7670db0ab4\$lut for cells of type $lut.
Using template $paramod$b4d1a83f16052e80d396c0efceb13dc5f04a2965\$lut for cells of type $lut.
Using template $paramod$d71b280ab68f0e7c3ca03df138e43c38991f1ad3\$lut for cells of type $lut.
Using template $paramod$fefbf14fbb6f8d62cd38b12a6e7bed4de09b2128\$lut for cells of type $lut.
Using template $paramod$0b1b25fb4ea813b49b8a6056e3dd1cb06fc7b48b\$lut for cells of type $lut.
Using template $paramod$0b66a43d8f67f21aa51843ddac3320de734fcca4\$lut for cells of type $lut.
Using template $paramod$5952a78219b5b0972ce40036881e18757dec9e4d\$lut for cells of type $lut.
Using template $paramod$ece5f0aa54f324e91de202207972350503145222\$lut for cells of type $lut.
Using template $paramod$aa22e94246b36e2cf01c175bbd947110b378bc83\$lut for cells of type $lut.
Using template $paramod$7a304f4cc33557f2483dc5919be108a1249ae1f1\$lut for cells of type $lut.
Using template $paramod$254d37ca82e6bbd02413b68ec564f0e72cbee9c0\$lut for cells of type $lut.
Using template $paramod$a03685ace00a888e7427e5193a3f3b6bf9f9f2f3\$lut for cells of type $lut.
Using template $paramod$fcf60f898920c3c97cc6a6ce04cd751b8bbbc908\$lut for cells of type $lut.
Using template $paramod$922c9d51250447408e4eb21c37593ddfd4cdfd12\$lut for cells of type $lut.
Using template $paramod$49f764be54e56575504b99efa160296da909e550\$lut for cells of type $lut.
Using template $paramod$9e93ac0c95e5a71c0f174e07677cb11f48c7b751\$lut for cells of type $lut.
Using template $paramod$5808422f4598093307dd7e845d804a7f16796648\$lut for cells of type $lut.
Using template $paramod$a6a1ce061d0a8ce181ca4f53874d8253397c0fb7\$lut for cells of type $lut.
Using template $paramod$c40e46a9ac65d3ab9c8e5696d0be9792d3042e84\$lut for cells of type $lut.
Using template $paramod$73baa2833534e74cb98ca96b995d2dfaa6d416ad\$lut for cells of type $lut.
Using template $paramod$28e7e732dfd4a70a2bc25fd98ad846b2de68c521\$lut for cells of type $lut.
Using template $paramod$ac4fb80d591a6b6c6ac9fc3c8b96156e2c222fb0\$lut for cells of type $lut.
Using template $paramod$bba9e284540093b40fdf34dd9922166c36de39d6\$lut for cells of type $lut.
Using template $paramod$5d3e61cdc956c1c36047b375e4ff343906c517f3\$lut for cells of type $lut.
Using template $paramod$46478074066c31abd77927c90249f1337d5bdb8b\$lut for cells of type $lut.
Using template $paramod$9b997518edfb4aa14fea84092eb1268ae2f1557a\$lut for cells of type $lut.
Using template $paramod$e799ebc1d5c0fbf442f6b47afee03012e10e9a3e\$lut for cells of type $lut.
Using template $paramod$c12f0c7178e6d4d5e63a6f083b42926e3ebb1b06\$lut for cells of type $lut.
Using template $paramod$10bd4a0821b6ff207387cf2bc72138de96dd5f7a\$lut for cells of type $lut.
Using template $paramod$a5763bf6276dba640667d9b925e2f79f0771d14c\$lut for cells of type $lut.
Using template $paramod$235ac5b240c334dc34a49d771618866987c926a2\$lut for cells of type $lut.
Using template $paramod$60858462211c5ea93fb51eca3e98f5a13f5c2948\$lut for cells of type $lut.
Using template $paramod$4682b41ae2477fefa91a287f672fce56faa96f7b\$lut for cells of type $lut.
Using template $paramod$16e76d5454d866d20fa0b0a8b905ccb83c0a65e1\$lut for cells of type $lut.
Using template $paramod$32e0c467a007d7c1c05bff5b604b3f8cde467e9e\$lut for cells of type $lut.
Using template $paramod$5dc9a85503bbd2a7871ff7525c05968401f264af\$lut for cells of type $lut.
Using template $paramod$e6ba7903d23615973578c9f716144d21f80f5960\$lut for cells of type $lut.
Using template $paramod$dfd57607b12cbcfa0282cd45553eece614a60bf8\$lut for cells of type $lut.
Using template $paramod$5bb22bab307d23d4acb3b28c2bd2295a5b4e760b\$lut for cells of type $lut.
Using template $paramod$3ac6c876258e75903f3d053b8dd60348e9f9071a\$lut for cells of type $lut.
Using template $paramod$03c821d8d0cb954ae6588a34c948192760e0a41f\$lut for cells of type $lut.
Using template $paramod$f402a95cb64d614c6212d0ef00d4de827d2c7f90\$lut for cells of type $lut.
Using template $paramod$c36d38a616cc155b9d39954afad8d6d9c25f9155\$lut for cells of type $lut.
Using template $paramod$40614bc945b57aab95fbc31af093a3fc79ada1f6\$lut for cells of type $lut.
Using template $paramod$3c6f7120f8be1b612a715d104ec6a1946401c8c4\$lut for cells of type $lut.
Using template $paramod$41e1a83174a2304a2e00e0cd9837d23313de2cb0\$lut for cells of type $lut.
Using template $paramod$5f4df27c9e0109a3306306af13591a338a88ec8b\$lut for cells of type $lut.
Using template $paramod$ca8c9665a64aa5f3d9592dfd72deaf1acbe3bc6d\$lut for cells of type $lut.
Using template $paramod$61bc98ece8c76bffd4acdf40e5f231340cba90fc\$lut for cells of type $lut.
Using template $paramod$45b91e95a0bcbd318e6362e09cbbb9b71f82be8b\$lut for cells of type $lut.
Using template $paramod$28d03c30566c52c086643dcc8dd623663c10e996\$lut for cells of type $lut.
Using template $paramod$fe2ccc9771c7f3621af3392ea69c0322e13310d4\$lut for cells of type $lut.
Using template $paramod$c12dc2fe863155794063da558bd8d0976198deac\$lut for cells of type $lut.
Using template $paramod$f6feb147b79399f8f6cd89536b0397689ef7bf0c\$lut for cells of type $lut.
Using template $paramod$7efe20cc78ae7334248729e308809132d9d3afe6\$lut for cells of type $lut.
Using template $paramod$5644a0e05933d9ade57cdd27d9939c2be5beb5d7\$lut for cells of type $lut.
Using template $paramod$cc6531233e2fc27b86bf5cb2c51981520669ea29\$lut for cells of type $lut.
Using template $paramod$7311df2317c446edd5daa1e289b81ff100734e74\$lut for cells of type $lut.
Using template $paramod$7e7baa52dc3c679b09d931ea4baa6b8636b1b4f6\$lut for cells of type $lut.
Using template $paramod$9cdb02c46898b3fc3885171214d2c42e77d1f498\$lut for cells of type $lut.
Using template $paramod$f6e38361e06f879961f5a6215fa3730a4bf62c2c\$lut for cells of type $lut.
Using template $paramod$a305c1f27ac12036e1ee053f6f465794d7c5c73c\$lut for cells of type $lut.
Using template $paramod$ef7f1e65df746b0baa248bc34b422614333608b7\$lut for cells of type $lut.
Using template $paramod$6fd295545afb1e8665d2e4ad4e53d7c738830fd3\$lut for cells of type $lut.
Using template $paramod$ad85c7d37511ade9197ae9f418a83571766026f2\$lut for cells of type $lut.
Using template $paramod$8b83fc15fc2de32a435165f671b1137a7389ff95\$lut for cells of type $lut.
Using template $paramod$739b307f5b9c7581175816bb5101e996ea623e36\$lut for cells of type $lut.
Using template $paramod$fd6ae6e93958dc5bd894a5e9a2b2d301adf295a2\$lut for cells of type $lut.
Using template $paramod$0dd60d6762fc65e2594caa303cdf6bdc27d93abb\$lut for cells of type $lut.
Using template $paramod$6af023d04780a6b54e8dd53dc6126bcf1a45e79b\$lut for cells of type $lut.
Using template $paramod$49a21d56c923bbfe8d1bf3febd97f492e380ac9e\$lut for cells of type $lut.
Using template $paramod$05fef23f4606ccda169a900a898e8fa601536d07\$lut for cells of type $lut.
Using template $paramod$71a96c621bf23b139038ce199a04f47b853774b7\$lut for cells of type $lut.
Using template $paramod$2b035d80f8da5c79477e458830d5b787d3ec97aa\$lut for cells of type $lut.
Using template $paramod$48a50f35129fcba7dd479ac6d4819a6c84f20fa0\$lut for cells of type $lut.
Using template $paramod$47c89c3a33de6b03dce5dd08bae8195172c0505b\$lut for cells of type $lut.
Using template $paramod$7a862e5950afbc5d88d2d7272ea5d2a1229013d9\$lut for cells of type $lut.
Using template $paramod$6a9e6a7be18da3b2738a3c440c25aefc246735de\$lut for cells of type $lut.
Using template $paramod$80e32a2cb53ebcf14a980581c0dd29c9df9ff373\$lut for cells of type $lut.
Using template $paramod$abd7edd2d7856c6af63fcf1a0d2e1950f1a637c1\$lut for cells of type $lut.
Using template $paramod$0c9f5839a0acdfcb3639059bf0913d67464a4571\$lut for cells of type $lut.
Using template $paramod$5e2d5fe5f36a00b3f03dce3f8d7f04fa670c930d\$lut for cells of type $lut.
Using template $paramod$e8f0ed799beadd489388ceae489e1f8466b8e0a1\$lut for cells of type $lut.
Using template $paramod$c1c41644c89cd688e303bdfa02749bf8c2d68bdc\$lut for cells of type $lut.
Using template $paramod$541c0aebd0cd8cd8df89310805812e1bd930a238\$lut for cells of type $lut.
Using template $paramod$dadff75c617cf87bb5b8cfe47ca6c69fb6925370\$lut for cells of type $lut.
Using template $paramod$92fb234371e4d91ceeb1480563e970499a25a293\$lut for cells of type $lut.
Using template $paramod$f8670081eebf7568cab9b8e8800387500ede5c7b\$lut for cells of type $lut.
Using template $paramod$74b7960fbabc14a7bb67feb9fb6620196ce0efe5\$lut for cells of type $lut.
Using template $paramod$54cdda8a228dcf1550ea963b121178c58bf31df7\$lut for cells of type $lut.
Using template $paramod$1be3c5d501e9da9ee3b36c79b1b9930e1d0085d9\$lut for cells of type $lut.
Using template $paramod$dc3333b2d170bb321b55ad2b562353d61c18b71f\$lut for cells of type $lut.
Using template $paramod$e9ea2b07637675522fbfa0d00592f1de2cb20e91\$lut for cells of type $lut.
Using template $paramod$dfac8c3b8a76a57163cf9f081d625ce3e2b8d4d1\$lut for cells of type $lut.
Using template $paramod$d5704f4493d38b8f4e498edb8e1fdbc20dfc8125\$lut for cells of type $lut.
Using template $paramod$26d7c7cfa25a34fc0583ed0779a4f55defddbbfe\$lut for cells of type $lut.
Using template $paramod$687c09ec33b2c26869fd2739331e328c2a5ee1fd\$lut for cells of type $lut.
Using template $paramod$3aac200b1ee408e2209f36da43590d012f3b4c43\$lut for cells of type $lut.
Using template $paramod$de089e6a9b46d00e2943d229ef356663de09e230\$lut for cells of type $lut.
Using template $paramod$46ce84d6c220e528f6780a479d2bcf2653e74680\$lut for cells of type $lut.
Using template $paramod$278278da8d76ea5cbd78cd718b45f52986d1194a\$lut for cells of type $lut.
Using template $paramod$ce71ed242613b873ad8562afaa3bf6123ea82231\$lut for cells of type $lut.
Using template $paramod$ccee60dec38c9fb078d51dcf231179b27581c6be\$lut for cells of type $lut.
Using template $paramod$7c900154ac38a314ba8a3cbd7382c6421f6c2b67\$lut for cells of type $lut.
Using template $paramod$cc32a05866f608aca38637d6c7ba9e5d077e8484\$lut for cells of type $lut.
Using template $paramod$8772e278d2104b4df56c6e2a181522b0c970f611\$lut for cells of type $lut.
Using template $paramod$1fc24f04c9d167ae205e81437168472c81ec935a\$lut for cells of type $lut.
Using template $paramod$d744c22e48221a92fa9fc2758d91fa4f9d299c14\$lut for cells of type $lut.
Using template $paramod$04ae10f7d848c17f6abdd4c00ba30939b2cb4eb5\$lut for cells of type $lut.
Using template $paramod$f49fb6b34f74bc0e4b39ba7c0f3298d843cb3cef\$lut for cells of type $lut.
Using template $paramod$db0a9f843084310840042216ff60038e09c394ec\$lut for cells of type $lut.
Using template $paramod$15e465e947aa87c07d3af9c64951debe4d4f6075\$lut for cells of type $lut.
Using template $paramod$d027015c3b6fa7f86e7f38559ac1e2dbba9e4af6\$lut for cells of type $lut.
Using template $paramod$a867eecf686af901a44093565b2475e0b3a777a8\$lut for cells of type $lut.
Using template $paramod$1105389d7dd9bb30649af81306ba16328e2f6e49\$lut for cells of type $lut.
Using template $paramod$a613b9fef3cc9774cac6b23709fb15a5abfb223a\$lut for cells of type $lut.
Using template $paramod$619fdda5fbc9c04ce3ccd5ee3aeafc164f07df86\$lut for cells of type $lut.
Using template $paramod$58389980c63f3235c8f8122d952d60e88e8ccdf8\$lut for cells of type $lut.
Using template $paramod$50e19e0e60d4135b10e3942acbecde9609be653f\$lut for cells of type $lut.
Using template $paramod$e937ffde4d067ee7cbfadf633b6809854312a3fa\$lut for cells of type $lut.
Using template $paramod$d7c350777ae74e013fc6c45941b62864ea5c1936\$lut for cells of type $lut.
Using template $paramod$a668d2ccdc022b25d7979ef3188a32008e0bee72\$lut for cells of type $lut.
Using template $paramod$2551e5747780e105e3fd206a15faac616bc175e5\$lut for cells of type $lut.
Using template $paramod$9c83190cb7e48bb3a6ae53b261370c80c7b95001\$lut for cells of type $lut.
Using template $paramod$a06fa78c38f0e1ea9f7d35ea63c27b5ef4e40c40\$lut for cells of type $lut.
Using template $paramod$3a32a7587b9f95b908af04fb9b75cd3eae00b58e\$lut for cells of type $lut.
Using template $paramod$82a48e5f5771a531ca9edba4cc6af5165f5035d5\$lut for cells of type $lut.
Using template $paramod$ad45f9aeed23528483c7969ad3da9af16d568b80\$lut for cells of type $lut.
Using template $paramod$57b30c0318d69466ffa9607d539c64a853f08af3\$lut for cells of type $lut.
Using template $paramod$e5a03d3fe463044602e8d2fd1450eefeedea6bd5\$lut for cells of type $lut.
Using template $paramod$a1350a139abd93cc9a42e9c8e8c7ffa194fe46e6\$lut for cells of type $lut.
Using template $paramod$94b066285176490f827d8194c05cbd4c1b52a09e\$lut for cells of type $lut.
Using template $paramod$91c92abe03c628d14fecf5a34ee6af9609e0ec5d\$lut for cells of type $lut.
Using template $paramod$d57af415e8f2332ef76bf6b69b3a6510311a17bd\$lut for cells of type $lut.
Using template $paramod$793183aa91569a416ae8e01e42de05806c183725\$lut for cells of type $lut.
Using template $paramod$66fc574aebed5830eb9c021f0c8392d511f8f718\$lut for cells of type $lut.
Using template $paramod$00a5bc45e6667f51f28d5b4677f421958cecc119\$lut for cells of type $lut.
Using template $paramod$577fccbdce443e77b85b3a1fd131d9100bee56a7\$lut for cells of type $lut.
Using template $paramod$5acc9e30f9264007580964054e681d8a69f80894\$lut for cells of type $lut.
Using template $paramod$25f677cf642b704a0ccd89c259c7e2d58bad4436\$lut for cells of type $lut.
Using template $paramod$452a6869e85f719f86f8f3a7bf5b8f0bfff6cd3d\$lut for cells of type $lut.
Using template $paramod$8461a38da2644081983cd5b082d7f6c55a8dc5b7\$lut for cells of type $lut.
Using template $paramod$91155ba6fe8dd64ab08026ed7c7af7fd09871b70\$lut for cells of type $lut.
Using template $paramod$ebe8a76008360966bd8ffb5cdc80e1a6b339a1dd\$lut for cells of type $lut.
Using template $paramod$452f15f8c706f3c04afc42f217b2da610692a306\$lut for cells of type $lut.
Using template $paramod$0b72ed9354606aa696f8aeb31940da5721b1eab7\$lut for cells of type $lut.
Using template $paramod$5fe1667b210b8442703ae870dcc666b6655f91a7\$lut for cells of type $lut.
Using template $paramod$d18d03cf780103dca8ca1a9e09f2cc3285624e14\$lut for cells of type $lut.
Using template $paramod$ffaf6f20210bff93e5aa35bae12811bd1c42236e\$lut for cells of type $lut.
Using template $paramod$fd2437ae1437f5356060bdb993c7ecc82a498a84\$lut for cells of type $lut.
Using template $paramod$d45aba8719eefddf0bcda9ec691636c206719a02\$lut for cells of type $lut.
Using template $paramod$db6b1d04b6d95bb843274e9ec5314d0ee20e7256\$lut for cells of type $lut.
Using template $paramod$a5209f8295e0976d255d06e4ef9cbff63463330c\$lut for cells of type $lut.
Using template $paramod$734cb5d7d83659ae4da13abb9e04fafa8dc19119\$lut for cells of type $lut.
Using template $paramod$a9d8247ce3c534256335b6adbbaa1e0712747947\$lut for cells of type $lut.
Using template $paramod$7b6dba9da7b24ba15cc91d483adc1cbb42ec924c\$lut for cells of type $lut.
Using template $paramod$89402cec2db09203525abd6d01dfeacb652bf681\$lut for cells of type $lut.
Using template $paramod$a95aeb58822b83840ad0d33221e28b316b409b83\$lut for cells of type $lut.
Using template $paramod$550e018cb755d79f7ac98aa2903b15129a907e37\$lut for cells of type $lut.
Using template $paramod$ede761341368efd53bcaebaec83bbf67ed9dec7f\$lut for cells of type $lut.
Using template $paramod$2b57d0e3e8212197cc22968c82b3a63399ef9d9c\$lut for cells of type $lut.
Using template $paramod$700f16dd15e47fa4bc48c86aae53eeec77235752\$lut for cells of type $lut.
Using template $paramod$73880cf1608683b278234af8f7e256c39a67bcef\$lut for cells of type $lut.
Using template $paramod$4b6d71ecc8170bfacf38b3b71c1a9b261b163b05\$lut for cells of type $lut.
Using template $paramod$73121d2bdb36e9897e7bacce3433c53274ce9b5f\$lut for cells of type $lut.
Using template $paramod$2661aa2601af93e362041e04a59405a491f36855\$lut for cells of type $lut.
Using template $paramod$f6aa725215a1450c05e9668c72bfbe2e6267dfc7\$lut for cells of type $lut.
Using template $paramod$e0b192dcf742212c7befd720b774997b20cd9310\$lut for cells of type $lut.
Using template $paramod$d1374dd64afd8f03c51bc71ea5f77235e72d5eab\$lut for cells of type $lut.
Using template $paramod$f758f2ed051391a4e99c1366dd7e811574cddf79\$lut for cells of type $lut.
Using template $paramod$658460c2451bae18006d6fceb04c4d15e90ee2a2\$lut for cells of type $lut.
Using template $paramod$7444f4c942f54cd75b24aca934492b6d6000e5e1\$lut for cells of type $lut.
Using template $paramod$bc9a77b45b8b94f065bcde56ac042a8d79ff318b\$lut for cells of type $lut.
Using template $paramod$995ba512a447d27709010e6e3906195ddd4dff0a\$lut for cells of type $lut.
Using template $paramod$f127c45fa2ab960aaa616eb011ea9002e54bc190\$lut for cells of type $lut.
Using template $paramod$941e42d23e43e87d4bd9b0315166a8585c065ed7\$lut for cells of type $lut.
Using template $paramod$7f21164a29286b30cd9ee1d32fa329413cf9841a\$lut for cells of type $lut.
No more expansions possible.
<suppressed ~5774 debug messages>

16.23. Executing OPT_LUT_INS pass (discard unused LUT inputs).
Optimizing LUTs in top.
  Optimizing lut $abc$6369$auto$blifparse.cc:525:parse_blif$6494.genblk1.genblk1.genblk1.genblk1.genblk1.genblk1.genblk1.genblk1.lut1.genblk1.genblk1.genblk1.genblk1.genblk1.genblk1.genblk1.lut0.genblk1.genblk1.genblk1.genblk1.genblk1.genblk1.lut1.genblk1.genblk1.genblk1.genblk1.genblk1.lut0 (4 -> 2)
  Optimizing lut $abc$6369$auto$blifparse.cc:525:parse_blif$6478.genblk1.genblk1.genblk1.genblk1.genblk1.genblk1.genblk1.lut0.genblk1.genblk1.genblk1.genblk1.genblk1.genblk1.lut0.genblk1.genblk1.genblk1.genblk1.genblk1.lut1 (4 -> 0)
  Optimizing lut $abc$6369$auto$blifparse.cc:525:parse_blif$6479.genblk1.genblk1.genblk1.genblk1.genblk1.genblk1.genblk1.lut0.genblk1.genblk1.genblk1.genblk1.genblk1.genblk1.lut1.genblk1.genblk1.genblk1.genblk1.genblk1.lut0 (4 -> 0)
  Optimizing lut $abc$6369$auto$blifparse.cc:525:parse_blif$6479.genblk1.genblk1.genblk1.genblk1.genblk1.genblk1.genblk1.lut0.genblk1.genblk1.genblk1.genblk1.genblk1.genblk1.lut0.genblk1.genblk1.genblk1.genblk1.genblk1.lut0 (4 -> 0)
  Optimizing lut $abc$6369$auto$blifparse.cc:525:parse_blif$6503.genblk1.genblk1.genblk1.genblk1.genblk1.genblk1.genblk1.genblk1.lut0.genblk1.genblk1.genblk1.genblk1.genblk1.genblk1.genblk1.lut1.genblk1.genblk1.genblk1.genblk1.genblk1.genblk1.lut1.genblk1.genblk1.genblk1.genblk1.genblk1.lut1 (4 -> 1)
  Optimizing lut $abc$6369$auto$blifparse.cc:525:parse_blif$6497.genblk1.genblk1.genblk1.genblk1.genblk1.genblk1.genblk1.genblk1.lut0.genblk1.genblk1.genblk1.genblk1.genblk1.genblk1.genblk1.lut1.genblk1.genblk1.genblk1.genblk1.genblk1.genblk1.lut0.genblk1.genblk1.genblk1.genblk1.genblk1.lut1 (4 -> 0)
  Optimizing lut $abc$6369$auto$blifparse.cc:525:parse_blif$6493.genblk1.genblk1.genblk1.genblk1.genblk1.genblk1.genblk1.genblk1.lut1.genblk1.genblk1.genblk1.genblk1.genblk1.genblk1.genblk1.lut0.genblk1.genblk1.genblk1.genblk1.genblk1.genblk1.lut1.genblk1.genblk1.genblk1.genblk1.genblk1.lut1 (4 -> 0)
  Optimizing lut $abc$6369$auto$blifparse.cc:525:parse_blif$6524.genblk1.genblk1.genblk1.genblk1.genblk1.genblk1.genblk1.lut0.genblk1.genblk1.genblk1.genblk1.genblk1.genblk1.lut0.genblk1.genblk1.genblk1.genblk1.genblk1.lut0 (4 -> 0)
  Optimizing lut $abc$6369$auto$blifparse.cc:525:parse_blif$6534.genblk1.genblk1.genblk1.genblk1.genblk1.genblk1.genblk1.genblk1.lut1.genblk1.genblk1.genblk1.genblk1.genblk1.genblk1.genblk1.lut1.genblk1.genblk1.genblk1.genblk1.genblk1.genblk1.lut0.genblk1.genblk1.genblk1.genblk1.genblk1.lut0 (4 -> 0)
  Optimizing lut $abc$6369$auto$blifparse.cc:525:parse_blif$6493.genblk1.genblk1.genblk1.genblk1.genblk1.genblk1.genblk1.genblk1.lut1.genblk1.genblk1.genblk1.genblk1.genblk1.genblk1.genblk1.lut0.genblk1.genblk1.genblk1.genblk1.genblk1.genblk1.lut1.genblk1.genblk1.genblk1.genblk1.genblk1.lut0 (4 -> 0)
  Optimizing lut $abc$6369$auto$blifparse.cc:525:parse_blif$6494.genblk1.genblk1.genblk1.genblk1.genblk1.genblk1.genblk1.genblk1.lut1.genblk1.genblk1.genblk1.genblk1.genblk1.genblk1.genblk1.lut0.genblk1.genblk1.genblk1.genblk1.genblk1.genblk1.lut0.genblk1.genblk1.genblk1.genblk1.genblk1.lut0 (4 -> 2)
  Optimizing lut $abc$6369$auto$blifparse.cc:525:parse_blif$6497.genblk1.genblk1.genblk1.genblk1.genblk1.genblk1.genblk1.genblk1.lut0.genblk1.genblk1.genblk1.genblk1.genblk1.genblk1.genblk1.lut0.genblk1.genblk1.genblk1.genblk1.genblk1.genblk1.lut1.genblk1.genblk1.genblk1.genblk1.genblk1.lut0 (4 -> 0)
  Optimizing lut $abc$6369$auto$blifparse.cc:525:parse_blif$6497.genblk1.genblk1.genblk1.genblk1.genblk1.genblk1.genblk1.genblk1.lut0.genblk1.genblk1.genblk1.genblk1.genblk1.genblk1.genblk1.lut0.genblk1.genblk1.genblk1.genblk1.genblk1.genblk1.lut0.genblk1.genblk1.genblk1.genblk1.genblk1.lut1 (4 -> 0)
  Optimizing lut $abc$6369$auto$blifparse.cc:525:parse_blif$6513.genblk1.genblk1.genblk1.genblk1.genblk1.genblk1.genblk1.lut0.genblk1.genblk1.genblk1.genblk1.genblk1.genblk1.lut1.genblk1.genblk1.genblk1.genblk1.genblk1.lut0 (4 -> 0)
  Optimizing lut $abc$6369$auto$blifparse.cc:525:parse_blif$6504.genblk1.genblk1.genblk1.genblk1.genblk1.genblk1.genblk1.genblk1.lut0.genblk1.genblk1.genblk1.genblk1.genblk1.genblk1.genblk1.lut0.genblk1.genblk1.genblk1.genblk1.genblk1.genblk1.lut1.genblk1.genblk1.genblk1.genblk1.genblk1.lut0 (4 -> 2)
  Optimizing lut $abc$6369$auto$blifparse.cc:525:parse_blif$6518.genblk1.genblk1.genblk1.genblk1.genblk1.genblk1.genblk1.genblk1.lut0.genblk1.genblk1.genblk1.genblk1.genblk1.genblk1.genblk1.lut0.genblk1.genblk1.genblk1.genblk1.genblk1.genblk1.lut1.genblk1.genblk1.genblk1.genblk1.genblk1.lut0 (4 -> 3)
  Optimizing lut $abc$6369$auto$blifparse.cc:525:parse_blif$6506.genblk1.genblk1.genblk1.genblk1.genblk1.genblk1.genblk1.lut1.genblk1.genblk1.genblk1.genblk1.genblk1.genblk1.lut1.genblk1.genblk1.genblk1.genblk1.genblk1.lut1 (4 -> 0)
  Optimizing lut $abc$6369$auto$blifparse.cc:525:parse_blif$6517.genblk1.genblk1.genblk1.genblk1.genblk1.genblk1.genblk1.lut0.genblk1.genblk1.genblk1.genblk1.genblk1.genblk1.lut0.genblk1.genblk1.genblk1.genblk1.genblk1.lut1 (4 -> 0)
  Optimizing lut $abc$6369$auto$blifparse.cc:525:parse_blif$6506.genblk1.genblk1.genblk1.genblk1.genblk1.genblk1.genblk1.lut1.genblk1.genblk1.genblk1.genblk1.genblk1.genblk1.lut0.genblk1.genblk1.genblk1.genblk1.genblk1.lut1 (4 -> 0)
  Optimizing lut $abc$6369$auto$blifparse.cc:525:parse_blif$6495.genblk1.genblk1.genblk1.genblk1.genblk1.genblk1.genblk1.genblk1.lut0.genblk1.genblk1.genblk1.genblk1.genblk1.genblk1.genblk1.lut0.genblk1.genblk1.genblk1.genblk1.genblk1.genblk1.lut1.genblk1.genblk1.genblk1.genblk1.genblk1.lut0 (4 -> 2)
  Optimizing lut $abc$6369$auto$blifparse.cc:525:parse_blif$6478.genblk1.genblk1.genblk1.genblk1.genblk1.genblk1.genblk1.lut1.genblk1.genblk1.genblk1.genblk1.genblk1.genblk1.lut0.genblk1.genblk1.genblk1.genblk1.genblk1.lut0 (4 -> 0)
  Optimizing lut $abc$6369$auto$blifparse.cc:525:parse_blif$6505.genblk1.genblk1.genblk1.genblk1.genblk1.genblk1.genblk1.lut1.genblk1.genblk1.genblk1.genblk1.genblk1.genblk1.lut1.genblk1.genblk1.genblk1.genblk1.genblk1.lut0 (4 -> 0)
  Optimizing lut $abc$6369$auto$blifparse.cc:525:parse_blif$6518.genblk1.genblk1.genblk1.genblk1.genblk1.genblk1.genblk1.genblk1.lut1.genblk1.genblk1.genblk1.genblk1.genblk1.genblk1.genblk1.lut1.genblk1.genblk1.genblk1.genblk1.genblk1.genblk1.lut1.genblk1.genblk1.genblk1.genblk1.genblk1.lut0 (4 -> 0)
  Optimizing lut $abc$6369$auto$blifparse.cc:525:parse_blif$6533.genblk1.genblk1.genblk1.genblk1.genblk1.genblk1.genblk1.genblk1.lut0.genblk1.genblk1.genblk1.genblk1.genblk1.genblk1.genblk1.lut1.genblk1.genblk1.genblk1.genblk1.genblk1.genblk1.lut1.genblk1.genblk1.genblk1.genblk1.genblk1.lut0 (4 -> 1)
  Optimizing lut $abc$6369$auto$blifparse.cc:525:parse_blif$6494.genblk1.genblk1.genblk1.genblk1.genblk1.genblk1.genblk1.genblk1.lut1.genblk1.genblk1.genblk1.genblk1.genblk1.genblk1.genblk1.lut1.genblk1.genblk1.genblk1.genblk1.genblk1.genblk1.lut0.genblk1.genblk1.genblk1.genblk1.genblk1.lut0 (4 -> 2)
  Optimizing lut $abc$6369$auto$blifparse.cc:525:parse_blif$6494.genblk1.genblk1.genblk1.genblk1.genblk1.genblk1.genblk1.genblk1.lut1.genblk1.genblk1.genblk1.genblk1.genblk1.genblk1.genblk1.lut1.genblk1.genblk1.genblk1.genblk1.genblk1.genblk1.lut1.genblk1.genblk1.genblk1.genblk1.genblk1.lut0 (4 -> 2)
  Optimizing lut $abc$6369$auto$blifparse.cc:525:parse_blif$6499.genblk1.genblk1.genblk1.genblk1.genblk1.genblk1.genblk1.genblk1.lut0.genblk1.genblk1.genblk1.genblk1.genblk1.genblk1.genblk1.lut1.genblk1.genblk1.genblk1.genblk1.genblk1.genblk1.lut0.genblk1.genblk1.genblk1.genblk1.genblk1.lut1 (4 -> 0)
  Optimizing lut $abc$6369$auto$blifparse.cc:525:parse_blif$6534.genblk1.genblk1.genblk1.genblk1.genblk1.genblk1.genblk1.genblk1.lut1.genblk1.genblk1.genblk1.genblk1.genblk1.genblk1.genblk1.lut0.genblk1.genblk1.genblk1.genblk1.genblk1.genblk1.lut0.genblk1.genblk1.genblk1.genblk1.genblk1.lut0 (4 -> 0)
  Optimizing lut $abc$6369$auto$blifparse.cc:525:parse_blif$6499.genblk1.genblk1.genblk1.genblk1.genblk1.genblk1.genblk1.genblk1.lut1.genblk1.genblk1.genblk1.genblk1.genblk1.genblk1.genblk1.lut0.genblk1.genblk1.genblk1.genblk1.genblk1.genblk1.lut1.genblk1.genblk1.genblk1.genblk1.genblk1.lut0 (4 -> 2)
  Optimizing lut $abc$6369$auto$blifparse.cc:525:parse_blif$6511.genblk1.genblk1.genblk1.genblk1.genblk1.genblk1.genblk1.lut0.genblk1.genblk1.genblk1.genblk1.genblk1.genblk1.lut0.genblk1.genblk1.genblk1.genblk1.genblk1.lut0 (4 -> 0)
  Optimizing lut $abc$6369$auto$blifparse.cc:525:parse_blif$6494.genblk1.genblk1.genblk1.genblk1.genblk1.genblk1.genblk1.genblk1.lut0.genblk1.genblk1.genblk1.genblk1.genblk1.genblk1.genblk1.lut0.genblk1.genblk1.genblk1.genblk1.genblk1.genblk1.lut1.genblk1.genblk1.genblk1.genblk1.genblk1.lut0 (4 -> 1)
  Optimizing lut $abc$6369$auto$blifparse.cc:525:parse_blif$6516.genblk1.genblk1.genblk1.genblk1.genblk1.genblk1.genblk1.lut1.genblk1.genblk1.genblk1.genblk1.genblk1.genblk1.lut0.genblk1.genblk1.genblk1.genblk1.genblk1.lut0 (4 -> 0)
  Optimizing lut $abc$6369$auto$blifparse.cc:525:parse_blif$6533.genblk1.genblk1.genblk1.genblk1.genblk1.genblk1.genblk1.genblk1.lut0.genblk1.genblk1.genblk1.genblk1.genblk1.genblk1.genblk1.lut1.genblk1.genblk1.genblk1.genblk1.genblk1.genblk1.lut0.genblk1.genblk1.genblk1.genblk1.genblk1.lut0 (4 -> 1)
  Optimizing lut $abc$6369$auto$blifparse.cc:525:parse_blif$6535.genblk1.genblk1.genblk1.genblk1.genblk1.genblk1.genblk1.genblk1.lut0.genblk1.genblk1.genblk1.genblk1.genblk1.genblk1.genblk1.lut1.genblk1.genblk1.genblk1.genblk1.genblk1.genblk1.lut1.genblk1.genblk1.genblk1.genblk1.genblk1.lut0 (4 -> 1)
  Optimizing lut $abc$6369$auto$blifparse.cc:525:parse_blif$6535.genblk1.genblk1.genblk1.genblk1.genblk1.genblk1.genblk1.genblk1.lut1.genblk1.genblk1.genblk1.genblk1.genblk1.genblk1.genblk1.lut0.genblk1.genblk1.genblk1.genblk1.genblk1.genblk1.lut1.genblk1.genblk1.genblk1.genblk1.genblk1.lut0 (4 -> 0)
  Optimizing lut $abc$6369$auto$blifparse.cc:525:parse_blif$6535.genblk1.genblk1.genblk1.genblk1.genblk1.genblk1.genblk1.genblk1.lut0.genblk1.genblk1.genblk1.genblk1.genblk1.genblk1.genblk1.lut0.genblk1.genblk1.genblk1.genblk1.genblk1.genblk1.lut1.genblk1.genblk1.genblk1.genblk1.genblk1.lut0 (4 -> 3)
  Optimizing lut $abc$6369$auto$blifparse.cc:525:parse_blif$6510.genblk1.genblk1.genblk1.genblk1.genblk1.genblk1.genblk1.genblk1.lut1.genblk1.genblk1.genblk1.genblk1.genblk1.genblk1.genblk1.lut1.genblk1.genblk1.genblk1.genblk1.genblk1.genblk1.lut0.genblk1.genblk1.genblk1.genblk1.genblk1.lut1 (4 -> 0)
  Optimizing lut $abc$6369$auto$blifparse.cc:525:parse_blif$6497.genblk1.genblk1.genblk1.genblk1.genblk1.genblk1.genblk1.genblk1.lut0.genblk1.genblk1.genblk1.genblk1.genblk1.genblk1.genblk1.lut0.genblk1.genblk1.genblk1.genblk1.genblk1.genblk1.lut1.genblk1.genblk1.genblk1.genblk1.genblk1.lut1 (4 -> 0)
  Optimizing lut $abc$6369$auto$blifparse.cc:525:parse_blif$6535.genblk1.genblk1.genblk1.genblk1.genblk1.genblk1.genblk1.genblk1.lut0.genblk1.genblk1.genblk1.genblk1.genblk1.genblk1.genblk1.lut1.genblk1.genblk1.genblk1.genblk1.genblk1.genblk1.lut0.genblk1.genblk1.genblk1.genblk1.genblk1.lut1 (4 -> 1)
  Optimizing lut $abc$6369$auto$blifparse.cc:525:parse_blif$6533.genblk1.genblk1.genblk1.genblk1.genblk1.genblk1.genblk1.genblk1.lut1.genblk1.genblk1.genblk1.genblk1.genblk1.genblk1.genblk1.lut1.genblk1.genblk1.genblk1.genblk1.genblk1.genblk1.lut1.genblk1.genblk1.genblk1.genblk1.genblk1.lut0 (4 -> 0)
  Optimizing lut $abc$6369$auto$blifparse.cc:525:parse_blif$6499.genblk1.genblk1.genblk1.genblk1.genblk1.genblk1.genblk1.genblk1.lut1.genblk1.genblk1.genblk1.genblk1.genblk1.genblk1.genblk1.lut1.genblk1.genblk1.genblk1.genblk1.genblk1.genblk1.lut1.genblk1.genblk1.genblk1.genblk1.genblk1.lut0 (4 -> 2)
  Optimizing lut $abc$6369$auto$blifparse.cc:525:parse_blif$6533.genblk1.genblk1.genblk1.genblk1.genblk1.genblk1.genblk1.genblk1.lut1.genblk1.genblk1.genblk1.genblk1.genblk1.genblk1.genblk1.lut0.genblk1.genblk1.genblk1.genblk1.genblk1.genblk1.lut0.genblk1.genblk1.genblk1.genblk1.genblk1.lut0 (4 -> 0)
  Optimizing lut $abc$6369$auto$blifparse.cc:525:parse_blif$6533.genblk1.genblk1.genblk1.genblk1.genblk1.genblk1.genblk1.genblk1.lut1.genblk1.genblk1.genblk1.genblk1.genblk1.genblk1.genblk1.lut0.genblk1.genblk1.genblk1.genblk1.genblk1.genblk1.lut1.genblk1.genblk1.genblk1.genblk1.genblk1.lut0 (4 -> 0)
  Optimizing lut $abc$6369$auto$blifparse.cc:525:parse_blif$6506.genblk1.genblk1.genblk1.genblk1.genblk1.genblk1.genblk1.lut0.genblk1.genblk1.genblk1.genblk1.genblk1.genblk1.lut0.genblk1.genblk1.genblk1.genblk1.genblk1.lut0 (4 -> 0)
  Optimizing lut $abc$6369$auto$blifparse.cc:525:parse_blif$6511.genblk1.genblk1.genblk1.genblk1.genblk1.genblk1.genblk1.lut0.genblk1.genblk1.genblk1.genblk1.genblk1.genblk1.lut0.genblk1.genblk1.genblk1.genblk1.genblk1.lut1 (4 -> 0)
  Optimizing lut $abc$6369$auto$blifparse.cc:525:parse_blif$6535.genblk1.genblk1.genblk1.genblk1.genblk1.genblk1.genblk1.genblk1.lut1.genblk1.genblk1.genblk1.genblk1.genblk1.genblk1.genblk1.lut1.genblk1.genblk1.genblk1.genblk1.genblk1.genblk1.lut0.genblk1.genblk1.genblk1.genblk1.genblk1.lut0 (4 -> 0)
  Optimizing lut $abc$6369$auto$blifparse.cc:525:parse_blif$6493.genblk1.genblk1.genblk1.genblk1.genblk1.genblk1.genblk1.genblk1.lut0.genblk1.genblk1.genblk1.genblk1.genblk1.genblk1.genblk1.lut1.genblk1.genblk1.genblk1.genblk1.genblk1.genblk1.lut0.genblk1.genblk1.genblk1.genblk1.genblk1.lut0 (4 -> 0)
  Optimizing lut $abc$6369$auto$blifparse.cc:525:parse_blif$6493.genblk1.genblk1.genblk1.genblk1.genblk1.genblk1.genblk1.genblk1.lut0.genblk1.genblk1.genblk1.genblk1.genblk1.genblk1.genblk1.lut1.genblk1.genblk1.genblk1.genblk1.genblk1.genblk1.lut1.genblk1.genblk1.genblk1.genblk1.genblk1.lut0 (4 -> 0)
  Optimizing lut $abc$6369$auto$blifparse.cc:525:parse_blif$6524.genblk1.genblk1.genblk1.genblk1.genblk1.genblk1.genblk1.lut1.genblk1.genblk1.genblk1.genblk1.genblk1.genblk1.lut0.genblk1.genblk1.genblk1.genblk1.genblk1.lut0 (4 -> 0)
  Optimizing lut $abc$6369$auto$blifparse.cc:525:parse_blif$6511.genblk1.genblk1.genblk1.genblk1.genblk1.genblk1.genblk1.lut1.genblk1.genblk1.genblk1.genblk1.genblk1.genblk1.lut1.genblk1.genblk1.genblk1.genblk1.genblk1.lut0 (4 -> 3)
  Optimizing lut $abc$6369$auto$blifparse.cc:525:parse_blif$6516.genblk1.genblk1.genblk1.genblk1.genblk1.genblk1.genblk1.lut0.genblk1.genblk1.genblk1.genblk1.genblk1.genblk1.lut0.genblk1.genblk1.genblk1.genblk1.genblk1.lut0 (4 -> 3)
  Optimizing lut $abc$6369$auto$blifparse.cc:525:parse_blif$6481.genblk1.genblk1.genblk1.genblk1.genblk1.genblk1.genblk1.lut1.genblk1.genblk1.genblk1.genblk1.genblk1.genblk1.lut1.genblk1.genblk1.genblk1.genblk1.genblk1.lut0 (4 -> 0)
  Optimizing lut $abc$6369$auto$blifparse.cc:525:parse_blif$6495.genblk1.genblk1.genblk1.genblk1.genblk1.genblk1.genblk1.genblk1.lut0.genblk1.genblk1.genblk1.genblk1.genblk1.genblk1.genblk1.lut1.genblk1.genblk1.genblk1.genblk1.genblk1.genblk1.lut1.genblk1.genblk1.genblk1.genblk1.genblk1.lut1 (4 -> 2)
  Optimizing lut $abc$6369$auto$blifparse.cc:525:parse_blif$6512.genblk1.genblk1.genblk1.genblk1.genblk1.genblk1.genblk1.lut1.genblk1.genblk1.genblk1.genblk1.genblk1.genblk1.lut0.genblk1.genblk1.genblk1.genblk1.genblk1.lut0 (4 -> 0)
  Optimizing lut $abc$6369$auto$blifparse.cc:525:parse_blif$6495.genblk1.genblk1.genblk1.genblk1.genblk1.genblk1.genblk1.genblk1.lut0.genblk1.genblk1.genblk1.genblk1.genblk1.genblk1.genblk1.lut1.genblk1.genblk1.genblk1.genblk1.genblk1.genblk1.lut0.genblk1.genblk1.genblk1.genblk1.genblk1.lut0 (4 -> 2)
  Optimizing lut $abc$6369$auto$blifparse.cc:525:parse_blif$6528.genblk1.genblk1.genblk1.genblk1.genblk1.genblk1.genblk1.genblk1.lut1.genblk1.genblk1.genblk1.genblk1.genblk1.genblk1.genblk1.lut1.genblk1.genblk1.genblk1.genblk1.genblk1.genblk1.lut0.genblk1.genblk1.genblk1.genblk1.genblk1.lut1 (4 -> 0)
  Optimizing lut $abc$6369$auto$blifparse.cc:525:parse_blif$6477.genblk1.genblk1.genblk1.genblk1.genblk1.genblk1.genblk1.genblk1.lut0.genblk1.genblk1.genblk1.genblk1.genblk1.genblk1.genblk1.lut1.genblk1.genblk1.genblk1.genblk1.genblk1.genblk1.lut1.genblk1.genblk1.genblk1.genblk1.genblk1.lut1 (4 -> 0)
  Optimizing lut $abc$6369$auto$blifparse.cc:525:parse_blif$6517.genblk1.genblk1.genblk1.genblk1.genblk1.genblk1.genblk1.lut1.genblk1.genblk1.genblk1.genblk1.genblk1.genblk1.lut1.genblk1.genblk1.genblk1.genblk1.genblk1.lut0 (4 -> 0)
  Optimizing lut $abc$6369$auto$blifparse.cc:525:parse_blif$6477.genblk1.genblk1.genblk1.genblk1.genblk1.genblk1.genblk1.genblk1.lut0.genblk1.genblk1.genblk1.genblk1.genblk1.genblk1.genblk1.lut0.genblk1.genblk1.genblk1.genblk1.genblk1.genblk1.lut0.genblk1.genblk1.genblk1.genblk1.genblk1.lut0 (4 -> 0)
  Optimizing lut $abc$6369$auto$blifparse.cc:525:parse_blif$6477.genblk1.genblk1.genblk1.genblk1.genblk1.genblk1.genblk1.genblk1.lut0.genblk1.genblk1.genblk1.genblk1.genblk1.genblk1.genblk1.lut1.genblk1.genblk1.genblk1.genblk1.genblk1.genblk1.lut1.genblk1.genblk1.genblk1.genblk1.genblk1.lut0 (4 -> 0)
  Optimizing lut $abc$6369$auto$blifparse.cc:525:parse_blif$6477.genblk1.genblk1.genblk1.genblk1.genblk1.genblk1.genblk1.genblk1.lut0.genblk1.genblk1.genblk1.genblk1.genblk1.genblk1.genblk1.lut1.genblk1.genblk1.genblk1.genblk1.genblk1.genblk1.lut0.genblk1.genblk1.genblk1.genblk1.genblk1.lut0 (4 -> 0)
  Optimizing lut $abc$6369$auto$blifparse.cc:525:parse_blif$6510.genblk1.genblk1.genblk1.genblk1.genblk1.genblk1.genblk1.genblk1.lut0.genblk1.genblk1.genblk1.genblk1.genblk1.genblk1.genblk1.lut0.genblk1.genblk1.genblk1.genblk1.genblk1.genblk1.lut0.genblk1.genblk1.genblk1.genblk1.genblk1.lut1 (4 -> 1)
  Optimizing lut $abc$6369$auto$blifparse.cc:525:parse_blif$6510.genblk1.genblk1.genblk1.genblk1.genblk1.genblk1.genblk1.genblk1.lut0.genblk1.genblk1.genblk1.genblk1.genblk1.genblk1.genblk1.lut1.genblk1.genblk1.genblk1.genblk1.genblk1.genblk1.lut1.genblk1.genblk1.genblk1.genblk1.genblk1.lut0 (4 -> 0)
  Optimizing lut $abc$6369$auto$blifparse.cc:525:parse_blif$6510.genblk1.genblk1.genblk1.genblk1.genblk1.genblk1.genblk1.genblk1.lut1.genblk1.genblk1.genblk1.genblk1.genblk1.genblk1.genblk1.lut1.genblk1.genblk1.genblk1.genblk1.genblk1.genblk1.lut0.genblk1.genblk1.genblk1.genblk1.genblk1.lut0 (4 -> 0)
  Optimizing lut $abc$6369$auto$blifparse.cc:525:parse_blif$6495.genblk1.genblk1.genblk1.genblk1.genblk1.genblk1.genblk1.genblk1.lut1.genblk1.genblk1.genblk1.genblk1.genblk1.genblk1.genblk1.lut0.genblk1.genblk1.genblk1.genblk1.genblk1.genblk1.lut1.genblk1.genblk1.genblk1.genblk1.genblk1.lut0 (4 -> 2)
  Optimizing lut $abc$6369$auto$blifparse.cc:525:parse_blif$6495.genblk1.genblk1.genblk1.genblk1.genblk1.genblk1.genblk1.genblk1.lut1.genblk1.genblk1.genblk1.genblk1.genblk1.genblk1.genblk1.lut0.genblk1.genblk1.genblk1.genblk1.genblk1.genblk1.lut0.genblk1.genblk1.genblk1.genblk1.genblk1.lut0 (4 -> 2)
  Optimizing lut $abc$6369$auto$blifparse.cc:525:parse_blif$6510.genblk1.genblk1.genblk1.genblk1.genblk1.genblk1.genblk1.genblk1.lut1.genblk1.genblk1.genblk1.genblk1.genblk1.genblk1.genblk1.lut1.genblk1.genblk1.genblk1.genblk1.genblk1.genblk1.lut1.genblk1.genblk1.genblk1.genblk1.genblk1.lut1 (4 -> 0)
  Optimizing lut $abc$6369$auto$blifparse.cc:525:parse_blif$6510.genblk1.genblk1.genblk1.genblk1.genblk1.genblk1.genblk1.genblk1.lut1.genblk1.genblk1.genblk1.genblk1.genblk1.genblk1.genblk1.lut0.genblk1.genblk1.genblk1.genblk1.genblk1.genblk1.lut1.genblk1.genblk1.genblk1.genblk1.genblk1.lut0 (4 -> 0)
  Optimizing lut $abc$6369$auto$blifparse.cc:525:parse_blif$6479.genblk1.genblk1.genblk1.genblk1.genblk1.genblk1.genblk1.lut0.genblk1.genblk1.genblk1.genblk1.genblk1.genblk1.lut0.genblk1.genblk1.genblk1.genblk1.genblk1.lut1 (4 -> 0)
  Optimizing lut $abc$6369$auto$blifparse.cc:525:parse_blif$6512.genblk1.genblk1.genblk1.genblk1.genblk1.genblk1.genblk1.lut1.genblk1.genblk1.genblk1.genblk1.genblk1.genblk1.lut1.genblk1.genblk1.genblk1.genblk1.genblk1.lut0 (4 -> 0)
  Optimizing lut $abc$6369$auto$blifparse.cc:525:parse_blif$6495.genblk1.genblk1.genblk1.genblk1.genblk1.genblk1.genblk1.genblk1.lut1.genblk1.genblk1.genblk1.genblk1.genblk1.genblk1.genblk1.lut1.genblk1.genblk1.genblk1.genblk1.genblk1.genblk1.lut0.genblk1.genblk1.genblk1.genblk1.genblk1.lut0 (4 -> 2)
  Optimizing lut $abc$6369$auto$blifparse.cc:525:parse_blif$6400.genblk1.genblk1.genblk1.genblk1.genblk1.genblk1.genblk1.lut1.genblk1.genblk1.genblk1.genblk1.genblk1.genblk1.lut1.genblk1.genblk1.genblk1.genblk1.genblk1.lut1 (4 -> 3)
  Optimizing lut $abc$6369$auto$blifparse.cc:525:parse_blif$6400.genblk1.genblk1.genblk1.genblk1.genblk1.genblk1.genblk1.lut1.genblk1.genblk1.genblk1.genblk1.genblk1.genblk1.lut0.genblk1.genblk1.genblk1.genblk1.genblk1.lut0 (4 -> 3)
  Optimizing lut $abc$6369$auto$blifparse.cc:525:parse_blif$6534.genblk1.genblk1.genblk1.genblk1.genblk1.genblk1.genblk1.genblk1.lut0.genblk1.genblk1.genblk1.genblk1.genblk1.genblk1.genblk1.lut1.genblk1.genblk1.genblk1.genblk1.genblk1.genblk1.lut1.genblk1.genblk1.genblk1.genblk1.genblk1.lut1 (4 -> 0)
  Optimizing lut $abc$6369$auto$blifparse.cc:525:parse_blif$6498.genblk1.genblk1.genblk1.genblk1.genblk1.genblk1.genblk1.lut1.genblk1.genblk1.genblk1.genblk1.genblk1.genblk1.lut0.genblk1.genblk1.genblk1.genblk1.genblk1.lut0 (4 -> 1)
  Optimizing lut $abc$6369$auto$blifparse.cc:525:parse_blif$6479.genblk1.genblk1.genblk1.genblk1.genblk1.genblk1.genblk1.lut1.genblk1.genblk1.genblk1.genblk1.genblk1.genblk1.lut0.genblk1.genblk1.genblk1.genblk1.genblk1.lut0 (4 -> 0)
  Optimizing lut $abc$6369$auto$blifparse.cc:525:parse_blif$6479.genblk1.genblk1.genblk1.genblk1.genblk1.genblk1.genblk1.lut1.genblk1.genblk1.genblk1.genblk1.genblk1.genblk1.lut0.genblk1.genblk1.genblk1.genblk1.genblk1.lut1 (4 -> 0)
  Optimizing lut $abc$6369$auto$blifparse.cc:525:parse_blif$6499.genblk1.genblk1.genblk1.genblk1.genblk1.genblk1.genblk1.genblk1.lut1.genblk1.genblk1.genblk1.genblk1.genblk1.genblk1.genblk1.lut0.genblk1.genblk1.genblk1.genblk1.genblk1.genblk1.lut0.genblk1.genblk1.genblk1.genblk1.genblk1.lut0 (4 -> 2)
  Optimizing lut $abc$6369$auto$blifparse.cc:525:parse_blif$6511.genblk1.genblk1.genblk1.genblk1.genblk1.genblk1.genblk1.lut0.genblk1.genblk1.genblk1.genblk1.genblk1.genblk1.lut1.genblk1.genblk1.genblk1.genblk1.genblk1.lut0 (4 -> 0)
  Optimizing lut $abc$6369$auto$blifparse.cc:525:parse_blif$6495.genblk1.genblk1.genblk1.genblk1.genblk1.genblk1.genblk1.genblk1.lut0.genblk1.genblk1.genblk1.genblk1.genblk1.genblk1.genblk1.lut0.genblk1.genblk1.genblk1.genblk1.genblk1.genblk1.lut0.genblk1.genblk1.genblk1.genblk1.genblk1.lut1 (4 -> 2)
  Optimizing lut $abc$6369$auto$blifparse.cc:525:parse_blif$6524.genblk1.genblk1.genblk1.genblk1.genblk1.genblk1.genblk1.lut1.genblk1.genblk1.genblk1.genblk1.genblk1.genblk1.lut1.genblk1.genblk1.genblk1.genblk1.genblk1.lut1 (4 -> 2)
  Optimizing lut $abc$6369$auto$blifparse.cc:525:parse_blif$6505.genblk1.genblk1.genblk1.genblk1.genblk1.genblk1.genblk1.lut1.genblk1.genblk1.genblk1.genblk1.genblk1.genblk1.lut0.genblk1.genblk1.genblk1.genblk1.genblk1.lut1 (4 -> 0)
  Optimizing lut $abc$6369$auto$blifparse.cc:525:parse_blif$6504.genblk1.genblk1.genblk1.genblk1.genblk1.genblk1.genblk1.genblk1.lut1.genblk1.genblk1.genblk1.genblk1.genblk1.genblk1.genblk1.lut1.genblk1.genblk1.genblk1.genblk1.genblk1.genblk1.lut0.genblk1.genblk1.genblk1.genblk1.genblk1.lut1 (4 -> 2)
  Optimizing lut $abc$6369$auto$blifparse.cc:525:parse_blif$6494.genblk1.genblk1.genblk1.genblk1.genblk1.genblk1.genblk1.genblk1.lut0.genblk1.genblk1.genblk1.genblk1.genblk1.genblk1.genblk1.lut1.genblk1.genblk1.genblk1.genblk1.genblk1.genblk1.lut1.genblk1.genblk1.genblk1.genblk1.genblk1.lut1 (4 -> 0)
  Optimizing lut $abc$6369$auto$blifparse.cc:525:parse_blif$6518.genblk1.genblk1.genblk1.genblk1.genblk1.genblk1.genblk1.genblk1.lut0.genblk1.genblk1.genblk1.genblk1.genblk1.genblk1.genblk1.lut1.genblk1.genblk1.genblk1.genblk1.genblk1.genblk1.lut1.genblk1.genblk1.genblk1.genblk1.genblk1.lut1 (4 -> 0)
  Optimizing lut $abc$6369$auto$blifparse.cc:525:parse_blif$6477.genblk1.genblk1.genblk1.genblk1.genblk1.genblk1.genblk1.genblk1.lut1.genblk1.genblk1.genblk1.genblk1.genblk1.genblk1.genblk1.lut0.genblk1.genblk1.genblk1.genblk1.genblk1.genblk1.lut0.genblk1.genblk1.genblk1.genblk1.genblk1.lut1 (4 -> 0)
  Optimizing lut $abc$6369$auto$blifparse.cc:525:parse_blif$6536.genblk1.genblk1.genblk1.genblk1.genblk1.genblk1.genblk1.genblk1.lut0.genblk1.genblk1.genblk1.genblk1.genblk1.genblk1.genblk1.lut0.genblk1.genblk1.genblk1.genblk1.genblk1.genblk1.lut1.genblk1.genblk1.genblk1.genblk1.genblk1.lut0 (4 -> 0)
  Optimizing lut $abc$6369$auto$blifparse.cc:525:parse_blif$6536.genblk1.genblk1.genblk1.genblk1.genblk1.genblk1.genblk1.genblk1.lut0.genblk1.genblk1.genblk1.genblk1.genblk1.genblk1.genblk1.lut1.genblk1.genblk1.genblk1.genblk1.genblk1.genblk1.lut1.genblk1.genblk1.genblk1.genblk1.genblk1.lut1 (4 -> 0)
  Optimizing lut $abc$6369$auto$blifparse.cc:525:parse_blif$6497.genblk1.genblk1.genblk1.genblk1.genblk1.genblk1.genblk1.genblk1.lut0.genblk1.genblk1.genblk1.genblk1.genblk1.genblk1.genblk1.lut0.genblk1.genblk1.genblk1.genblk1.genblk1.genblk1.lut0.genblk1.genblk1.genblk1.genblk1.genblk1.lut0 (4 -> 0)
  Optimizing lut $abc$6369$auto$blifparse.cc:525:parse_blif$6536.genblk1.genblk1.genblk1.genblk1.genblk1.genblk1.genblk1.genblk1.lut0.genblk1.genblk1.genblk1.genblk1.genblk1.genblk1.genblk1.lut0.genblk1.genblk1.genblk1.genblk1.genblk1.genblk1.lut0.genblk1.genblk1.genblk1.genblk1.genblk1.lut0 (4 -> 0)
  Optimizing lut $abc$6369$auto$blifparse.cc:525:parse_blif$6504.genblk1.genblk1.genblk1.genblk1.genblk1.genblk1.genblk1.genblk1.lut1.genblk1.genblk1.genblk1.genblk1.genblk1.genblk1.genblk1.lut1.genblk1.genblk1.genblk1.genblk1.genblk1.genblk1.lut1.genblk1.genblk1.genblk1.genblk1.genblk1.lut0 (4 -> 2)
  Optimizing lut $abc$6369$auto$blifparse.cc:525:parse_blif$6499.genblk1.genblk1.genblk1.genblk1.genblk1.genblk1.genblk1.genblk1.lut0.genblk1.genblk1.genblk1.genblk1.genblk1.genblk1.genblk1.lut0.genblk1.genblk1.genblk1.genblk1.genblk1.genblk1.lut1.genblk1.genblk1.genblk1.genblk1.genblk1.lut1 (4 -> 0)
  Optimizing lut $abc$6369$auto$blifparse.cc:525:parse_blif$6504.genblk1.genblk1.genblk1.genblk1.genblk1.genblk1.genblk1.genblk1.lut0.genblk1.genblk1.genblk1.genblk1.genblk1.genblk1.genblk1.lut0.genblk1.genblk1.genblk1.genblk1.genblk1.genblk1.lut1.genblk1.genblk1.genblk1.genblk1.genblk1.lut1 (4 -> 2)
  Optimizing lut $abc$6369$auto$blifparse.cc:525:parse_blif$6518.genblk1.genblk1.genblk1.genblk1.genblk1.genblk1.genblk1.genblk1.lut0.genblk1.genblk1.genblk1.genblk1.genblk1.genblk1.genblk1.lut0.genblk1.genblk1.genblk1.genblk1.genblk1.genblk1.lut0.genblk1.genblk1.genblk1.genblk1.genblk1.lut1 (4 -> 0)
  Optimizing lut $abc$6369$auto$blifparse.cc:525:parse_blif$6497.genblk1.genblk1.genblk1.genblk1.genblk1.genblk1.genblk1.genblk1.lut1.genblk1.genblk1.genblk1.genblk1.genblk1.genblk1.genblk1.lut0.genblk1.genblk1.genblk1.genblk1.genblk1.genblk1.lut1.genblk1.genblk1.genblk1.genblk1.genblk1.lut1 (4 -> 0)
  Optimizing lut $abc$6369$auto$blifparse.cc:525:parse_blif$6499.genblk1.genblk1.genblk1.genblk1.genblk1.genblk1.genblk1.genblk1.lut0.genblk1.genblk1.genblk1.genblk1.genblk1.genblk1.genblk1.lut0.genblk1.genblk1.genblk1.genblk1.genblk1.genblk1.lut1.genblk1.genblk1.genblk1.genblk1.genblk1.lut0 (4 -> 0)
  Optimizing lut $abc$6369$auto$blifparse.cc:525:parse_blif$6530.genblk1.genblk1.genblk1.genblk1.genblk1.genblk1.genblk1.lut1.genblk1.genblk1.genblk1.genblk1.genblk1.genblk1.lut1.genblk1.genblk1.genblk1.genblk1.genblk1.lut0 (4 -> 2)
  Optimizing lut $abc$6369$auto$blifparse.cc:525:parse_blif$6499.genblk1.genblk1.genblk1.genblk1.genblk1.genblk1.genblk1.genblk1.lut1.genblk1.genblk1.genblk1.genblk1.genblk1.genblk1.genblk1.lut1.genblk1.genblk1.genblk1.genblk1.genblk1.genblk1.lut1.genblk1.genblk1.genblk1.genblk1.genblk1.lut1 (4 -> 2)
  Optimizing lut $abc$6369$auto$blifparse.cc:525:parse_blif$6518.genblk1.genblk1.genblk1.genblk1.genblk1.genblk1.genblk1.genblk1.lut1.genblk1.genblk1.genblk1.genblk1.genblk1.genblk1.genblk1.lut0.genblk1.genblk1.genblk1.genblk1.genblk1.genblk1.lut0.genblk1.genblk1.genblk1.genblk1.genblk1.lut0 (4 -> 0)
  Optimizing lut $abc$6369$auto$blifparse.cc:525:parse_blif$6493.genblk1.genblk1.genblk1.genblk1.genblk1.genblk1.genblk1.genblk1.lut1.genblk1.genblk1.genblk1.genblk1.genblk1.genblk1.genblk1.lut1.genblk1.genblk1.genblk1.genblk1.genblk1.genblk1.lut0.genblk1.genblk1.genblk1.genblk1.genblk1.lut0 (4 -> 0)
  Optimizing lut $abc$6369$auto$blifparse.cc:525:parse_blif$6493.genblk1.genblk1.genblk1.genblk1.genblk1.genblk1.genblk1.genblk1.lut1.genblk1.genblk1.genblk1.genblk1.genblk1.genblk1.genblk1.lut1.genblk1.genblk1.genblk1.genblk1.genblk1.genblk1.lut1.genblk1.genblk1.genblk1.genblk1.genblk1.lut0 (4 -> 0)
  Optimizing lut $abc$6369$auto$blifparse.cc:525:parse_blif$6503.genblk1.genblk1.genblk1.genblk1.genblk1.genblk1.genblk1.genblk1.lut1.genblk1.genblk1.genblk1.genblk1.genblk1.genblk1.genblk1.lut1.genblk1.genblk1.genblk1.genblk1.genblk1.genblk1.lut0.genblk1.genblk1.genblk1.genblk1.genblk1.lut0 (4 -> 1)
  Optimizing lut $abc$6369$auto$blifparse.cc:525:parse_blif$6503.genblk1.genblk1.genblk1.genblk1.genblk1.genblk1.genblk1.genblk1.lut1.genblk1.genblk1.genblk1.genblk1.genblk1.genblk1.genblk1.lut0.genblk1.genblk1.genblk1.genblk1.genblk1.genblk1.lut1.genblk1.genblk1.genblk1.genblk1.genblk1.lut0 (4 -> 1)
  Optimizing lut $abc$6369$auto$blifparse.cc:525:parse_blif$6512.genblk1.genblk1.genblk1.genblk1.genblk1.genblk1.genblk1.lut0.genblk1.genblk1.genblk1.genblk1.genblk1.genblk1.lut0.genblk1.genblk1.genblk1.genblk1.genblk1.lut1 (4 -> 0)
  Optimizing lut $abc$6369$auto$blifparse.cc:525:parse_blif$6528.genblk1.genblk1.genblk1.genblk1.genblk1.genblk1.genblk1.genblk1.lut0.genblk1.genblk1.genblk1.genblk1.genblk1.genblk1.genblk1.lut0.genblk1.genblk1.genblk1.genblk1.genblk1.genblk1.lut1.genblk1.genblk1.genblk1.genblk1.genblk1.lut0 (4 -> 1)
  Optimizing lut $abc$6369$auto$blifparse.cc:525:parse_blif$6512.genblk1.genblk1.genblk1.genblk1.genblk1.genblk1.genblk1.lut0.genblk1.genblk1.genblk1.genblk1.genblk1.genblk1.lut0.genblk1.genblk1.genblk1.genblk1.genblk1.lut0 (4 -> 0)
  Optimizing lut $abc$6369$auto$blifparse.cc:525:parse_blif$6536.genblk1.genblk1.genblk1.genblk1.genblk1.genblk1.genblk1.genblk1.lut1.genblk1.genblk1.genblk1.genblk1.genblk1.genblk1.genblk1.lut1.genblk1.genblk1.genblk1.genblk1.genblk1.genblk1.lut1.genblk1.genblk1.genblk1.genblk1.genblk1.lut0 (4 -> 0)
  Optimizing lut $abc$6369$auto$blifparse.cc:525:parse_blif$6399.genblk1.genblk1.genblk1.genblk1.genblk1.genblk1.genblk1.lut1.genblk1.genblk1.genblk1.genblk1.genblk1.genblk1.lut1.genblk1.genblk1.genblk1.genblk1.genblk1.lut0 (4 -> 3)
  Optimizing lut $abc$6369$auto$blifparse.cc:525:parse_blif$6530.genblk1.genblk1.genblk1.genblk1.genblk1.genblk1.genblk1.lut0.genblk1.genblk1.genblk1.genblk1.genblk1.genblk1.lut1.genblk1.genblk1.genblk1.genblk1.genblk1.lut1 (4 -> 1)
  Optimizing lut $abc$6369$auto$blifparse.cc:525:parse_blif$6504.genblk1.genblk1.genblk1.genblk1.genblk1.genblk1.genblk1.genblk1.lut0.genblk1.genblk1.genblk1.genblk1.genblk1.genblk1.genblk1.lut1.genblk1.genblk1.genblk1.genblk1.genblk1.genblk1.lut1.genblk1.genblk1.genblk1.genblk1.genblk1.lut0 (4 -> 2)
  Optimizing lut $abc$6369$auto$blifparse.cc:525:parse_blif$6503.genblk1.genblk1.genblk1.genblk1.genblk1.genblk1.genblk1.genblk1.lut1.genblk1.genblk1.genblk1.genblk1.genblk1.genblk1.genblk1.lut1.genblk1.genblk1.genblk1.genblk1.genblk1.genblk1.lut1.genblk1.genblk1.genblk1.genblk1.genblk1.lut1 (4 -> 1)
  Optimizing lut $abc$6369$auto$blifparse.cc:525:parse_blif$6536.genblk1.genblk1.genblk1.genblk1.genblk1.genblk1.genblk1.genblk1.lut1.genblk1.genblk1.genblk1.genblk1.genblk1.genblk1.genblk1.lut0.genblk1.genblk1.genblk1.genblk1.genblk1.genblk1.lut1.genblk1.genblk1.genblk1.genblk1.genblk1.lut1 (4 -> 0)
  Optimizing lut $abc$6369$auto$blifparse.cc:525:parse_blif$6533.genblk1.genblk1.genblk1.genblk1.genblk1.genblk1.genblk1.genblk1.lut0.genblk1.genblk1.genblk1.genblk1.genblk1.genblk1.genblk1.lut0.genblk1.genblk1.genblk1.genblk1.genblk1.genblk1.lut1.genblk1.genblk1.genblk1.genblk1.genblk1.lut0 (4 -> 3)
  Optimizing lut $abc$6369$auto$blifparse.cc:525:parse_blif$6538.genblk1.genblk1.genblk1.genblk1.genblk1.genblk1.lut1.genblk1.genblk1.genblk1.genblk1.genblk1.lut1 (4 -> 0)
  Optimizing lut $abc$6369$auto$blifparse.cc:525:parse_blif$6538.genblk1.genblk1.genblk1.genblk1.genblk1.genblk1.lut0.genblk1.genblk1.genblk1.genblk1.genblk1.lut1 (4 -> 3)
  Optimizing lut $abc$6369$auto$blifparse.cc:525:parse_blif$6494.genblk1.genblk1.genblk1.genblk1.genblk1.genblk1.genblk1.genblk1.lut1.genblk1.genblk1.genblk1.genblk1.genblk1.genblk1.genblk1.lut0.genblk1.genblk1.genblk1.genblk1.genblk1.genblk1.lut0.genblk1.genblk1.genblk1.genblk1.genblk1.lut1 (4 -> 1)
  Optimizing lut $abc$6369$auto$blifparse.cc:525:parse_blif$6536.genblk1.genblk1.genblk1.genblk1.genblk1.genblk1.genblk1.genblk1.lut1.genblk1.genblk1.genblk1.genblk1.genblk1.genblk1.genblk1.lut1.genblk1.genblk1.genblk1.genblk1.genblk1.genblk1.lut0.genblk1.genblk1.genblk1.genblk1.genblk1.lut1 (4 -> 0)
  Optimizing lut $abc$6369$auto$blifparse.cc:525:parse_blif$6498.genblk1.genblk1.genblk1.genblk1.genblk1.genblk1.genblk1.lut1.genblk1.genblk1.genblk1.genblk1.genblk1.genblk1.lut1.genblk1.genblk1.genblk1.genblk1.genblk1.lut0 (4 -> 3)
  Optimizing lut $abc$6369$auto$blifparse.cc:525:parse_blif$6568.genblk1.genblk1.genblk1.genblk1.genblk1.genblk1.lut0.genblk1.genblk1.genblk1.genblk1.genblk1.lut0 (4 -> 2)
  Optimizing lut $abc$6369$auto$blifparse.cc:525:parse_blif$6518.genblk1.genblk1.genblk1.genblk1.genblk1.genblk1.genblk1.genblk1.lut1.genblk1.genblk1.genblk1.genblk1.genblk1.genblk1.genblk1.lut0.genblk1.genblk1.genblk1.genblk1.genblk1.genblk1.lut1.genblk1.genblk1.genblk1.genblk1.genblk1.lut0 (4 -> 0)
  Optimizing lut $abc$6369$auto$blifparse.cc:525:parse_blif$6472.genblk1.genblk1.genblk1.genblk1.genblk1.genblk1.lut1.genblk1.genblk1.genblk1.genblk1.genblk1.lut0 (4 -> 2)
  Optimizing lut $abc$6369$auto$blifparse.cc:525:parse_blif$6389.genblk1.genblk1.genblk1.genblk1.genblk1.genblk1.lut0.genblk1.genblk1.genblk1.genblk1.genblk1.lut0 (4 -> 0)
  Optimizing lut $abc$6369$auto$blifparse.cc:525:parse_blif$6497.genblk1.genblk1.genblk1.genblk1.genblk1.genblk1.genblk1.genblk1.lut0.genblk1.genblk1.genblk1.genblk1.genblk1.genblk1.genblk1.lut1.genblk1.genblk1.genblk1.genblk1.genblk1.genblk1.lut0.genblk1.genblk1.genblk1.genblk1.genblk1.lut0 (4 -> 0)
  Optimizing lut $abc$6369$auto$blifparse.cc:525:parse_blif$6505.genblk1.genblk1.genblk1.genblk1.genblk1.genblk1.genblk1.lut0.genblk1.genblk1.genblk1.genblk1.genblk1.genblk1.lut1.genblk1.genblk1.genblk1.genblk1.genblk1.lut0 (4 -> 0)
  Optimizing lut $abc$6369$auto$blifparse.cc:525:parse_blif$6476.genblk1.genblk1.genblk1.genblk1.genblk1.genblk1.lut0.genblk1.genblk1.genblk1.genblk1.genblk1.lut1 (4 -> 0)
  Optimizing lut $abc$6369$auto$blifparse.cc:525:parse_blif$6498.genblk1.genblk1.genblk1.genblk1.genblk1.genblk1.genblk1.lut0.genblk1.genblk1.genblk1.genblk1.genblk1.genblk1.lut0.genblk1.genblk1.genblk1.genblk1.genblk1.lut0 (4 -> 0)
  Optimizing lut $abc$6369$auto$blifparse.cc:525:parse_blif$6478.genblk1.genblk1.genblk1.genblk1.genblk1.genblk1.genblk1.lut0.genblk1.genblk1.genblk1.genblk1.genblk1.genblk1.lut1.genblk1.genblk1.genblk1.genblk1.genblk1.lut0 (4 -> 0)
  Optimizing lut $abc$6369$auto$blifparse.cc:525:parse_blif$6478.genblk1.genblk1.genblk1.genblk1.genblk1.genblk1.genblk1.lut0.genblk1.genblk1.genblk1.genblk1.genblk1.genblk1.lut0.genblk1.genblk1.genblk1.genblk1.genblk1.lut0 (4 -> 0)
  Optimizing lut $abc$6369$auto$blifparse.cc:525:parse_blif$6523.genblk1.genblk1.genblk1.genblk1.genblk1.genblk1.lut0.genblk1.genblk1.genblk1.genblk1.genblk1.lut0 (4 -> 0)
  Optimizing lut $abc$6369$auto$blifparse.cc:525:parse_blif$6472.genblk1.genblk1.genblk1.genblk1.genblk1.genblk1.lut0.genblk1.genblk1.genblk1.genblk1.genblk1.lut0 (4 -> 2)
  Optimizing lut $abc$6369$auto$blifparse.cc:525:parse_blif$6573.genblk1.genblk1.genblk1.genblk1.genblk1.genblk1.lut0.genblk1.genblk1.genblk1.genblk1.genblk1.lut1 (4 -> 3)
  Optimizing lut $abc$6369$auto$blifparse.cc:525:parse_blif$6513.genblk1.genblk1.genblk1.genblk1.genblk1.genblk1.genblk1.lut1.genblk1.genblk1.genblk1.genblk1.genblk1.genblk1.lut0.genblk1.genblk1.genblk1.genblk1.genblk1.lut0 (4 -> 0)
  Optimizing lut $abc$6369$auto$blifparse.cc:525:parse_blif$6481.genblk1.genblk1.genblk1.genblk1.genblk1.genblk1.genblk1.lut1.genblk1.genblk1.genblk1.genblk1.genblk1.genblk1.lut0.genblk1.genblk1.genblk1.genblk1.genblk1.lut1 (4 -> 0)
  Optimizing lut $abc$6369$auto$blifparse.cc:525:parse_blif$6498.genblk1.genblk1.genblk1.genblk1.genblk1.genblk1.genblk1.lut0.genblk1.genblk1.genblk1.genblk1.genblk1.genblk1.lut1.genblk1.genblk1.genblk1.genblk1.genblk1.lut1 (4 -> 0)
  Optimizing lut $abc$6369$auto$blifparse.cc:525:parse_blif$6518.genblk1.genblk1.genblk1.genblk1.genblk1.genblk1.genblk1.genblk1.lut1.genblk1.genblk1.genblk1.genblk1.genblk1.genblk1.genblk1.lut1.genblk1.genblk1.genblk1.genblk1.genblk1.genblk1.lut0.genblk1.genblk1.genblk1.genblk1.genblk1.lut1 (4 -> 0)
  Optimizing lut $abc$6369$auto$blifparse.cc:525:parse_blif$6534.genblk1.genblk1.genblk1.genblk1.genblk1.genblk1.genblk1.genblk1.lut0.genblk1.genblk1.genblk1.genblk1.genblk1.genblk1.genblk1.lut1.genblk1.genblk1.genblk1.genblk1.genblk1.genblk1.lut0.genblk1.genblk1.genblk1.genblk1.genblk1.lut1 (4 -> 0)
  Optimizing lut $abc$6369$auto$blifparse.cc:525:parse_blif$6580.genblk1.genblk1.genblk1.genblk1.genblk1.genblk1.lut0.genblk1.genblk1.genblk1.genblk1.genblk1.lut1 (4 -> 0)
  Optimizing lut $abc$6369$auto$blifparse.cc:525:parse_blif$6498.genblk1.genblk1.genblk1.genblk1.genblk1.genblk1.genblk1.lut1.genblk1.genblk1.genblk1.genblk1.genblk1.genblk1.lut1.genblk1.genblk1.genblk1.genblk1.genblk1.lut1 (4 -> 1)
  Optimizing lut $abc$6369$auto$blifparse.cc:525:parse_blif$6504.genblk1.genblk1.genblk1.genblk1.genblk1.genblk1.genblk1.genblk1.lut1.genblk1.genblk1.genblk1.genblk1.genblk1.genblk1.genblk1.lut0.genblk1.genblk1.genblk1.genblk1.genblk1.genblk1.lut0.genblk1.genblk1.genblk1.genblk1.genblk1.lut1 (4 -> 2)
  Optimizing lut $abc$6369$auto$blifparse.cc:525:parse_blif$6510.genblk1.genblk1.genblk1.genblk1.genblk1.genblk1.genblk1.genblk1.lut1.genblk1.genblk1.genblk1.genblk1.genblk1.genblk1.genblk1.lut0.genblk1.genblk1.genblk1.genblk1.genblk1.genblk1.lut0.genblk1.genblk1.genblk1.genblk1.genblk1.lut0 (4 -> 0)
  Optimizing lut $abc$6369$auto$blifparse.cc:525:parse_blif$6510.genblk1.genblk1.genblk1.genblk1.genblk1.genblk1.genblk1.genblk1.lut1.genblk1.genblk1.genblk1.genblk1.genblk1.genblk1.genblk1.lut1.genblk1.genblk1.genblk1.genblk1.genblk1.genblk1.lut1.genblk1.genblk1.genblk1.genblk1.genblk1.lut0 (4 -> 0)
  Optimizing lut $abc$6369$auto$blifparse.cc:525:parse_blif$6534.genblk1.genblk1.genblk1.genblk1.genblk1.genblk1.genblk1.genblk1.lut0.genblk1.genblk1.genblk1.genblk1.genblk1.genblk1.genblk1.lut0.genblk1.genblk1.genblk1.genblk1.genblk1.genblk1.lut0.genblk1.genblk1.genblk1.genblk1.genblk1.lut1 (4 -> 0)
  Optimizing lut $abc$6369$auto$blifparse.cc:525:parse_blif$6528.genblk1.genblk1.genblk1.genblk1.genblk1.genblk1.genblk1.genblk1.lut0.genblk1.genblk1.genblk1.genblk1.genblk1.genblk1.genblk1.lut1.genblk1.genblk1.genblk1.genblk1.genblk1.genblk1.lut1.genblk1.genblk1.genblk1.genblk1.genblk1.lut1 (4 -> 2)
  Optimizing lut $abc$6369$auto$blifparse.cc:525:parse_blif$6477.genblk1.genblk1.genblk1.genblk1.genblk1.genblk1.genblk1.genblk1.lut0.genblk1.genblk1.genblk1.genblk1.genblk1.genblk1.genblk1.lut0.genblk1.genblk1.genblk1.genblk1.genblk1.genblk1.lut0.genblk1.genblk1.genblk1.genblk1.genblk1.lut1 (4 -> 0)
  Optimizing lut $abc$6369$auto$blifparse.cc:525:parse_blif$6497.genblk1.genblk1.genblk1.genblk1.genblk1.genblk1.genblk1.genblk1.lut0.genblk1.genblk1.genblk1.genblk1.genblk1.genblk1.genblk1.lut1.genblk1.genblk1.genblk1.genblk1.genblk1.genblk1.lut1.genblk1.genblk1.genblk1.genblk1.genblk1.lut0 (4 -> 0)
  Optimizing lut $abc$6369$auto$blifparse.cc:525:parse_blif$6399.genblk1.genblk1.genblk1.genblk1.genblk1.genblk1.genblk1.lut0.genblk1.genblk1.genblk1.genblk1.genblk1.genblk1.lut1.genblk1.genblk1.genblk1.genblk1.genblk1.lut0 (4 -> 3)
  Optimizing lut $abc$6369$auto$blifparse.cc:525:parse_blif$6518.genblk1.genblk1.genblk1.genblk1.genblk1.genblk1.genblk1.genblk1.lut1.genblk1.genblk1.genblk1.genblk1.genblk1.genblk1.genblk1.lut0.genblk1.genblk1.genblk1.genblk1.genblk1.genblk1.lut1.genblk1.genblk1.genblk1.genblk1.genblk1.lut1 (4 -> 0)
  Optimizing lut $abc$6369$auto$blifparse.cc:525:parse_blif$6495.genblk1.genblk1.genblk1.genblk1.genblk1.genblk1.genblk1.genblk1.lut0.genblk1.genblk1.genblk1.genblk1.genblk1.genblk1.genblk1.lut1.genblk1.genblk1.genblk1.genblk1.genblk1.genblk1.lut0.genblk1.genblk1.genblk1.genblk1.genblk1.lut1 (4 -> 2)
  Optimizing lut $abc$6369$auto$blifparse.cc:525:parse_blif$6591.genblk1.genblk1.genblk1.genblk1.genblk1.genblk1.lut1.genblk1.genblk1.genblk1.genblk1.genblk1.lut0 (4 -> 0)
  Optimizing lut $abc$6369$auto$blifparse.cc:525:parse_blif$6512.genblk1.genblk1.genblk1.genblk1.genblk1.genblk1.genblk1.lut1.genblk1.genblk1.genblk1.genblk1.genblk1.genblk1.lut0.genblk1.genblk1.genblk1.genblk1.genblk1.lut1 (4 -> 0)
  Optimizing lut $abc$6369$auto$blifparse.cc:525:parse_blif$6510.genblk1.genblk1.genblk1.genblk1.genblk1.genblk1.genblk1.genblk1.lut0.genblk1.genblk1.genblk1.genblk1.genblk1.genblk1.genblk1.lut1.genblk1.genblk1.genblk1.genblk1.genblk1.genblk1.lut1.genblk1.genblk1.genblk1.genblk1.genblk1.lut1 (4 -> 0)
  Optimizing lut $abc$6369$auto$blifparse.cc:525:parse_blif$6510.genblk1.genblk1.genblk1.genblk1.genblk1.genblk1.genblk1.genblk1.lut0.genblk1.genblk1.genblk1.genblk1.genblk1.genblk1.genblk1.lut0.genblk1.genblk1.genblk1.genblk1.genblk1.genblk1.lut1.genblk1.genblk1.genblk1.genblk1.genblk1.lut1 (4 -> 1)
  Optimizing lut $abc$6369$auto$blifparse.cc:525:parse_blif$6510.genblk1.genblk1.genblk1.genblk1.genblk1.genblk1.genblk1.genblk1.lut1.genblk1.genblk1.genblk1.genblk1.genblk1.genblk1.genblk1.lut0.genblk1.genblk1.genblk1.genblk1.genblk1.genblk1.lut0.genblk1.genblk1.genblk1.genblk1.genblk1.lut1 (4 -> 0)
  Optimizing lut $abc$6369$auto$blifparse.cc:525:parse_blif$6528.genblk1.genblk1.genblk1.genblk1.genblk1.genblk1.genblk1.genblk1.lut0.genblk1.genblk1.genblk1.genblk1.genblk1.genblk1.genblk1.lut0.genblk1.genblk1.genblk1.genblk1.genblk1.genblk1.lut0.genblk1.genblk1.genblk1.genblk1.genblk1.lut1 (4 -> 1)
  Optimizing lut $abc$6369$auto$blifparse.cc:525:parse_blif$6489.genblk1.genblk1.genblk1.genblk1.genblk1.genblk1.lut1.genblk1.genblk1.genblk1.genblk1.genblk1.lut1 (4 -> 0)
  Optimizing lut $abc$6369$auto$blifparse.cc:525:parse_blif$6513.genblk1.genblk1.genblk1.genblk1.genblk1.genblk1.genblk1.lut1.genblk1.genblk1.genblk1.genblk1.genblk1.genblk1.lut1.genblk1.genblk1.genblk1.genblk1.genblk1.lut0 (4 -> 0)
  Optimizing lut $abc$6369$auto$blifparse.cc:525:parse_blif$6528.genblk1.genblk1.genblk1.genblk1.genblk1.genblk1.genblk1.genblk1.lut1.genblk1.genblk1.genblk1.genblk1.genblk1.genblk1.genblk1.lut0.genblk1.genblk1.genblk1.genblk1.genblk1.genblk1.lut1.genblk1.genblk1.genblk1.genblk1.genblk1.lut0 (4 -> 0)
  Optimizing lut $abc$6369$auto$blifparse.cc:525:parse_blif$6534.genblk1.genblk1.genblk1.genblk1.genblk1.genblk1.genblk1.genblk1.lut1.genblk1.genblk1.genblk1.genblk1.genblk1.genblk1.genblk1.lut1.genblk1.genblk1.genblk1.genblk1.genblk1.genblk1.lut1.genblk1.genblk1.genblk1.genblk1.genblk1.lut1 (4 -> 0)
  Optimizing lut $abc$6369$auto$blifparse.cc:525:parse_blif$6493.genblk1.genblk1.genblk1.genblk1.genblk1.genblk1.genblk1.genblk1.lut1.genblk1.genblk1.genblk1.genblk1.genblk1.genblk1.genblk1.lut0.genblk1.genblk1.genblk1.genblk1.genblk1.genblk1.lut0.genblk1.genblk1.genblk1.genblk1.genblk1.lut0 (4 -> 0)
  Optimizing lut $abc$6369$auto$blifparse.cc:525:parse_blif$6591.genblk1.genblk1.genblk1.genblk1.genblk1.genblk1.lut0.genblk1.genblk1.genblk1.genblk1.genblk1.lut1 (4 -> 0)
  Optimizing lut $abc$6369$auto$blifparse.cc:525:parse_blif$6532.genblk1.genblk1.genblk1.genblk1.genblk1.genblk1.lut1.genblk1.genblk1.genblk1.genblk1.genblk1.lut0 (4 -> 0)
  Optimizing lut $abc$6369$auto$blifparse.cc:525:parse_blif$6591.genblk1.genblk1.genblk1.genblk1.genblk1.genblk1.lut0.genblk1.genblk1.genblk1.genblk1.genblk1.lut0 (4 -> 0)
  Optimizing lut $abc$6369$auto$blifparse.cc:525:parse_blif$6523.genblk1.genblk1.genblk1.genblk1.genblk1.genblk1.lut1.genblk1.genblk1.genblk1.genblk1.genblk1.lut1 (4 -> 0)
  Optimizing lut $abc$6369$auto$blifparse.cc:525:parse_blif$6493.genblk1.genblk1.genblk1.genblk1.genblk1.genblk1.genblk1.genblk1.lut1.genblk1.genblk1.genblk1.genblk1.genblk1.genblk1.genblk1.lut1.genblk1.genblk1.genblk1.genblk1.genblk1.genblk1.lut1.genblk1.genblk1.genblk1.genblk1.genblk1.lut1 (4 -> 0)
  Optimizing lut $abc$6369$auto$blifparse.cc:525:parse_blif$6389.genblk1.genblk1.genblk1.genblk1.genblk1.genblk1.lut0.genblk1.genblk1.genblk1.genblk1.genblk1.lut1 (4 -> 0)
  Optimizing lut $abc$6369$auto$blifparse.cc:525:parse_blif$6499.genblk1.genblk1.genblk1.genblk1.genblk1.genblk1.genblk1.genblk1.lut0.genblk1.genblk1.genblk1.genblk1.genblk1.genblk1.genblk1.lut0.genblk1.genblk1.genblk1.genblk1.genblk1.genblk1.lut0.genblk1.genblk1.genblk1.genblk1.genblk1.lut0 (4 -> 0)
  Optimizing lut $abc$6369$auto$blifparse.cc:525:parse_blif$6573.genblk1.genblk1.genblk1.genblk1.genblk1.genblk1.lut1.genblk1.genblk1.genblk1.genblk1.genblk1.lut0 (4 -> 3)
  Optimizing lut $abc$6369$auto$blifparse.cc:525:parse_blif$6493.genblk1.genblk1.genblk1.genblk1.genblk1.genblk1.genblk1.genblk1.lut0.genblk1.genblk1.genblk1.genblk1.genblk1.genblk1.genblk1.lut1.genblk1.genblk1.genblk1.genblk1.genblk1.genblk1.lut0.genblk1.genblk1.genblk1.genblk1.genblk1.lut1 (4 -> 0)
  Optimizing lut $abc$6369$auto$blifparse.cc:525:parse_blif$6472.genblk1.genblk1.genblk1.genblk1.genblk1.genblk1.lut1.genblk1.genblk1.genblk1.genblk1.genblk1.lut1 (4 -> 2)
  Optimizing lut $abc$6369$auto$blifparse.cc:525:parse_blif$6534.genblk1.genblk1.genblk1.genblk1.genblk1.genblk1.genblk1.genblk1.lut0.genblk1.genblk1.genblk1.genblk1.genblk1.genblk1.genblk1.lut0.genblk1.genblk1.genblk1.genblk1.genblk1.genblk1.lut0.genblk1.genblk1.genblk1.genblk1.genblk1.lut0 (4 -> 0)
  Optimizing lut $abc$6369$auto$blifparse.cc:525:parse_blif$6534.genblk1.genblk1.genblk1.genblk1.genblk1.genblk1.genblk1.genblk1.lut1.genblk1.genblk1.genblk1.genblk1.genblk1.genblk1.genblk1.lut0.genblk1.genblk1.genblk1.genblk1.genblk1.genblk1.lut1.genblk1.genblk1.genblk1.genblk1.genblk1.lut1 (4 -> 0)
  Optimizing lut $abc$6369$auto$blifparse.cc:525:parse_blif$6528.genblk1.genblk1.genblk1.genblk1.genblk1.genblk1.genblk1.genblk1.lut0.genblk1.genblk1.genblk1.genblk1.genblk1.genblk1.genblk1.lut0.genblk1.genblk1.genblk1.genblk1.genblk1.genblk1.lut0.genblk1.genblk1.genblk1.genblk1.genblk1.lut0 (4 -> 1)
  Optimizing lut $abc$6369$auto$blifparse.cc:525:parse_blif$6399.genblk1.genblk1.genblk1.genblk1.genblk1.genblk1.genblk1.lut0.genblk1.genblk1.genblk1.genblk1.genblk1.genblk1.lut1.genblk1.genblk1.genblk1.genblk1.genblk1.lut1 (4 -> 0)
  Optimizing lut $abc$6369$auto$blifparse.cc:525:parse_blif$6517.genblk1.genblk1.genblk1.genblk1.genblk1.genblk1.genblk1.lut0.genblk1.genblk1.genblk1.genblk1.genblk1.genblk1.lut0.genblk1.genblk1.genblk1.genblk1.genblk1.lut0 (4 -> 0)
  Optimizing lut $abc$6369$auto$blifparse.cc:525:parse_blif$6510.genblk1.genblk1.genblk1.genblk1.genblk1.genblk1.genblk1.genblk1.lut0.genblk1.genblk1.genblk1.genblk1.genblk1.genblk1.genblk1.lut1.genblk1.genblk1.genblk1.genblk1.genblk1.genblk1.lut0.genblk1.genblk1.genblk1.genblk1.genblk1.lut1 (4 -> 0)
  Optimizing lut $abc$6369$auto$blifparse.cc:525:parse_blif$6503.genblk1.genblk1.genblk1.genblk1.genblk1.genblk1.genblk1.genblk1.lut0.genblk1.genblk1.genblk1.genblk1.genblk1.genblk1.genblk1.lut1.genblk1.genblk1.genblk1.genblk1.genblk1.genblk1.lut0.genblk1.genblk1.genblk1.genblk1.genblk1.lut0 (4 -> 1)
  Optimizing lut $abc$6369$auto$blifparse.cc:525:parse_blif$6478.genblk1.genblk1.genblk1.genblk1.genblk1.genblk1.genblk1.lut0.genblk1.genblk1.genblk1.genblk1.genblk1.genblk1.lut1.genblk1.genblk1.genblk1.genblk1.genblk1.lut1 (4 -> 0)
  Optimizing lut $abc$6369$auto$blifparse.cc:525:parse_blif$6528.genblk1.genblk1.genblk1.genblk1.genblk1.genblk1.genblk1.genblk1.lut0.genblk1.genblk1.genblk1.genblk1.genblk1.genblk1.genblk1.lut1.genblk1.genblk1.genblk1.genblk1.genblk1.genblk1.lut1.genblk1.genblk1.genblk1.genblk1.genblk1.lut0 (4 -> 2)
  Optimizing lut $abc$6369$auto$blifparse.cc:525:parse_blif$6580.genblk1.genblk1.genblk1.genblk1.genblk1.genblk1.lut0.genblk1.genblk1.genblk1.genblk1.genblk1.lut0 (4 -> 2)
  Optimizing lut $abc$6369$auto$blifparse.cc:525:parse_blif$6530.genblk1.genblk1.genblk1.genblk1.genblk1.genblk1.genblk1.lut0.genblk1.genblk1.genblk1.genblk1.genblk1.genblk1.lut1.genblk1.genblk1.genblk1.genblk1.genblk1.lut0 (4 -> 1)
  Optimizing lut $abc$6369$auto$blifparse.cc:525:parse_blif$6530.genblk1.genblk1.genblk1.genblk1.genblk1.genblk1.genblk1.lut1.genblk1.genblk1.genblk1.genblk1.genblk1.genblk1.lut1.genblk1.genblk1.genblk1.genblk1.genblk1.lut1 (4 -> 2)
  Optimizing lut $abc$6369$auto$blifparse.cc:525:parse_blif$6481.genblk1.genblk1.genblk1.genblk1.genblk1.genblk1.genblk1.lut0.genblk1.genblk1.genblk1.genblk1.genblk1.genblk1.lut0.genblk1.genblk1.genblk1.genblk1.genblk1.lut0 (4 -> 0)
  Optimizing lut $abc$6369$auto$blifparse.cc:525:parse_blif$6493.genblk1.genblk1.genblk1.genblk1.genblk1.genblk1.genblk1.genblk1.lut0.genblk1.genblk1.genblk1.genblk1.genblk1.genblk1.genblk1.lut0.genblk1.genblk1.genblk1.genblk1.genblk1.genblk1.lut0.genblk1.genblk1.genblk1.genblk1.genblk1.lut0 (4 -> 1)
  Optimizing lut $abc$6369$auto$blifparse.cc:525:parse_blif$6580.genblk1.genblk1.genblk1.genblk1.genblk1.genblk1.lut1.genblk1.genblk1.genblk1.genblk1.genblk1.lut1 (4 -> 2)
  Optimizing lut $abc$6369$auto$blifparse.cc:525:parse_blif$6499.genblk1.genblk1.genblk1.genblk1.genblk1.genblk1.genblk1.genblk1.lut0.genblk1.genblk1.genblk1.genblk1.genblk1.genblk1.genblk1.lut1.genblk1.genblk1.genblk1.genblk1.genblk1.genblk1.lut0.genblk1.genblk1.genblk1.genblk1.genblk1.lut0 (4 -> 0)
  Optimizing lut $abc$6369$auto$blifparse.cc:525:parse_blif$6503.genblk1.genblk1.genblk1.genblk1.genblk1.genblk1.genblk1.genblk1.lut0.genblk1.genblk1.genblk1.genblk1.genblk1.genblk1.genblk1.lut0.genblk1.genblk1.genblk1.genblk1.genblk1.genblk1.lut1.genblk1.genblk1.genblk1.genblk1.genblk1.lut1 (4 -> 1)
  Optimizing lut $abc$6369$auto$blifparse.cc:525:parse_blif$6476.genblk1.genblk1.genblk1.genblk1.genblk1.genblk1.lut1.genblk1.genblk1.genblk1.genblk1.genblk1.lut0 (4 -> 0)
  Optimizing lut $abc$6369$auto$blifparse.cc:525:parse_blif$6534.genblk1.genblk1.genblk1.genblk1.genblk1.genblk1.genblk1.genblk1.lut1.genblk1.genblk1.genblk1.genblk1.genblk1.genblk1.genblk1.lut0.genblk1.genblk1.genblk1.genblk1.genblk1.genblk1.lut0.genblk1.genblk1.genblk1.genblk1.genblk1.lut1 (4 -> 0)
  Optimizing lut $abc$6369$auto$blifparse.cc:525:parse_blif$6477.genblk1.genblk1.genblk1.genblk1.genblk1.genblk1.genblk1.genblk1.lut1.genblk1.genblk1.genblk1.genblk1.genblk1.genblk1.genblk1.lut1.genblk1.genblk1.genblk1.genblk1.genblk1.genblk1.lut0.genblk1.genblk1.genblk1.genblk1.genblk1.lut0 (4 -> 0)
  Optimizing lut $abc$6369$auto$blifparse.cc:525:parse_blif$6533.genblk1.genblk1.genblk1.genblk1.genblk1.genblk1.genblk1.genblk1.lut0.genblk1.genblk1.genblk1.genblk1.genblk1.genblk1.genblk1.lut1.genblk1.genblk1.genblk1.genblk1.genblk1.genblk1.lut1.genblk1.genblk1.genblk1.genblk1.genblk1.lut1 (4 -> 1)
  Optimizing lut $abc$6369$auto$blifparse.cc:525:parse_blif$6528.genblk1.genblk1.genblk1.genblk1.genblk1.genblk1.genblk1.genblk1.lut0.genblk1.genblk1.genblk1.genblk1.genblk1.genblk1.genblk1.lut0.genblk1.genblk1.genblk1.genblk1.genblk1.genblk1.lut1.genblk1.genblk1.genblk1.genblk1.genblk1.lut1 (4 -> 1)
  Optimizing lut $abc$6369$auto$blifparse.cc:525:parse_blif$6485.genblk1.genblk1.genblk1.genblk1.genblk1.genblk1.lut1.genblk1.genblk1.genblk1.genblk1.genblk1.lut1 (4 -> 0)
  Optimizing lut $abc$6369$auto$blifparse.cc:525:parse_blif$6524.genblk1.genblk1.genblk1.genblk1.genblk1.genblk1.genblk1.lut0.genblk1.genblk1.genblk1.genblk1.genblk1.genblk1.lut1.genblk1.genblk1.genblk1.genblk1.genblk1.lut0 (4 -> 0)
  Optimizing lut $abc$6369$auto$blifparse.cc:525:parse_blif$6535.genblk1.genblk1.genblk1.genblk1.genblk1.genblk1.genblk1.genblk1.lut1.genblk1.genblk1.genblk1.genblk1.genblk1.genblk1.genblk1.lut1.genblk1.genblk1.genblk1.genblk1.genblk1.genblk1.lut1.genblk1.genblk1.genblk1.genblk1.genblk1.lut0 (4 -> 0)
  Optimizing lut $abc$6369$auto$blifparse.cc:525:parse_blif$6528.genblk1.genblk1.genblk1.genblk1.genblk1.genblk1.genblk1.genblk1.lut1.genblk1.genblk1.genblk1.genblk1.genblk1.genblk1.genblk1.lut1.genblk1.genblk1.genblk1.genblk1.genblk1.genblk1.lut1.genblk1.genblk1.genblk1.genblk1.genblk1.lut1 (4 -> 0)
  Optimizing lut $abc$6369$auto$blifparse.cc:525:parse_blif$6533.genblk1.genblk1.genblk1.genblk1.genblk1.genblk1.genblk1.genblk1.lut0.genblk1.genblk1.genblk1.genblk1.genblk1.genblk1.genblk1.lut1.genblk1.genblk1.genblk1.genblk1.genblk1.genblk1.lut0.genblk1.genblk1.genblk1.genblk1.genblk1.lut1 (4 -> 1)
  Optimizing lut $abc$6369$auto$blifparse.cc:525:parse_blif$6535.genblk1.genblk1.genblk1.genblk1.genblk1.genblk1.genblk1.genblk1.lut1.genblk1.genblk1.genblk1.genblk1.genblk1.genblk1.genblk1.lut1.genblk1.genblk1.genblk1.genblk1.genblk1.genblk1.lut1.genblk1.genblk1.genblk1.genblk1.genblk1.lut1 (4 -> 0)
  Optimizing lut $abc$6369$auto$blifparse.cc:525:parse_blif$6535.genblk1.genblk1.genblk1.genblk1.genblk1.genblk1.genblk1.genblk1.lut1.genblk1.genblk1.genblk1.genblk1.genblk1.genblk1.genblk1.lut0.genblk1.genblk1.genblk1.genblk1.genblk1.genblk1.lut1.genblk1.genblk1.genblk1.genblk1.genblk1.lut1 (4 -> 0)
  Optimizing lut $abc$6369$auto$blifparse.cc:525:parse_blif$6535.genblk1.genblk1.genblk1.genblk1.genblk1.genblk1.genblk1.genblk1.lut1.genblk1.genblk1.genblk1.genblk1.genblk1.genblk1.genblk1.lut0.genblk1.genblk1.genblk1.genblk1.genblk1.genblk1.lut0.genblk1.genblk1.genblk1.genblk1.genblk1.lut1 (4 -> 0)
  Optimizing lut $abc$6369$auto$blifparse.cc:525:parse_blif$6533.genblk1.genblk1.genblk1.genblk1.genblk1.genblk1.genblk1.genblk1.lut1.genblk1.genblk1.genblk1.genblk1.genblk1.genblk1.genblk1.lut0.genblk1.genblk1.genblk1.genblk1.genblk1.genblk1.lut1.genblk1.genblk1.genblk1.genblk1.genblk1.lut1 (4 -> 0)
  Optimizing lut $abc$6369$auto$blifparse.cc:525:parse_blif$6533.genblk1.genblk1.genblk1.genblk1.genblk1.genblk1.genblk1.genblk1.lut1.genblk1.genblk1.genblk1.genblk1.genblk1.genblk1.genblk1.lut1.genblk1.genblk1.genblk1.genblk1.genblk1.genblk1.lut1.genblk1.genblk1.genblk1.genblk1.genblk1.lut1 (4 -> 0)
  Optimizing lut $abc$6369$auto$blifparse.cc:525:parse_blif$6511.genblk1.genblk1.genblk1.genblk1.genblk1.genblk1.genblk1.lut1.genblk1.genblk1.genblk1.genblk1.genblk1.genblk1.lut1.genblk1.genblk1.genblk1.genblk1.genblk1.lut1 (4 -> 3)
  Optimizing lut $abc$6369$auto$blifparse.cc:525:parse_blif$6524.genblk1.genblk1.genblk1.genblk1.genblk1.genblk1.genblk1.lut1.genblk1.genblk1.genblk1.genblk1.genblk1.genblk1.lut1.genblk1.genblk1.genblk1.genblk1.genblk1.lut0 (4 -> 0)
  Optimizing lut $abc$6369$auto$blifparse.cc:525:parse_blif$6504.genblk1.genblk1.genblk1.genblk1.genblk1.genblk1.genblk1.genblk1.lut1.genblk1.genblk1.genblk1.genblk1.genblk1.genblk1.genblk1.lut0.genblk1.genblk1.genblk1.genblk1.genblk1.genblk1.lut0.genblk1.genblk1.genblk1.genblk1.genblk1.lut0 (4 -> 2)
  Optimizing lut $abc$6369$auto$blifparse.cc:525:parse_blif$6497.genblk1.genblk1.genblk1.genblk1.genblk1.genblk1.genblk1.genblk1.lut1.genblk1.genblk1.genblk1.genblk1.genblk1.genblk1.genblk1.lut0.genblk1.genblk1.genblk1.genblk1.genblk1.genblk1.lut0.genblk1.genblk1.genblk1.genblk1.genblk1.lut1 (4 -> 0)
  Optimizing lut $abc$6369$auto$blifparse.cc:525:parse_blif$6504.genblk1.genblk1.genblk1.genblk1.genblk1.genblk1.genblk1.genblk1.lut0.genblk1.genblk1.genblk1.genblk1.genblk1.genblk1.genblk1.lut1.genblk1.genblk1.genblk1.genblk1.genblk1.genblk1.lut0.genblk1.genblk1.genblk1.genblk1.genblk1.lut1 (4 -> 2)
  Optimizing lut $abc$6369$auto$blifparse.cc:525:parse_blif$6480.genblk1.genblk1.genblk1.genblk1.genblk1.genblk1.genblk1.lut1.genblk1.genblk1.genblk1.genblk1.genblk1.genblk1.lut0.genblk1.genblk1.genblk1.genblk1.genblk1.lut0 (4 -> 0)
  Optimizing lut $abc$6369$auto$blifparse.cc:525:parse_blif$6480.genblk1.genblk1.genblk1.genblk1.genblk1.genblk1.genblk1.lut1.genblk1.genblk1.genblk1.genblk1.genblk1.genblk1.lut0.genblk1.genblk1.genblk1.genblk1.genblk1.lut1 (4 -> 0)
  Optimizing lut $abc$6369$auto$blifparse.cc:525:parse_blif$6477.genblk1.genblk1.genblk1.genblk1.genblk1.genblk1.genblk1.genblk1.lut1.genblk1.genblk1.genblk1.genblk1.genblk1.genblk1.genblk1.lut0.genblk1.genblk1.genblk1.genblk1.genblk1.genblk1.lut1.genblk1.genblk1.genblk1.genblk1.genblk1.lut0 (4 -> 0)
  Optimizing lut $abc$6369$auto$blifparse.cc:525:parse_blif$6494.genblk1.genblk1.genblk1.genblk1.genblk1.genblk1.genblk1.genblk1.lut0.genblk1.genblk1.genblk1.genblk1.genblk1.genblk1.genblk1.lut1.genblk1.genblk1.genblk1.genblk1.genblk1.genblk1.lut0.genblk1.genblk1.genblk1.genblk1.genblk1.lut0 (4 -> 1)
  Optimizing lut $abc$6369$auto$blifparse.cc:525:parse_blif$6536.genblk1.genblk1.genblk1.genblk1.genblk1.genblk1.genblk1.genblk1.lut1.genblk1.genblk1.genblk1.genblk1.genblk1.genblk1.genblk1.lut1.genblk1.genblk1.genblk1.genblk1.genblk1.genblk1.lut1.genblk1.genblk1.genblk1.genblk1.genblk1.lut1 (4 -> 0)
  Optimizing lut $abc$6369$auto$blifparse.cc:525:parse_blif$6568.genblk1.genblk1.genblk1.genblk1.genblk1.genblk1.lut1.genblk1.genblk1.genblk1.genblk1.genblk1.lut0 (4 -> 0)
  Optimizing lut $abc$6369$auto$blifparse.cc:525:parse_blif$6536.genblk1.genblk1.genblk1.genblk1.genblk1.genblk1.genblk1.genblk1.lut0.genblk1.genblk1.genblk1.genblk1.genblk1.genblk1.genblk1.lut1.genblk1.genblk1.genblk1.genblk1.genblk1.genblk1.lut0.genblk1.genblk1.genblk1.genblk1.genblk1.lut1 (4 -> 0)
  Optimizing lut $abc$6369$auto$blifparse.cc:525:parse_blif$6504.genblk1.genblk1.genblk1.genblk1.genblk1.genblk1.genblk1.genblk1.lut1.genblk1.genblk1.genblk1.genblk1.genblk1.genblk1.genblk1.lut0.genblk1.genblk1.genblk1.genblk1.genblk1.genblk1.lut1.genblk1.genblk1.genblk1.genblk1.genblk1.lut1 (4 -> 2)
  Optimizing lut $abc$6369$auto$blifparse.cc:525:parse_blif$6532.genblk1.genblk1.genblk1.genblk1.genblk1.genblk1.lut0.genblk1.genblk1.genblk1.genblk1.genblk1.lut1 (4 -> 0)
  Optimizing lut $abc$6369$auto$blifparse.cc:525:parse_blif$6495.genblk1.genblk1.genblk1.genblk1.genblk1.genblk1.genblk1.genblk1.lut0.genblk1.genblk1.genblk1.genblk1.genblk1.genblk1.genblk1.lut1.genblk1.genblk1.genblk1.genblk1.genblk1.genblk1.lut1.genblk1.genblk1.genblk1.genblk1.genblk1.lut0 (4 -> 2)
  Optimizing lut $abc$6369$auto$blifparse.cc:525:parse_blif$6528.genblk1.genblk1.genblk1.genblk1.genblk1.genblk1.genblk1.genblk1.lut1.genblk1.genblk1.genblk1.genblk1.genblk1.genblk1.genblk1.lut0.genblk1.genblk1.genblk1.genblk1.genblk1.genblk1.lut1.genblk1.genblk1.genblk1.genblk1.genblk1.lut1 (4 -> 0)
  Optimizing lut $abc$6369$auto$blifparse.cc:525:parse_blif$6484.genblk1.genblk1.genblk1.genblk1.genblk1.lut1 (4 -> 0)
  Optimizing lut $abc$6369$auto$blifparse.cc:525:parse_blif$6485.genblk1.genblk1.genblk1.genblk1.genblk1.genblk1.lut1.genblk1.genblk1.genblk1.genblk1.genblk1.lut0 (4 -> 0)
  Optimizing lut $abc$6369$auto$blifparse.cc:525:parse_blif$6509.genblk1.genblk1.genblk1.genblk1.genblk1.lut0 (4 -> 0)
  Optimizing lut $abc$6369$auto$blifparse.cc:525:parse_blif$6494.genblk1.genblk1.genblk1.genblk1.genblk1.genblk1.genblk1.genblk1.lut0.genblk1.genblk1.genblk1.genblk1.genblk1.genblk1.genblk1.lut1.genblk1.genblk1.genblk1.genblk1.genblk1.genblk1.lut0.genblk1.genblk1.genblk1.genblk1.genblk1.lut1 (4 -> 0)
  Optimizing lut $abc$6369$auto$blifparse.cc:525:parse_blif$6504.genblk1.genblk1.genblk1.genblk1.genblk1.genblk1.genblk1.genblk1.lut0.genblk1.genblk1.genblk1.genblk1.genblk1.genblk1.genblk1.lut0.genblk1.genblk1.genblk1.genblk1.genblk1.genblk1.lut0.genblk1.genblk1.genblk1.genblk1.genblk1.lut0 (4 -> 2)
  Optimizing lut $abc$6369$auto$blifparse.cc:525:parse_blif$6497.genblk1.genblk1.genblk1.genblk1.genblk1.genblk1.genblk1.genblk1.lut1.genblk1.genblk1.genblk1.genblk1.genblk1.genblk1.genblk1.lut1.genblk1.genblk1.genblk1.genblk1.genblk1.genblk1.lut1.genblk1.genblk1.genblk1.genblk1.genblk1.lut0 (4 -> 0)
  Optimizing lut $abc$6369$auto$blifparse.cc:525:parse_blif$6495.genblk1.genblk1.genblk1.genblk1.genblk1.genblk1.genblk1.genblk1.lut1.genblk1.genblk1.genblk1.genblk1.genblk1.genblk1.genblk1.lut0.genblk1.genblk1.genblk1.genblk1.genblk1.genblk1.lut0.genblk1.genblk1.genblk1.genblk1.genblk1.lut1 (4 -> 2)
  Optimizing lut $abc$6369$auto$blifparse.cc:525:parse_blif$6516.genblk1.genblk1.genblk1.genblk1.genblk1.genblk1.genblk1.lut0.genblk1.genblk1.genblk1.genblk1.genblk1.genblk1.lut1.genblk1.genblk1.genblk1.genblk1.genblk1.lut1 (4 -> 1)
  Optimizing lut $abc$6369$auto$blifparse.cc:525:parse_blif$6480.genblk1.genblk1.genblk1.genblk1.genblk1.genblk1.genblk1.lut0.genblk1.genblk1.genblk1.genblk1.genblk1.genblk1.lut1.genblk1.genblk1.genblk1.genblk1.genblk1.lut1 (4 -> 0)
  Optimizing lut $abc$6369$auto$blifparse.cc:525:parse_blif$6517.genblk1.genblk1.genblk1.genblk1.genblk1.genblk1.genblk1.lut0.genblk1.genblk1.genblk1.genblk1.genblk1.genblk1.lut1.genblk1.genblk1.genblk1.genblk1.genblk1.lut1 (4 -> 0)
  Optimizing lut $abc$6369$auto$blifparse.cc:525:parse_blif$6517.genblk1.genblk1.genblk1.genblk1.genblk1.genblk1.genblk1.lut1.genblk1.genblk1.genblk1.genblk1.genblk1.genblk1.lut1.genblk1.genblk1.genblk1.genblk1.genblk1.lut1 (4 -> 0)
  Optimizing lut $abc$6369$auto$blifparse.cc:525:parse_blif$6477.genblk1.genblk1.genblk1.genblk1.genblk1.genblk1.genblk1.genblk1.lut1.genblk1.genblk1.genblk1.genblk1.genblk1.genblk1.genblk1.lut1.genblk1.genblk1.genblk1.genblk1.genblk1.genblk1.lut0.genblk1.genblk1.genblk1.genblk1.genblk1.lut1 (4 -> 0)
  Optimizing lut $abc$6369$auto$blifparse.cc:525:parse_blif$6495.genblk1.genblk1.genblk1.genblk1.genblk1.genblk1.genblk1.genblk1.lut0.genblk1.genblk1.genblk1.genblk1.genblk1.genblk1.genblk1.lut0.genblk1.genblk1.genblk1.genblk1.genblk1.genblk1.lut1.genblk1.genblk1.genblk1.genblk1.genblk1.lut1 (4 -> 2)
  Optimizing lut $abc$6369$auto$blifparse.cc:525:parse_blif$6495.genblk1.genblk1.genblk1.genblk1.genblk1.genblk1.genblk1.genblk1.lut1.genblk1.genblk1.genblk1.genblk1.genblk1.genblk1.genblk1.lut0.genblk1.genblk1.genblk1.genblk1.genblk1.genblk1.lut1.genblk1.genblk1.genblk1.genblk1.genblk1.lut1 (4 -> 2)
  Optimizing lut $abc$6369$auto$blifparse.cc:525:parse_blif$6504.genblk1.genblk1.genblk1.genblk1.genblk1.genblk1.genblk1.genblk1.lut1.genblk1.genblk1.genblk1.genblk1.genblk1.genblk1.genblk1.lut0.genblk1.genblk1.genblk1.genblk1.genblk1.genblk1.lut1.genblk1.genblk1.genblk1.genblk1.genblk1.lut0 (4 -> 2)
  Optimizing lut $abc$6369$auto$blifparse.cc:525:parse_blif$6540.genblk1.genblk1.genblk1.genblk1.genblk1.lut0 (4 -> 3)
  Optimizing lut $abc$6369$auto$blifparse.cc:525:parse_blif$6528.genblk1.genblk1.genblk1.genblk1.genblk1.genblk1.genblk1.genblk1.lut1.genblk1.genblk1.genblk1.genblk1.genblk1.genblk1.genblk1.lut1.genblk1.genblk1.genblk1.genblk1.genblk1.genblk1.lut0.genblk1.genblk1.genblk1.genblk1.genblk1.lut0 (4 -> 0)
  Optimizing lut $abc$6369$auto$blifparse.cc:525:parse_blif$6507.genblk1.genblk1.genblk1.genblk1.genblk1.lut0 (4 -> 0)
  Optimizing lut $abc$6369$auto$blifparse.cc:525:parse_blif$6480.genblk1.genblk1.genblk1.genblk1.genblk1.genblk1.genblk1.lut0.genblk1.genblk1.genblk1.genblk1.genblk1.genblk1.lut1.genblk1.genblk1.genblk1.genblk1.genblk1.lut0 (4 -> 0)
  Optimizing lut $abc$6369$auto$blifparse.cc:525:parse_blif$6479.genblk1.genblk1.genblk1.genblk1.genblk1.genblk1.genblk1.lut0.genblk1.genblk1.genblk1.genblk1.genblk1.genblk1.lut1.genblk1.genblk1.genblk1.genblk1.genblk1.lut1 (4 -> 0)
  Optimizing lut $abc$6369$auto$blifparse.cc:525:parse_blif$6494.genblk1.genblk1.genblk1.genblk1.genblk1.genblk1.genblk1.genblk1.lut0.genblk1.genblk1.genblk1.genblk1.genblk1.genblk1.genblk1.lut1.genblk1.genblk1.genblk1.genblk1.genblk1.genblk1.lut1.genblk1.genblk1.genblk1.genblk1.genblk1.lut0 (4 -> 1)
  Optimizing lut $abc$6369$auto$blifparse.cc:525:parse_blif$6531.genblk1.genblk1.genblk1.genblk1.genblk1.lut0 (4 -> 0)
  Optimizing lut $abc$6369$auto$blifparse.cc:525:parse_blif$6503.genblk1.genblk1.genblk1.genblk1.genblk1.genblk1.genblk1.genblk1.lut0.genblk1.genblk1.genblk1.genblk1.genblk1.genblk1.genblk1.lut0.genblk1.genblk1.genblk1.genblk1.genblk1.genblk1.lut0.genblk1.genblk1.genblk1.genblk1.genblk1.lut1 (4 -> 1)
  Optimizing lut $abc$6369$auto$blifparse.cc:525:parse_blif$6513.genblk1.genblk1.genblk1.genblk1.genblk1.genblk1.genblk1.lut0.genblk1.genblk1.genblk1.genblk1.genblk1.genblk1.lut0.genblk1.genblk1.genblk1.genblk1.genblk1.lut0 (4 -> 0)
  Optimizing lut $abc$6369$auto$blifparse.cc:525:parse_blif$6505.genblk1.genblk1.genblk1.genblk1.genblk1.genblk1.genblk1.lut0.genblk1.genblk1.genblk1.genblk1.genblk1.genblk1.lut0.genblk1.genblk1.genblk1.genblk1.genblk1.lut0 (4 -> 0)
  Optimizing lut $abc$6369$auto$blifparse.cc:525:parse_blif$6674.genblk1.genblk1.genblk1.genblk1.genblk1.lut0 (4 -> 3)
  Optimizing lut $abc$6369$auto$blifparse.cc:525:parse_blif$6538.genblk1.genblk1.genblk1.genblk1.genblk1.genblk1.lut0.genblk1.genblk1.genblk1.genblk1.genblk1.lut0 (4 -> 3)
  Optimizing lut $abc$6369$auto$blifparse.cc:525:parse_blif$6538.genblk1.genblk1.genblk1.genblk1.genblk1.genblk1.lut1.genblk1.genblk1.genblk1.genblk1.genblk1.lut0 (4 -> 1)
  Optimizing lut $abc$6369$auto$blifparse.cc:525:parse_blif$6536.genblk1.genblk1.genblk1.genblk1.genblk1.genblk1.genblk1.genblk1.lut0.genblk1.genblk1.genblk1.genblk1.genblk1.genblk1.genblk1.lut0.genblk1.genblk1.genblk1.genblk1.genblk1.genblk1.lut1.genblk1.genblk1.genblk1.genblk1.genblk1.lut1 (4 -> 0)
  Optimizing lut $abc$6369$auto$blifparse.cc:525:parse_blif$6652.genblk1.genblk1.genblk1.genblk1.genblk1.lut1 (4 -> 1)
  Optimizing lut $abc$6369$auto$blifparse.cc:525:parse_blif$6476.genblk1.genblk1.genblk1.genblk1.genblk1.genblk1.lut0.genblk1.genblk1.genblk1.genblk1.genblk1.lut0 (4 -> 0)
  Optimizing lut $abc$6369$auto$blifparse.cc:525:parse_blif$6648.genblk1.genblk1.genblk1.genblk1.genblk1.lut0 (4 -> 3)
  Optimizing lut $abc$6369$auto$blifparse.cc:525:parse_blif$6535.genblk1.genblk1.genblk1.genblk1.genblk1.genblk1.genblk1.genblk1.lut1.genblk1.genblk1.genblk1.genblk1.genblk1.genblk1.genblk1.lut1.genblk1.genblk1.genblk1.genblk1.genblk1.genblk1.lut0.genblk1.genblk1.genblk1.genblk1.genblk1.lut1 (4 -> 0)
  Optimizing lut $abc$6369$auto$blifparse.cc:525:parse_blif$6647.genblk1.genblk1.genblk1.genblk1.genblk1.lut1 (4 -> 1)
  Optimizing lut $abc$6369$auto$blifparse.cc:525:parse_blif$6533.genblk1.genblk1.genblk1.genblk1.genblk1.genblk1.genblk1.genblk1.lut1.genblk1.genblk1.genblk1.genblk1.genblk1.genblk1.genblk1.lut1.genblk1.genblk1.genblk1.genblk1.genblk1.genblk1.lut0.genblk1.genblk1.genblk1.genblk1.genblk1.lut1 (4 -> 0)
  Optimizing lut $abc$6369$auto$blifparse.cc:525:parse_blif$6643.genblk1.genblk1.genblk1.genblk1.genblk1.lut0 (4 -> 3)
  Optimizing lut $abc$6369$auto$blifparse.cc:525:parse_blif$6530.genblk1.genblk1.genblk1.genblk1.genblk1.genblk1.genblk1.lut1.genblk1.genblk1.genblk1.genblk1.genblk1.genblk1.lut0.genblk1.genblk1.genblk1.genblk1.genblk1.lut0 (4 -> 1)
  Optimizing lut $abc$6369$auto$blifparse.cc:525:parse_blif$6607.genblk1.genblk1.genblk1.genblk1.genblk1.lut1 (4 -> 1)
  Optimizing lut $abc$6369$auto$blifparse.cc:525:parse_blif$6518.genblk1.genblk1.genblk1.genblk1.genblk1.genblk1.genblk1.genblk1.lut0.genblk1.genblk1.genblk1.genblk1.genblk1.genblk1.genblk1.lut0.genblk1.genblk1.genblk1.genblk1.genblk1.genblk1.lut1.genblk1.genblk1.genblk1.genblk1.genblk1.lut1 (4 -> 0)
  Optimizing lut $abc$6369$auto$blifparse.cc:525:parse_blif$6494.genblk1.genblk1.genblk1.genblk1.genblk1.genblk1.genblk1.genblk1.lut1.genblk1.genblk1.genblk1.genblk1.genblk1.genblk1.genblk1.lut0.genblk1.genblk1.genblk1.genblk1.genblk1.genblk1.lut1.genblk1.genblk1.genblk1.genblk1.genblk1.lut1 (4 -> 1)
  Optimizing lut $abc$6369$auto$blifparse.cc:525:parse_blif$6510.genblk1.genblk1.genblk1.genblk1.genblk1.genblk1.genblk1.genblk1.lut1.genblk1.genblk1.genblk1.genblk1.genblk1.genblk1.genblk1.lut0.genblk1.genblk1.genblk1.genblk1.genblk1.genblk1.lut1.genblk1.genblk1.genblk1.genblk1.genblk1.lut1 (4 -> 0)
  Optimizing lut $abc$6369$auto$blifparse.cc:525:parse_blif$6478.genblk1.genblk1.genblk1.genblk1.genblk1.genblk1.genblk1.lut1.genblk1.genblk1.genblk1.genblk1.genblk1.genblk1.lut1.genblk1.genblk1.genblk1.genblk1.genblk1.lut0 (4 -> 0)
  Optimizing lut $abc$6369$auto$blifparse.cc:525:parse_blif$6500.genblk1.genblk1.genblk1.genblk1.genblk1.lut0 (4 -> 0)
  Optimizing lut $abc$6369$auto$blifparse.cc:525:parse_blif$6524.genblk1.genblk1.genblk1.genblk1.genblk1.genblk1.genblk1.lut0.genblk1.genblk1.genblk1.genblk1.genblk1.genblk1.lut1.genblk1.genblk1.genblk1.genblk1.genblk1.lut1 (4 -> 1)
  Optimizing lut $abc$6369$auto$blifparse.cc:525:parse_blif$6513.genblk1.genblk1.genblk1.genblk1.genblk1.genblk1.genblk1.lut1.genblk1.genblk1.genblk1.genblk1.genblk1.genblk1.lut0.genblk1.genblk1.genblk1.genblk1.genblk1.lut1 (4 -> 0)
  Optimizing lut $abc$6369$auto$blifparse.cc:525:parse_blif$6497.genblk1.genblk1.genblk1.genblk1.genblk1.genblk1.genblk1.genblk1.lut1.genblk1.genblk1.genblk1.genblk1.genblk1.genblk1.genblk1.lut1.genblk1.genblk1.genblk1.genblk1.genblk1.genblk1.lut0.genblk1.genblk1.genblk1.genblk1.genblk1.lut1 (4 -> 0)
  Optimizing lut $abc$6369$auto$blifparse.cc:525:parse_blif$6610.genblk1.genblk1.genblk1.genblk1.genblk1.lut1 (4 -> 1)
  Optimizing lut $abc$6369$auto$blifparse.cc:525:parse_blif$6499.genblk1.genblk1.genblk1.genblk1.genblk1.genblk1.genblk1.genblk1.lut1.genblk1.genblk1.genblk1.genblk1.genblk1.genblk1.genblk1.lut1.genblk1.genblk1.genblk1.genblk1.genblk1.genblk1.lut0.genblk1.genblk1.genblk1.genblk1.genblk1.lut1 (4 -> 2)
  Optimizing lut $abc$6369$auto$blifparse.cc:525:parse_blif$6481.genblk1.genblk1.genblk1.genblk1.genblk1.genblk1.genblk1.lut1.genblk1.genblk1.genblk1.genblk1.genblk1.genblk1.lut0.genblk1.genblk1.genblk1.genblk1.genblk1.lut0 (4 -> 0)
  Optimizing lut $abc$6369$auto$blifparse.cc:525:parse_blif$6580.genblk1.genblk1.genblk1.genblk1.genblk1.genblk1.lut1.genblk1.genblk1.genblk1.genblk1.genblk1.lut0 (4 -> 0)
  Optimizing lut $abc$6369$auto$blifparse.cc:525:parse_blif$6585.genblk1.genblk1.genblk1.genblk1.genblk1.lut1 (4 -> 0)
  Optimizing lut $abc$6369$auto$blifparse.cc:525:parse_blif$6588.genblk1.genblk1.genblk1.genblk1.genblk1.lut0 (4 -> 0)
  Optimizing lut $abc$6369$auto$blifparse.cc:525:parse_blif$6400.genblk1.genblk1.genblk1.genblk1.genblk1.genblk1.genblk1.lut0.genblk1.genblk1.genblk1.genblk1.genblk1.genblk1.lut1.genblk1.genblk1.genblk1.genblk1.genblk1.lut1 (4 -> 3)
  Optimizing lut $abc$6369$auto$blifparse.cc:525:parse_blif$6506.genblk1.genblk1.genblk1.genblk1.genblk1.genblk1.genblk1.lut0.genblk1.genblk1.genblk1.genblk1.genblk1.genblk1.lut1.genblk1.genblk1.genblk1.genblk1.genblk1.lut1 (4 -> 0)
  Optimizing lut $abc$6369$auto$blifparse.cc:525:parse_blif$6503.genblk1.genblk1.genblk1.genblk1.genblk1.genblk1.genblk1.genblk1.lut1.genblk1.genblk1.genblk1.genblk1.genblk1.genblk1.genblk1.lut1.genblk1.genblk1.genblk1.genblk1.genblk1.genblk1.lut0.genblk1.genblk1.genblk1.genblk1.genblk1.lut1 (4 -> 1)
  Optimizing lut $abc$6369$auto$blifparse.cc:525:parse_blif$6495.genblk1.genblk1.genblk1.genblk1.genblk1.genblk1.genblk1.genblk1.lut0.genblk1.genblk1.genblk1.genblk1.genblk1.genblk1.genblk1.lut0.genblk1.genblk1.genblk1.genblk1.genblk1.genblk1.lut0.genblk1.genblk1.genblk1.genblk1.genblk1.lut0 (4 -> 2)
  Optimizing lut $abc$6369$auto$blifparse.cc:525:parse_blif$6480.genblk1.genblk1.genblk1.genblk1.genblk1.genblk1.genblk1.lut0.genblk1.genblk1.genblk1.genblk1.genblk1.genblk1.lut0.genblk1.genblk1.genblk1.genblk1.genblk1.lut0 (4 -> 0)
  Optimizing lut $abc$6369$auto$blifparse.cc:525:parse_blif$6512.genblk1.genblk1.genblk1.genblk1.genblk1.genblk1.genblk1.lut0.genblk1.genblk1.genblk1.genblk1.genblk1.genblk1.lut1.genblk1.genblk1.genblk1.genblk1.genblk1.lut0 (4 -> 0)
  Optimizing lut $abc$6369$auto$blifparse.cc:525:parse_blif$6534.genblk1.genblk1.genblk1.genblk1.genblk1.genblk1.genblk1.genblk1.lut1.genblk1.genblk1.genblk1.genblk1.genblk1.genblk1.genblk1.lut1.genblk1.genblk1.genblk1.genblk1.genblk1.genblk1.lut1.genblk1.genblk1.genblk1.genblk1.genblk1.lut0 (4 -> 0)
  Optimizing lut $abc$6369$auto$blifparse.cc:525:parse_blif$6498.genblk1.genblk1.genblk1.genblk1.genblk1.genblk1.genblk1.lut0.genblk1.genblk1.genblk1.genblk1.genblk1.genblk1.lut1.genblk1.genblk1.genblk1.genblk1.genblk1.lut0 (4 -> 0)
  Optimizing lut $abc$6369$auto$blifparse.cc:525:parse_blif$6493.genblk1.genblk1.genblk1.genblk1.genblk1.genblk1.genblk1.genblk1.lut1.genblk1.genblk1.genblk1.genblk1.genblk1.genblk1.genblk1.lut1.genblk1.genblk1.genblk1.genblk1.genblk1.genblk1.lut0.genblk1.genblk1.genblk1.genblk1.genblk1.lut1 (4 -> 0)
  Optimizing lut $abc$6369$auto$blifparse.cc:525:parse_blif$6518.genblk1.genblk1.genblk1.genblk1.genblk1.genblk1.genblk1.genblk1.lut1.genblk1.genblk1.genblk1.genblk1.genblk1.genblk1.genblk1.lut1.genblk1.genblk1.genblk1.genblk1.genblk1.genblk1.lut0.genblk1.genblk1.genblk1.genblk1.genblk1.lut0 (4 -> 0)
  Optimizing lut $abc$6369$auto$blifparse.cc:525:parse_blif$6536.genblk1.genblk1.genblk1.genblk1.genblk1.genblk1.genblk1.genblk1.lut1.genblk1.genblk1.genblk1.genblk1.genblk1.genblk1.genblk1.lut0.genblk1.genblk1.genblk1.genblk1.genblk1.genblk1.lut1.genblk1.genblk1.genblk1.genblk1.genblk1.lut0 (4 -> 0)
  Optimizing lut $abc$6369$auto$blifparse.cc:525:parse_blif$6390.genblk1.genblk1.genblk1.genblk1.genblk1.lut0 (4 -> 2)
  Optimizing lut $abc$6369$auto$blifparse.cc:525:parse_blif$6587.genblk1.genblk1.genblk1.genblk1.genblk1.lut0 (4 -> 0)
  Optimizing lut $abc$6369$auto$blifparse.cc:525:parse_blif$6533.genblk1.genblk1.genblk1.genblk1.genblk1.genblk1.genblk1.genblk1.lut1.genblk1.genblk1.genblk1.genblk1.genblk1.genblk1.genblk1.lut1.genblk1.genblk1.genblk1.genblk1.genblk1.genblk1.lut0.genblk1.genblk1.genblk1.genblk1.genblk1.lut0 (4 -> 0)
  Optimizing lut $abc$6369$auto$blifparse.cc:525:parse_blif$6573.genblk1.genblk1.genblk1.genblk1.genblk1.genblk1.lut0.genblk1.genblk1.genblk1.genblk1.genblk1.lut0 (4 -> 3)
  Optimizing lut $abc$6369$auto$blifparse.cc:525:parse_blif$6517.genblk1.genblk1.genblk1.genblk1.genblk1.genblk1.genblk1.lut1.genblk1.genblk1.genblk1.genblk1.genblk1.genblk1.lut0.genblk1.genblk1.genblk1.genblk1.genblk1.lut1 (4 -> 0)
  Optimizing lut $abc$6369$auto$blifparse.cc:525:parse_blif$6510.genblk1.genblk1.genblk1.genblk1.genblk1.genblk1.genblk1.genblk1.lut0.genblk1.genblk1.genblk1.genblk1.genblk1.genblk1.genblk1.lut0.genblk1.genblk1.genblk1.genblk1.genblk1.genblk1.lut0.genblk1.genblk1.genblk1.genblk1.genblk1.lut0 (4 -> 1)
  Optimizing lut $abc$6369$auto$blifparse.cc:525:parse_blif$6592.genblk1.genblk1.genblk1.genblk1.genblk1.lut0 (4 -> 0)
  Optimizing lut $abc$6369$auto$blifparse.cc:525:parse_blif$6518.genblk1.genblk1.genblk1.genblk1.genblk1.genblk1.genblk1.genblk1.lut0.genblk1.genblk1.genblk1.genblk1.genblk1.genblk1.genblk1.lut1.genblk1.genblk1.genblk1.genblk1.genblk1.genblk1.lut0.genblk1.genblk1.genblk1.genblk1.genblk1.lut1 (4 -> 0)
  Optimizing lut $abc$6369$auto$blifparse.cc:525:parse_blif$6389.genblk1.genblk1.genblk1.genblk1.genblk1.genblk1.lut1.genblk1.genblk1.genblk1.genblk1.genblk1.lut0 (4 -> 0)
  Optimizing lut $abc$6369$auto$blifparse.cc:525:parse_blif$6532.genblk1.genblk1.genblk1.genblk1.genblk1.genblk1.lut0.genblk1.genblk1.genblk1.genblk1.genblk1.lut0 (4 -> 0)
  Optimizing lut $abc$6369$auto$blifparse.cc:525:parse_blif$6511.genblk1.genblk1.genblk1.genblk1.genblk1.genblk1.genblk1.lut1.genblk1.genblk1.genblk1.genblk1.genblk1.genblk1.lut0.genblk1.genblk1.genblk1.genblk1.genblk1.lut0 (4 -> 1)
  Optimizing lut $abc$6369$auto$blifparse.cc:525:parse_blif$6499.genblk1.genblk1.genblk1.genblk1.genblk1.genblk1.genblk1.genblk1.lut0.genblk1.genblk1.genblk1.genblk1.genblk1.genblk1.genblk1.lut1.genblk1.genblk1.genblk1.genblk1.genblk1.genblk1.lut1.genblk1.genblk1.genblk1.genblk1.genblk1.lut0 (4 -> 0)
  Optimizing lut $abc$6369$auto$blifparse.cc:525:parse_blif$6497.genblk1.genblk1.genblk1.genblk1.genblk1.genblk1.genblk1.genblk1.lut0.genblk1.genblk1.genblk1.genblk1.genblk1.genblk1.genblk1.lut1.genblk1.genblk1.genblk1.genblk1.genblk1.genblk1.lut1.genblk1.genblk1.genblk1.genblk1.genblk1.lut1 (4 -> 0)
  Optimizing lut $abc$6369$auto$blifparse.cc:525:parse_blif$6499.genblk1.genblk1.genblk1.genblk1.genblk1.genblk1.genblk1.genblk1.lut1.genblk1.genblk1.genblk1.genblk1.genblk1.genblk1.genblk1.lut1.genblk1.genblk1.genblk1.genblk1.genblk1.genblk1.lut0.genblk1.genblk1.genblk1.genblk1.genblk1.lut0 (4 -> 2)
  Optimizing lut $abc$6369$auto$blifparse.cc:525:parse_blif$6528.genblk1.genblk1.genblk1.genblk1.genblk1.genblk1.genblk1.genblk1.lut1.genblk1.genblk1.genblk1.genblk1.genblk1.genblk1.genblk1.lut0.genblk1.genblk1.genblk1.genblk1.genblk1.genblk1.lut0.genblk1.genblk1.genblk1.genblk1.genblk1.lut0 (4 -> 0)
  Optimizing lut $abc$6369$auto$blifparse.cc:525:parse_blif$6499.genblk1.genblk1.genblk1.genblk1.genblk1.genblk1.genblk1.genblk1.lut1.genblk1.genblk1.genblk1.genblk1.genblk1.genblk1.genblk1.lut0.genblk1.genblk1.genblk1.genblk1.genblk1.genblk1.lut1.genblk1.genblk1.genblk1.genblk1.genblk1.lut1 (4 -> 2)
  Optimizing lut $abc$6369$auto$blifparse.cc:525:parse_blif$6534.genblk1.genblk1.genblk1.genblk1.genblk1.genblk1.genblk1.genblk1.lut1.genblk1.genblk1.genblk1.genblk1.genblk1.genblk1.genblk1.lut1.genblk1.genblk1.genblk1.genblk1.genblk1.genblk1.lut0.genblk1.genblk1.genblk1.genblk1.genblk1.lut1 (4 -> 0)
  Optimizing lut $abc$6369$auto$blifparse.cc:525:parse_blif$6494.genblk1.genblk1.genblk1.genblk1.genblk1.genblk1.genblk1.genblk1.lut1.genblk1.genblk1.genblk1.genblk1.genblk1.genblk1.genblk1.lut1.genblk1.genblk1.genblk1.genblk1.genblk1.genblk1.lut1.genblk1.genblk1.genblk1.genblk1.genblk1.lut1 (4 -> 1)
  Optimizing lut $abc$6369$auto$blifparse.cc:525:parse_blif$6536.genblk1.genblk1.genblk1.genblk1.genblk1.genblk1.genblk1.genblk1.lut1.genblk1.genblk1.genblk1.genblk1.genblk1.genblk1.genblk1.lut0.genblk1.genblk1.genblk1.genblk1.genblk1.genblk1.lut0.genblk1.genblk1.genblk1.genblk1.genblk1.lut0 (4 -> 0)
  Optimizing lut $abc$6369$auto$blifparse.cc:525:parse_blif$6518.genblk1.genblk1.genblk1.genblk1.genblk1.genblk1.genblk1.genblk1.lut0.genblk1.genblk1.genblk1.genblk1.genblk1.genblk1.genblk1.lut1.genblk1.genblk1.genblk1.genblk1.genblk1.genblk1.lut1.genblk1.genblk1.genblk1.genblk1.genblk1.lut0 (4 -> 1)
  Optimizing lut $abc$6369$auto$blifparse.cc:525:parse_blif$6534.genblk1.genblk1.genblk1.genblk1.genblk1.genblk1.genblk1.genblk1.lut0.genblk1.genblk1.genblk1.genblk1.genblk1.genblk1.genblk1.lut0.genblk1.genblk1.genblk1.genblk1.genblk1.genblk1.lut1.genblk1.genblk1.genblk1.genblk1.genblk1.lut1 (4 -> 0)
  Optimizing lut $abc$6369$auto$blifparse.cc:525:parse_blif$6516.genblk1.genblk1.genblk1.genblk1.genblk1.genblk1.genblk1.lut1.genblk1.genblk1.genblk1.genblk1.genblk1.genblk1.lut0.genblk1.genblk1.genblk1.genblk1.genblk1.lut1 (4 -> 0)
  Optimizing lut $abc$6369$auto$blifparse.cc:525:parse_blif$6536.genblk1.genblk1.genblk1.genblk1.genblk1.genblk1.genblk1.genblk1.lut1.genblk1.genblk1.genblk1.genblk1.genblk1.genblk1.genblk1.lut1.genblk1.genblk1.genblk1.genblk1.genblk1.genblk1.lut0.genblk1.genblk1.genblk1.genblk1.genblk1.lut0 (4 -> 0)
  Optimizing lut $abc$6369$auto$blifparse.cc:525:parse_blif$6518.genblk1.genblk1.genblk1.genblk1.genblk1.genblk1.genblk1.genblk1.lut1.genblk1.genblk1.genblk1.genblk1.genblk1.genblk1.genblk1.lut0.genblk1.genblk1.genblk1.genblk1.genblk1.genblk1.lut0.genblk1.genblk1.genblk1.genblk1.genblk1.lut1 (4 -> 0)
  Optimizing lut $abc$6369$auto$blifparse.cc:525:parse_blif$6511.genblk1.genblk1.genblk1.genblk1.genblk1.genblk1.genblk1.lut1.genblk1.genblk1.genblk1.genblk1.genblk1.genblk1.lut0.genblk1.genblk1.genblk1.genblk1.genblk1.lut1 (4 -> 1)
  Optimizing lut $abc$6369$auto$blifparse.cc:525:parse_blif$6536.genblk1.genblk1.genblk1.genblk1.genblk1.genblk1.genblk1.genblk1.lut0.genblk1.genblk1.genblk1.genblk1.genblk1.genblk1.genblk1.lut0.genblk1.genblk1.genblk1.genblk1.genblk1.genblk1.lut0.genblk1.genblk1.genblk1.genblk1.genblk1.lut1 (4 -> 0)
  Optimizing lut $abc$6369$auto$blifparse.cc:525:parse_blif$6516.genblk1.genblk1.genblk1.genblk1.genblk1.genblk1.genblk1.lut1.genblk1.genblk1.genblk1.genblk1.genblk1.genblk1.lut1.genblk1.genblk1.genblk1.genblk1.genblk1.lut1 (4 -> 0)
  Optimizing lut $abc$6369$auto$blifparse.cc:525:parse_blif$6505.genblk1.genblk1.genblk1.genblk1.genblk1.genblk1.genblk1.lut0.genblk1.genblk1.genblk1.genblk1.genblk1.genblk1.lut1.genblk1.genblk1.genblk1.genblk1.genblk1.lut1 (4 -> 0)
  Optimizing lut $abc$6369$auto$blifparse.cc:525:parse_blif$6494.genblk1.genblk1.genblk1.genblk1.genblk1.genblk1.genblk1.genblk1.lut0.genblk1.genblk1.genblk1.genblk1.genblk1.genblk1.genblk1.lut0.genblk1.genblk1.genblk1.genblk1.genblk1.genblk1.lut0.genblk1.genblk1.genblk1.genblk1.genblk1.lut1 (4 -> 0)
  Optimizing lut $abc$6369$auto$blifparse.cc:525:parse_blif$6481.genblk1.genblk1.genblk1.genblk1.genblk1.genblk1.genblk1.lut0.genblk1.genblk1.genblk1.genblk1.genblk1.genblk1.lut1.genblk1.genblk1.genblk1.genblk1.genblk1.lut1 (4 -> 0)
  Optimizing lut $abc$6369$auto$blifparse.cc:525:parse_blif$6503.genblk1.genblk1.genblk1.genblk1.genblk1.genblk1.genblk1.genblk1.lut0.genblk1.genblk1.genblk1.genblk1.genblk1.genblk1.genblk1.lut1.genblk1.genblk1.genblk1.genblk1.genblk1.genblk1.lut0.genblk1.genblk1.genblk1.genblk1.genblk1.lut1 (4 -> 1)
  Optimizing lut $abc$6369$auto$blifparse.cc:525:parse_blif$6478.genblk1.genblk1.genblk1.genblk1.genblk1.genblk1.genblk1.lut1.genblk1.genblk1.genblk1.genblk1.genblk1.genblk1.lut0.genblk1.genblk1.genblk1.genblk1.genblk1.lut1 (4 -> 0)
  Optimizing lut $abc$6369$auto$blifparse.cc:525:parse_blif$6494.genblk1.genblk1.genblk1.genblk1.genblk1.genblk1.genblk1.genblk1.lut1.genblk1.genblk1.genblk1.genblk1.genblk1.genblk1.genblk1.lut1.genblk1.genblk1.genblk1.genblk1.genblk1.genblk1.lut0.genblk1.genblk1.genblk1.genblk1.genblk1.lut1 (4 -> 1)
  Optimizing lut $abc$6369$auto$blifparse.cc:525:parse_blif$6504.genblk1.genblk1.genblk1.genblk1.genblk1.genblk1.genblk1.genblk1.lut0.genblk1.genblk1.genblk1.genblk1.genblk1.genblk1.genblk1.lut0.genblk1.genblk1.genblk1.genblk1.genblk1.genblk1.lut0.genblk1.genblk1.genblk1.genblk1.genblk1.lut1 (4 -> 2)
  Optimizing lut $abc$6369$auto$blifparse.cc:525:parse_blif$6497.genblk1.genblk1.genblk1.genblk1.genblk1.genblk1.genblk1.genblk1.lut1.genblk1.genblk1.genblk1.genblk1.genblk1.genblk1.genblk1.lut0.genblk1.genblk1.genblk1.genblk1.genblk1.genblk1.lut0.genblk1.genblk1.genblk1.genblk1.genblk1.lut0 (4 -> 0)
  Optimizing lut $abc$6369$auto$blifparse.cc:525:parse_blif$6533.genblk1.genblk1.genblk1.genblk1.genblk1.genblk1.genblk1.genblk1.lut1.genblk1.genblk1.genblk1.genblk1.genblk1.genblk1.genblk1.lut0.genblk1.genblk1.genblk1.genblk1.genblk1.genblk1.lut0.genblk1.genblk1.genblk1.genblk1.genblk1.lut1 (4 -> 0)
  Optimizing lut $abc$6369$auto$blifparse.cc:525:parse_blif$6504.genblk1.genblk1.genblk1.genblk1.genblk1.genblk1.genblk1.genblk1.lut0.genblk1.genblk1.genblk1.genblk1.genblk1.genblk1.genblk1.lut1.genblk1.genblk1.genblk1.genblk1.genblk1.genblk1.lut1.genblk1.genblk1.genblk1.genblk1.genblk1.lut1 (4 -> 2)
  Optimizing lut $abc$6369$auto$blifparse.cc:525:parse_blif$6647.genblk1.genblk1.genblk1.genblk1.genblk1.lut0 (4 -> 3)
  Optimizing lut $abc$6369$auto$blifparse.cc:525:parse_blif$6371.genblk1.genblk1.genblk1.genblk1.genblk1.lut0 (4 -> 0)
  Optimizing lut $abc$6369$auto$blifparse.cc:525:parse_blif$6503.genblk1.genblk1.genblk1.genblk1.genblk1.genblk1.genblk1.genblk1.lut1.genblk1.genblk1.genblk1.genblk1.genblk1.genblk1.genblk1.lut1.genblk1.genblk1.genblk1.genblk1.genblk1.genblk1.lut1.genblk1.genblk1.genblk1.genblk1.genblk1.lut0 (4 -> 1)
  Optimizing lut $abc$6369$auto$blifparse.cc:525:parse_blif$6534.genblk1.genblk1.genblk1.genblk1.genblk1.genblk1.genblk1.genblk1.lut0.genblk1.genblk1.genblk1.genblk1.genblk1.genblk1.genblk1.lut0.genblk1.genblk1.genblk1.genblk1.genblk1.genblk1.lut1.genblk1.genblk1.genblk1.genblk1.genblk1.lut0 (4 -> 0)
  Optimizing lut $abc$6369$auto$blifparse.cc:525:parse_blif$6477.genblk1.genblk1.genblk1.genblk1.genblk1.genblk1.genblk1.genblk1.lut0.genblk1.genblk1.genblk1.genblk1.genblk1.genblk1.genblk1.lut0.genblk1.genblk1.genblk1.genblk1.genblk1.genblk1.lut1.genblk1.genblk1.genblk1.genblk1.genblk1.lut0 (4 -> 0)
  Optimizing lut $abc$6369$auto$blifparse.cc:525:parse_blif$6641.genblk1.genblk1.genblk1.genblk1.genblk1.lut0 (4 -> 3)
  Optimizing lut $abc$6369$auto$blifparse.cc:525:parse_blif$6505.genblk1.genblk1.genblk1.genblk1.genblk1.genblk1.genblk1.lut1.genblk1.genblk1.genblk1.genblk1.genblk1.genblk1.lut1.genblk1.genblk1.genblk1.genblk1.genblk1.lut1 (4 -> 0)
  Optimizing lut $abc$6369$auto$blifparse.cc:525:parse_blif$6479.genblk1.genblk1.genblk1.genblk1.genblk1.genblk1.genblk1.lut1.genblk1.genblk1.genblk1.genblk1.genblk1.genblk1.lut1.genblk1.genblk1.genblk1.genblk1.genblk1.lut0 (4 -> 0)
  Optimizing lut $abc$6369$auto$blifparse.cc:525:parse_blif$6490.genblk1.genblk1.genblk1.genblk1.genblk1.lut0 (4 -> 0)
  Optimizing lut $abc$6369$auto$blifparse.cc:525:parse_blif$6433.genblk1.genblk1.genblk1.genblk1.genblk1.lut0 (4 -> 0)
  Optimizing lut $abc$6369$auto$blifparse.cc:525:parse_blif$6429.genblk1.genblk1.genblk1.genblk1.genblk1.lut1 (4 -> 0)
  Optimizing lut $abc$6369$auto$blifparse.cc:525:parse_blif$6493.genblk1.genblk1.genblk1.genblk1.genblk1.genblk1.genblk1.genblk1.lut0.genblk1.genblk1.genblk1.genblk1.genblk1.genblk1.genblk1.lut1.genblk1.genblk1.genblk1.genblk1.genblk1.genblk1.lut1.genblk1.genblk1.genblk1.genblk1.genblk1.lut1 (4 -> 0)
  Optimizing lut $abc$6369$auto$blifparse.cc:525:parse_blif$6493.genblk1.genblk1.genblk1.genblk1.genblk1.genblk1.genblk1.genblk1.lut0.genblk1.genblk1.genblk1.genblk1.genblk1.genblk1.genblk1.lut0.genblk1.genblk1.genblk1.genblk1.genblk1.genblk1.lut1.genblk1.genblk1.genblk1.genblk1.genblk1.lut1 (4 -> 1)
  Optimizing lut $abc$6369$auto$blifparse.cc:525:parse_blif$6506.genblk1.genblk1.genblk1.genblk1.genblk1.genblk1.genblk1.lut1.genblk1.genblk1.genblk1.genblk1.genblk1.genblk1.lut1.genblk1.genblk1.genblk1.genblk1.genblk1.lut0 (4 -> 0)
  Optimizing lut $abc$6369$auto$blifparse.cc:525:parse_blif$6493.genblk1.genblk1.genblk1.genblk1.genblk1.genblk1.genblk1.genblk1.lut1.genblk1.genblk1.genblk1.genblk1.genblk1.genblk1.genblk1.lut0.genblk1.genblk1.genblk1.genblk1.genblk1.genblk1.lut0.genblk1.genblk1.genblk1.genblk1.genblk1.lut1 (4 -> 0)
  Optimizing lut $abc$6369$auto$blifparse.cc:525:parse_blif$6472.genblk1.genblk1.genblk1.genblk1.genblk1.genblk1.lut0.genblk1.genblk1.genblk1.genblk1.genblk1.lut1 (4 -> 0)
  Optimizing lut $abc$6369$auto$blifparse.cc:525:parse_blif$6477.genblk1.genblk1.genblk1.genblk1.genblk1.genblk1.genblk1.genblk1.lut0.genblk1.genblk1.genblk1.genblk1.genblk1.genblk1.genblk1.lut0.genblk1.genblk1.genblk1.genblk1.genblk1.genblk1.lut1.genblk1.genblk1.genblk1.genblk1.genblk1.lut1 (4 -> 0)
  Optimizing lut $abc$6369$auto$blifparse.cc:525:parse_blif$6503.genblk1.genblk1.genblk1.genblk1.genblk1.genblk1.genblk1.genblk1.lut0.genblk1.genblk1.genblk1.genblk1.genblk1.genblk1.genblk1.lut0.genblk1.genblk1.genblk1.genblk1.genblk1.genblk1.lut0.genblk1.genblk1.genblk1.genblk1.genblk1.lut0 (4 -> 1)
  Optimizing lut $abc$6369$auto$blifparse.cc:525:parse_blif$6511.genblk1.genblk1.genblk1.genblk1.genblk1.genblk1.genblk1.lut0.genblk1.genblk1.genblk1.genblk1.genblk1.genblk1.lut1.genblk1.genblk1.genblk1.genblk1.genblk1.lut1 (4 -> 0)
  Optimizing lut $abc$6369$auto$blifparse.cc:525:parse_blif$6480.genblk1.genblk1.genblk1.genblk1.genblk1.genblk1.genblk1.lut0.genblk1.genblk1.genblk1.genblk1.genblk1.genblk1.lut0.genblk1.genblk1.genblk1.genblk1.genblk1.lut1 (4 -> 0)
  Optimizing lut $abc$6369$auto$blifparse.cc:525:parse_blif$6481.genblk1.genblk1.genblk1.genblk1.genblk1.genblk1.genblk1.lut0.genblk1.genblk1.genblk1.genblk1.genblk1.genblk1.lut0.genblk1.genblk1.genblk1.genblk1.genblk1.lut1 (4 -> 0)
  Optimizing lut $abc$6369$auto$blifparse.cc:525:parse_blif$6499.genblk1.genblk1.genblk1.genblk1.genblk1.genblk1.genblk1.genblk1.lut1.genblk1.genblk1.genblk1.genblk1.genblk1.genblk1.genblk1.lut0.genblk1.genblk1.genblk1.genblk1.genblk1.genblk1.lut0.genblk1.genblk1.genblk1.genblk1.genblk1.lut1 (4 -> 2)
  Optimizing lut $abc$6369$auto$blifparse.cc:525:parse_blif$6530.genblk1.genblk1.genblk1.genblk1.genblk1.genblk1.genblk1.lut0.genblk1.genblk1.genblk1.genblk1.genblk1.genblk1.lut0.genblk1.genblk1.genblk1.genblk1.genblk1.lut0 (4 -> 1)
  Optimizing lut $abc$6369$auto$blifparse.cc:525:parse_blif$6654.genblk1.genblk1.genblk1.genblk1.genblk1.lut1 (4 -> 3)
  Optimizing lut $abc$6369$auto$blifparse.cc:525:parse_blif$6488.genblk1.genblk1.genblk1.genblk1.genblk1.lut1 (4 -> 0)
  Optimizing lut $abc$6369$auto$blifparse.cc:525:parse_blif$6399.genblk1.genblk1.genblk1.genblk1.genblk1.genblk1.genblk1.lut1.genblk1.genblk1.genblk1.genblk1.genblk1.genblk1.lut1.genblk1.genblk1.genblk1.genblk1.genblk1.lut1 (4 -> 0)
  Optimizing lut $abc$6369$auto$blifparse.cc:525:parse_blif$6477.genblk1.genblk1.genblk1.genblk1.genblk1.genblk1.genblk1.genblk1.lut0.genblk1.genblk1.genblk1.genblk1.genblk1.genblk1.genblk1.lut1.genblk1.genblk1.genblk1.genblk1.genblk1.genblk1.lut0.genblk1.genblk1.genblk1.genblk1.genblk1.lut1 (4 -> 0)
  Optimizing lut $abc$6369$auto$blifparse.cc:525:parse_blif$6499.genblk1.genblk1.genblk1.genblk1.genblk1.genblk1.genblk1.genblk1.lut0.genblk1.genblk1.genblk1.genblk1.genblk1.genblk1.genblk1.lut1.genblk1.genblk1.genblk1.genblk1.genblk1.genblk1.lut1.genblk1.genblk1.genblk1.genblk1.genblk1.lut1 (4 -> 0)
  Optimizing lut $abc$6369$auto$blifparse.cc:525:parse_blif$6528.genblk1.genblk1.genblk1.genblk1.genblk1.genblk1.genblk1.genblk1.lut0.genblk1.genblk1.genblk1.genblk1.genblk1.genblk1.genblk1.lut1.genblk1.genblk1.genblk1.genblk1.genblk1.genblk1.lut0.genblk1.genblk1.genblk1.genblk1.genblk1.lut1 (4 -> 2)
  Optimizing lut $abc$6369$auto$blifparse.cc:525:parse_blif$6528.genblk1.genblk1.genblk1.genblk1.genblk1.genblk1.genblk1.genblk1.lut1.genblk1.genblk1.genblk1.genblk1.genblk1.genblk1.genblk1.lut1.genblk1.genblk1.genblk1.genblk1.genblk1.genblk1.lut1.genblk1.genblk1.genblk1.genblk1.genblk1.lut0 (4 -> 0)
  Optimizing lut $abc$6369$auto$blifparse.cc:525:parse_blif$6528.genblk1.genblk1.genblk1.genblk1.genblk1.genblk1.genblk1.genblk1.lut1.genblk1.genblk1.genblk1.genblk1.genblk1.genblk1.genblk1.lut0.genblk1.genblk1.genblk1.genblk1.genblk1.genblk1.lut0.genblk1.genblk1.genblk1.genblk1.genblk1.lut1 (4 -> 0)
  Optimizing lut $abc$6369$auto$blifparse.cc:525:parse_blif$6506.genblk1.genblk1.genblk1.genblk1.genblk1.genblk1.genblk1.lut0.genblk1.genblk1.genblk1.genblk1.genblk1.genblk1.lut1.genblk1.genblk1.genblk1.genblk1.genblk1.lut0 (4 -> 0)
  Optimizing lut $abc$6369$auto$blifparse.cc:525:parse_blif$6499.genblk1.genblk1.genblk1.genblk1.genblk1.genblk1.genblk1.genblk1.lut0.genblk1.genblk1.genblk1.genblk1.genblk1.genblk1.genblk1.lut0.genblk1.genblk1.genblk1.genblk1.genblk1.genblk1.lut0.genblk1.genblk1.genblk1.genblk1.genblk1.lut1 (4 -> 0)
  Optimizing lut $abc$6369$auto$blifparse.cc:525:parse_blif$6394.genblk1.genblk1.genblk1.genblk1.genblk1.lut1 (4 -> 3)
  Optimizing lut $abc$6369$auto$blifparse.cc:525:parse_blif$6503.genblk1.genblk1.genblk1.genblk1.genblk1.genblk1.genblk1.genblk1.lut1.genblk1.genblk1.genblk1.genblk1.genblk1.genblk1.genblk1.lut0.genblk1.genblk1.genblk1.genblk1.genblk1.genblk1.lut1.genblk1.genblk1.genblk1.genblk1.genblk1.lut1 (4 -> 1)
  Optimizing lut $abc$6369$auto$blifparse.cc:525:parse_blif$6494.genblk1.genblk1.genblk1.genblk1.genblk1.genblk1.genblk1.genblk1.lut0.genblk1.genblk1.genblk1.genblk1.genblk1.genblk1.genblk1.lut0.genblk1.genblk1.genblk1.genblk1.genblk1.genblk1.lut1.genblk1.genblk1.genblk1.genblk1.genblk1.lut1 (4 -> 0)
  Optimizing lut $abc$6369$auto$blifparse.cc:525:parse_blif$6504.genblk1.genblk1.genblk1.genblk1.genblk1.genblk1.genblk1.genblk1.lut0.genblk1.genblk1.genblk1.genblk1.genblk1.genblk1.genblk1.lut1.genblk1.genblk1.genblk1.genblk1.genblk1.genblk1.lut0.genblk1.genblk1.genblk1.genblk1.genblk1.lut0 (4 -> 2)
  Optimizing lut $abc$6369$auto$blifparse.cc:525:parse_blif$6505.genblk1.genblk1.genblk1.genblk1.genblk1.genblk1.genblk1.lut0.genblk1.genblk1.genblk1.genblk1.genblk1.genblk1.lut0.genblk1.genblk1.genblk1.genblk1.genblk1.lut1 (4 -> 0)
  Optimizing lut $abc$6369$auto$blifparse.cc:525:parse_blif$6506.genblk1.genblk1.genblk1.genblk1.genblk1.genblk1.genblk1.lut0.genblk1.genblk1.genblk1.genblk1.genblk1.genblk1.lut0.genblk1.genblk1.genblk1.genblk1.genblk1.lut1 (4 -> 0)
  Optimizing lut $abc$6369$auto$blifparse.cc:525:parse_blif$6513.genblk1.genblk1.genblk1.genblk1.genblk1.genblk1.genblk1.lut0.genblk1.genblk1.genblk1.genblk1.genblk1.genblk1.lut1.genblk1.genblk1.genblk1.genblk1.genblk1.lut1 (4 -> 0)
  Optimizing lut $abc$6369$auto$blifparse.cc:525:parse_blif$6568.genblk1.genblk1.genblk1.genblk1.genblk1.genblk1.lut1.genblk1.genblk1.genblk1.genblk1.genblk1.lut1 (4 -> 2)
  Optimizing lut $abc$6369$auto$blifparse.cc:525:parse_blif$6495.genblk1.genblk1.genblk1.genblk1.genblk1.genblk1.genblk1.genblk1.lut1.genblk1.genblk1.genblk1.genblk1.genblk1.genblk1.genblk1.lut1.genblk1.genblk1.genblk1.genblk1.genblk1.genblk1.lut1.genblk1.genblk1.genblk1.genblk1.genblk1.lut1 (4 -> 2)
  Optimizing lut $abc$6369$auto$blifparse.cc:525:parse_blif$6494.genblk1.genblk1.genblk1.genblk1.genblk1.genblk1.genblk1.genblk1.lut0.genblk1.genblk1.genblk1.genblk1.genblk1.genblk1.genblk1.lut0.genblk1.genblk1.genblk1.genblk1.genblk1.genblk1.lut0.genblk1.genblk1.genblk1.genblk1.genblk1.lut0 (4 -> 1)
  Optimizing lut $abc$6369$auto$blifparse.cc:525:parse_blif$6517.genblk1.genblk1.genblk1.genblk1.genblk1.genblk1.genblk1.lut0.genblk1.genblk1.genblk1.genblk1.genblk1.genblk1.lut1.genblk1.genblk1.genblk1.genblk1.genblk1.lut0 (4 -> 0)
  Optimizing lut $abc$6369$auto$blifparse.cc:525:parse_blif$6513.genblk1.genblk1.genblk1.genblk1.genblk1.genblk1.genblk1.lut0.genblk1.genblk1.genblk1.genblk1.genblk1.genblk1.lut0.genblk1.genblk1.genblk1.genblk1.genblk1.lut1 (4 -> 0)
  Optimizing lut $abc$6369$auto$blifparse.cc:525:parse_blif$6498.genblk1.genblk1.genblk1.genblk1.genblk1.genblk1.genblk1.lut0.genblk1.genblk1.genblk1.genblk1.genblk1.genblk1.lut0.genblk1.genblk1.genblk1.genblk1.genblk1.lut1 (4 -> 0)
  Optimizing lut $abc$6369$auto$blifparse.cc:525:parse_blif$6497.genblk1.genblk1.genblk1.genblk1.genblk1.genblk1.genblk1.genblk1.lut1.genblk1.genblk1.genblk1.genblk1.genblk1.genblk1.genblk1.lut1.genblk1.genblk1.genblk1.genblk1.genblk1.genblk1.lut0.genblk1.genblk1.genblk1.genblk1.genblk1.lut0 (4 -> 0)
  Optimizing lut $abc$6369$auto$blifparse.cc:525:parse_blif$6534.genblk1.genblk1.genblk1.genblk1.genblk1.genblk1.genblk1.genblk1.lut0.genblk1.genblk1.genblk1.genblk1.genblk1.genblk1.genblk1.lut1.genblk1.genblk1.genblk1.genblk1.genblk1.genblk1.lut1.genblk1.genblk1.genblk1.genblk1.genblk1.lut0 (4 -> 0)
  Optimizing lut $abc$6369$auto$blifparse.cc:525:parse_blif$6514.genblk1.genblk1.genblk1.genblk1.genblk1.lut0 (4 -> 0)
  Optimizing lut $abc$6369$auto$blifparse.cc:525:parse_blif$6523.genblk1.genblk1.genblk1.genblk1.genblk1.genblk1.lut0.genblk1.genblk1.genblk1.genblk1.genblk1.lut1 (4 -> 0)
  Optimizing lut $abc$6369$auto$blifparse.cc:525:parse_blif$6524.genblk1.genblk1.genblk1.genblk1.genblk1.genblk1.genblk1.lut0.genblk1.genblk1.genblk1.genblk1.genblk1.genblk1.lut0.genblk1.genblk1.genblk1.genblk1.genblk1.lut1 (4 -> 2)
  Optimizing lut $abc$6369$auto$blifparse.cc:525:parse_blif$6512.genblk1.genblk1.genblk1.genblk1.genblk1.genblk1.genblk1.lut0.genblk1.genblk1.genblk1.genblk1.genblk1.genblk1.lut1.genblk1.genblk1.genblk1.genblk1.genblk1.lut1 (4 -> 0)
  Optimizing lut $abc$6369$auto$blifparse.cc:525:parse_blif$6503.genblk1.genblk1.genblk1.genblk1.genblk1.genblk1.genblk1.genblk1.lut0.genblk1.genblk1.genblk1.genblk1.genblk1.genblk1.genblk1.lut0.genblk1.genblk1.genblk1.genblk1.genblk1.genblk1.lut1.genblk1.genblk1.genblk1.genblk1.genblk1.lut0 (4 -> 1)
  Optimizing lut $abc$6369$auto$blifparse.cc:525:parse_blif$6530.genblk1.genblk1.genblk1.genblk1.genblk1.genblk1.genblk1.lut0.genblk1.genblk1.genblk1.genblk1.genblk1.genblk1.lut0.genblk1.genblk1.genblk1.genblk1.genblk1.lut1 (4 -> 1)
  Optimizing lut $abc$6369$auto$blifparse.cc:525:parse_blif$6503.genblk1.genblk1.genblk1.genblk1.genblk1.genblk1.genblk1.genblk1.lut1.genblk1.genblk1.genblk1.genblk1.genblk1.genblk1.genblk1.lut0.genblk1.genblk1.genblk1.genblk1.genblk1.genblk1.lut0.genblk1.genblk1.genblk1.genblk1.genblk1.lut0 (4 -> 2)
  Optimizing lut $abc$6369$auto$blifparse.cc:525:parse_blif$6518.genblk1.genblk1.genblk1.genblk1.genblk1.genblk1.genblk1.genblk1.lut0.genblk1.genblk1.genblk1.genblk1.genblk1.genblk1.genblk1.lut0.genblk1.genblk1.genblk1.genblk1.genblk1.genblk1.lut0.genblk1.genblk1.genblk1.genblk1.genblk1.lut0 (4 -> 2)
  Optimizing lut $abc$6369$auto$blifparse.cc:525:parse_blif$6510.genblk1.genblk1.genblk1.genblk1.genblk1.genblk1.genblk1.genblk1.lut0.genblk1.genblk1.genblk1.genblk1.genblk1.genblk1.genblk1.lut1.genblk1.genblk1.genblk1.genblk1.genblk1.genblk1.lut0.genblk1.genblk1.genblk1.genblk1.genblk1.lut0 (4 -> 0)
  Optimizing lut $abc$6369$auto$blifparse.cc:525:parse_blif$6536.genblk1.genblk1.genblk1.genblk1.genblk1.genblk1.genblk1.genblk1.lut0.genblk1.genblk1.genblk1.genblk1.genblk1.genblk1.genblk1.lut1.genblk1.genblk1.genblk1.genblk1.genblk1.genblk1.lut1.genblk1.genblk1.genblk1.genblk1.genblk1.lut0 (4 -> 0)
  Optimizing lut $abc$6369$auto$blifparse.cc:525:parse_blif$6536.genblk1.genblk1.genblk1.genblk1.genblk1.genblk1.genblk1.genblk1.lut1.genblk1.genblk1.genblk1.genblk1.genblk1.genblk1.genblk1.lut0.genblk1.genblk1.genblk1.genblk1.genblk1.genblk1.lut0.genblk1.genblk1.genblk1.genblk1.genblk1.lut1 (4 -> 0)
  Optimizing lut $abc$6369$auto$blifparse.cc:525:parse_blif$6535.genblk1.genblk1.genblk1.genblk1.genblk1.genblk1.genblk1.genblk1.lut1.genblk1.genblk1.genblk1.genblk1.genblk1.genblk1.genblk1.lut0.genblk1.genblk1.genblk1.genblk1.genblk1.genblk1.lut0.genblk1.genblk1.genblk1.genblk1.genblk1.lut0 (4 -> 0)
  Optimizing lut $abc$6369$auto$blifparse.cc:525:parse_blif$6530.genblk1.genblk1.genblk1.genblk1.genblk1.genblk1.genblk1.lut1.genblk1.genblk1.genblk1.genblk1.genblk1.genblk1.lut0.genblk1.genblk1.genblk1.genblk1.genblk1.lut1 (4 -> 1)
  Optimizing lut $abc$6369$auto$blifparse.cc:525:parse_blif$6540.genblk1.genblk1.genblk1.genblk1.genblk1.lut1 (4 -> 2)
  Optimizing lut $abc$6369$auto$blifparse.cc:525:parse_blif$6489.genblk1.genblk1.genblk1.genblk1.genblk1.genblk1.lut1.genblk1.genblk1.genblk1.genblk1.genblk1.lut0 (4 -> 0)
  Optimizing lut $abc$6369$auto$blifparse.cc:525:parse_blif$6518.genblk1.genblk1.genblk1.genblk1.genblk1.genblk1.genblk1.genblk1.lut1.genblk1.genblk1.genblk1.genblk1.genblk1.genblk1.genblk1.lut1.genblk1.genblk1.genblk1.genblk1.genblk1.genblk1.lut1.genblk1.genblk1.genblk1.genblk1.genblk1.lut1 (4 -> 0)
  Optimizing lut $abc$6369$auto$blifparse.cc:525:parse_blif$6524.genblk1.genblk1.genblk1.genblk1.genblk1.genblk1.genblk1.lut1.genblk1.genblk1.genblk1.genblk1.genblk1.genblk1.lut0.genblk1.genblk1.genblk1.genblk1.genblk1.lut1 (4 -> 1)
  Optimizing lut $abc$6369$auto$blifparse.cc:525:parse_blif$6568.genblk1.genblk1.genblk1.genblk1.genblk1.genblk1.lut0.genblk1.genblk1.genblk1.genblk1.genblk1.lut1 (4 -> 0)
  Optimizing lut $abc$6369$auto$blifparse.cc:525:parse_blif$6498.genblk1.genblk1.genblk1.genblk1.genblk1.genblk1.genblk1.lut1.genblk1.genblk1.genblk1.genblk1.genblk1.genblk1.lut0.genblk1.genblk1.genblk1.genblk1.genblk1.lut1 (4 -> 1)
  Optimizing lut $abc$6369$auto$blifparse.cc:525:parse_blif$6477.genblk1.genblk1.genblk1.genblk1.genblk1.genblk1.genblk1.genblk1.lut1.genblk1.genblk1.genblk1.genblk1.genblk1.genblk1.genblk1.lut0.genblk1.genblk1.genblk1.genblk1.genblk1.genblk1.lut0.genblk1.genblk1.genblk1.genblk1.genblk1.lut0 (4 -> 0)
  Optimizing lut $abc$6369$auto$blifparse.cc:525:parse_blif$6477.genblk1.genblk1.genblk1.genblk1.genblk1.genblk1.genblk1.genblk1.lut1.genblk1.genblk1.genblk1.genblk1.genblk1.genblk1.genblk1.lut1.genblk1.genblk1.genblk1.genblk1.genblk1.genblk1.lut1.genblk1.genblk1.genblk1.genblk1.genblk1.lut0 (4 -> 0)
  Optimizing lut $abc$6369$auto$blifparse.cc:525:parse_blif$6654.genblk1.genblk1.genblk1.genblk1.genblk1.lut0 (4 -> 2)
  Optimizing lut $abc$6369$auto$blifparse.cc:525:parse_blif$6480.genblk1.genblk1.genblk1.genblk1.genblk1.genblk1.genblk1.lut1.genblk1.genblk1.genblk1.genblk1.genblk1.genblk1.lut1.genblk1.genblk1.genblk1.genblk1.genblk1.lut0 (4 -> 0)
  Optimizing lut $abc$6369$auto$blifparse.cc:525:parse_blif$6481.genblk1.genblk1.genblk1.genblk1.genblk1.genblk1.genblk1.lut0.genblk1.genblk1.genblk1.genblk1.genblk1.genblk1.lut1.genblk1.genblk1.genblk1.genblk1.genblk1.lut0 (4 -> 0)
  Optimizing lut $abc$6369$auto$blifparse.cc:525:parse_blif$6645.genblk1.genblk1.genblk1.genblk1.genblk1.lut1 (4 -> 1)
  Optimizing lut $abc$6369$auto$blifparse.cc:525:parse_blif$6594.genblk1.genblk1.genblk1.genblk1.genblk1.lut0 (4 -> 0)
  Optimizing lut $abc$6369$auto$blifparse.cc:525:parse_blif$6516.genblk1.genblk1.genblk1.genblk1.genblk1.genblk1.genblk1.lut1.genblk1.genblk1.genblk1.genblk1.genblk1.genblk1.lut1.genblk1.genblk1.genblk1.genblk1.genblk1.lut0 (4 -> 0)
  Optimizing lut $abc$6369$auto$blifparse.cc:525:parse_blif$6610.genblk1.genblk1.genblk1.genblk1.genblk1.lut0 (4 -> 3)
  Optimizing lut $abc$6369$auto$blifparse.cc:525:parse_blif$6655.genblk1.genblk1.genblk1.genblk1.genblk1.lut1 (4 -> 3)
  Optimizing lut $abc$6369$auto$blifparse.cc:525:parse_blif$6527.genblk1.genblk1.genblk1.genblk1.genblk1.lut0 (4 -> 0)
  Optimizing lut $abc$6369$auto$blifparse.cc:525:parse_blif$6376.genblk1.genblk1.genblk1.genblk1.genblk1.lut0 (4 -> 0)
  Optimizing lut $abc$6369$auto$blifparse.cc:525:parse_blif$6641.genblk1.genblk1.genblk1.genblk1.genblk1.lut1 (4 -> 1)
  Optimizing lut $abc$6369$auto$blifparse.cc:525:parse_blif$6493.genblk1.genblk1.genblk1.genblk1.genblk1.genblk1.genblk1.genblk1.lut0.genblk1.genblk1.genblk1.genblk1.genblk1.genblk1.genblk1.lut0.genblk1.genblk1.genblk1.genblk1.genblk1.genblk1.lut0.genblk1.genblk1.genblk1.genblk1.genblk1.lut1 (4 -> 1)
  Optimizing lut $abc$6369$auto$blifparse.cc:525:parse_blif$6655.genblk1.genblk1.genblk1.genblk1.genblk1.lut0 (4 -> 2)
  Optimizing lut $abc$6369$auto$blifparse.cc:525:parse_blif$6664.genblk1.genblk1.genblk1.genblk1.genblk1.lut0 (4 -> 1)
  Optimizing lut $abc$6369$auto$blifparse.cc:525:parse_blif$6404.genblk1.genblk1.genblk1.genblk1.genblk1.lut0 (4 -> 0)
  Optimizing lut $abc$6369$auto$blifparse.cc:525:parse_blif$6643.genblk1.genblk1.genblk1.genblk1.genblk1.lut1 (4 -> 1)
  Optimizing lut $abc$6369$auto$blifparse.cc:525:parse_blif$6595.genblk1.genblk1.genblk1.genblk1.genblk1.lut0 (4 -> 0)
  Optimizing lut $abc$6369$auto$blifparse.cc:525:parse_blif$6394.genblk1.genblk1.genblk1.genblk1.genblk1.lut0 (4 -> 2)
  Optimizing lut $abc$6369$auto$blifparse.cc:525:parse_blif$6535.genblk1.genblk1.genblk1.genblk1.genblk1.genblk1.genblk1.genblk1.lut0.genblk1.genblk1.genblk1.genblk1.genblk1.genblk1.genblk1.lut1.genblk1.genblk1.genblk1.genblk1.genblk1.genblk1.lut1.genblk1.genblk1.genblk1.genblk1.genblk1.lut1 (4 -> 1)
  Optimizing lut $abc$6369$auto$blifparse.cc:525:parse_blif$6650.genblk1.genblk1.genblk1.genblk1.genblk1.lut1 (4 -> 1)
  Optimizing lut $abc$6369$auto$blifparse.cc:525:parse_blif$6400.genblk1.genblk1.genblk1.genblk1.genblk1.genblk1.genblk1.lut0.genblk1.genblk1.genblk1.genblk1.genblk1.genblk1.lut0.genblk1.genblk1.genblk1.genblk1.genblk1.lut0 (4 -> 3)
  Optimizing lut $abc$6369$auto$blifparse.cc:525:parse_blif$6607.genblk1.genblk1.genblk1.genblk1.genblk1.lut0 (4 -> 3)
  Optimizing lut $abc$6369$auto$blifparse.cc:525:parse_blif$6535.genblk1.genblk1.genblk1.genblk1.genblk1.genblk1.genblk1.genblk1.lut0.genblk1.genblk1.genblk1.genblk1.genblk1.genblk1.genblk1.lut1.genblk1.genblk1.genblk1.genblk1.genblk1.genblk1.lut0.genblk1.genblk1.genblk1.genblk1.genblk1.lut0 (4 -> 1)
  Optimizing lut $abc$6369$auto$blifparse.cc:525:parse_blif$6664.genblk1.genblk1.genblk1.genblk1.genblk1.lut1 (4 -> 3)
  Optimizing lut $abc$6369$auto$blifparse.cc:525:parse_blif$6648.genblk1.genblk1.genblk1.genblk1.genblk1.lut1 (4 -> 1)
  Optimizing lut $abc$6369$auto$blifparse.cc:525:parse_blif$6596.genblk1.genblk1.genblk1.genblk1.genblk1.lut0 (4 -> 0)
  Optimizing lut $abc$6369$auto$blifparse.cc:525:parse_blif$6503.genblk1.genblk1.genblk1.genblk1.genblk1.genblk1.genblk1.genblk1.lut0.genblk1.genblk1.genblk1.genblk1.genblk1.genblk1.genblk1.lut1.genblk1.genblk1.genblk1.genblk1.genblk1.genblk1.lut1.genblk1.genblk1.genblk1.genblk1.genblk1.lut0 (4 -> 1)
  Optimizing lut $abc$6369$auto$blifparse.cc:525:parse_blif$6666.genblk1.genblk1.genblk1.genblk1.genblk1.lut1 (4 -> 3)
  Optimizing lut $abc$6369$auto$blifparse.cc:525:parse_blif$6645.genblk1.genblk1.genblk1.genblk1.genblk1.lut0 (4 -> 3)
  Optimizing lut $abc$6369$auto$blifparse.cc:525:parse_blif$6652.genblk1.genblk1.genblk1.genblk1.genblk1.lut0 (4 -> 3)
  Optimizing lut $abc$6369$auto$blifparse.cc:525:parse_blif$6650.genblk1.genblk1.genblk1.genblk1.genblk1.lut0 (4 -> 3)
  Optimizing lut $abc$6369$auto$blifparse.cc:525:parse_blif$6534.genblk1.genblk1.genblk1.genblk1.genblk1.genblk1.genblk1.genblk1.lut1.genblk1.genblk1.genblk1.genblk1.genblk1.genblk1.genblk1.lut0.genblk1.genblk1.genblk1.genblk1.genblk1.genblk1.lut1.genblk1.genblk1.genblk1.genblk1.genblk1.lut0 (4 -> 0)
  Optimizing lut $abc$6369$auto$blifparse.cc:525:parse_blif$6470.genblk1.genblk1.genblk1.genblk1.genblk1.lut1 (4 -> 0)

16.24. Executing SETUNDEF pass (replace undef values with defined constants).

16.25. Executing HILOMAP pass (mapping to constant drivers).
Removed 0 unused cells and 2733 unused wires.

16.26. Executing AUTONAME pass.
Renamed 91125 objects in module top (149 iterations).
<suppressed ~3063 debug messages>

16.27. Executing HIERARCHY pass (managing design hierarchy).

16.27.1. Analyzing design hierarchy..
Top module:  \top

16.27.2. Analyzing design hierarchy..
Top module:  \top
Removed 0 unused modules.

16.28. Printing statistics.

=== top ===

   Number of wires:               1397
   Number of wire bits:           2839
   Number of public wires:        1397
   Number of public wire bits:    2839
   Number of memories:               0
   Number of memory bits:            0
   Number of processes:              0
   Number of cells:               1771
     ALU                           262
     DFFC                           37
     DFFCE                         123
     DFFE                            6
     DFFP                            2
     GND                             1
     IBUF                            6
     LUT1                          488
     LUT2                          122
     LUT3                          116
     LUT4                          179
     MUX2_LUT5                     248
     MUX2_LUT6                     104
     MUX2_LUT7                      46
     MUX2_LUT8                      15
     OBUF                           15
     VCC                             1

16.29. Executing CHECK pass (checking for obvious problems).
Checking module top...
Found and reported 0 problems.

16.30. Executing JSON backend.

End of script. Logfile hash: 785b36dde8
Yosys 0.26+1 (git sha1 b1a011138, x86_64-w64-mingw32-g++ 9.2.1 -Os)
Time spent: 1% 29x opt_expr (0 sec), 1% 24x read_verilog (0 sec), ...
