
 /----------------------------------------------------------------------------\
 |                                                                            |
 |  yosys -- Yosys Open SYnthesis Suite                                       |
 |                                                                            |
 |  Copyright (C) 2012 - 2020  Claire Xenia Wolf <claire@yosyshq.com>         |
 |                                                                            |
 |  Permission to use, copy, modify, and/or distribute this software for any  |
 |  purpose with or without fee is hereby granted, provided that the above    |
 |  copyright notice and this permission notice appear in all copies.         |
 |                                                                            |
 |  THE SOFTWARE IS PROVIDED "AS IS" AND THE AUTHOR DISCLAIMS ALL WARRANTIES  |
 |  WITH REGARD TO THIS SOFTWARE INCLUDING ALL IMPLIED WARRANTIES OF          |
 |  MERCHANTABILITY AND FITNESS. IN NO EVENT SHALL THE AUTHOR BE LIABLE FOR   |
 |  ANY SPECIAL, DIRECT, INDIRECT, OR CONSEQUENTIAL DAMAGES OR ANY DAMAGES    |
 |  WHATSOEVER RESULTING FROM LOSS OF USE, DATA OR PROFITS, WHETHER IN AN     |
 |  ACTION OF CONTRACT, NEGLIGENCE OR OTHER TORTIOUS ACTION, ARISING OUT OF   |
 |  OR IN CONNECTION WITH THE USE OR PERFORMANCE OF THIS SOFTWARE.            |
 |                                                                            |
 \----------------------------------------------------------------------------/

 Yosys 0.26+1 (git sha1 b1a011138, x86_64-w64-mingw32-g++ 9.2.1 -Os)


-- Running command `read_verilog -sv ../design/anode_control.sv ../design/bin_a_bcd.sv ../design/clk_divider.sv ../design/display.sv ../design/div_top.sv ../design/divisor.sv ../design/entrada_div.sv ../design/hex_to_7seg.sv ../design/key_debouncer.sv ../design/key_decoder.sv ../design/key_scanner.sv ../design/selector_div.sv ../design/teclado_completo.sv ../design/test_teclado.sv ../design/top.sv ; synth_gowin -top top -json CALCULADORA.json' --

1. Executing Verilog-2005 frontend: ../design/anode_control.sv
Parsing SystemVerilog input from `../design/anode_control.sv' to AST representation.
Generating RTLIL representation for module `\anode_control'.
Successfully finished Verilog frontend.

2. Executing Verilog-2005 frontend: ../design/bin_a_bcd.sv
Parsing SystemVerilog input from `../design/bin_a_bcd.sv' to AST representation.
Generating RTLIL representation for module `\bin_a_bcd'.
Successfully finished Verilog frontend.

3. Executing Verilog-2005 frontend: ../design/clk_divider.sv
Parsing SystemVerilog input from `../design/clk_divider.sv' to AST representation.
Generating RTLIL representation for module `\clk_divider'.
Successfully finished Verilog frontend.

4. Executing Verilog-2005 frontend: ../design/display.sv
Parsing SystemVerilog input from `../design/display.sv' to AST representation.
Generating RTLIL representation for module `\display'.
Successfully finished Verilog frontend.

5. Executing Verilog-2005 frontend: ../design/div_top.sv
Parsing SystemVerilog input from `../design/div_top.sv' to AST representation.
Generating RTLIL representation for module `\div_top'.
Successfully finished Verilog frontend.

6. Executing Verilog-2005 frontend: ../design/divisor.sv
Parsing SystemVerilog input from `../design/divisor.sv' to AST representation.
Generating RTLIL representation for module `\divisor'.
Successfully finished Verilog frontend.

7. Executing Verilog-2005 frontend: ../design/entrada_div.sv
Parsing SystemVerilog input from `../design/entrada_div.sv' to AST representation.
Generating RTLIL representation for module `\input_div'.
Successfully finished Verilog frontend.

8. Executing Verilog-2005 frontend: ../design/hex_to_7seg.sv
Parsing SystemVerilog input from `../design/hex_to_7seg.sv' to AST representation.
Generating RTLIL representation for module `\hex_to_7seg'.
Successfully finished Verilog frontend.

9. Executing Verilog-2005 frontend: ../design/key_debouncer.sv
Parsing SystemVerilog input from `../design/key_debouncer.sv' to AST representation.
Generating RTLIL representation for module `\key_debouncer'.
Successfully finished Verilog frontend.

10. Executing Verilog-2005 frontend: ../design/key_decoder.sv
Parsing SystemVerilog input from `../design/key_decoder.sv' to AST representation.
Generating RTLIL representation for module `\key_decoder'.
Successfully finished Verilog frontend.

11. Executing Verilog-2005 frontend: ../design/key_scanner.sv
Parsing SystemVerilog input from `../design/key_scanner.sv' to AST representation.
Generating RTLIL representation for module `\key_scanner'.
Successfully finished Verilog frontend.

12. Executing Verilog-2005 frontend: ../design/selector_div.sv
Parsing SystemVerilog input from `../design/selector_div.sv' to AST representation.
Generating RTLIL representation for module `\selector_div'.
Successfully finished Verilog frontend.

13. Executing Verilog-2005 frontend: ../design/teclado_completo.sv
Parsing SystemVerilog input from `../design/teclado_completo.sv' to AST representation.
Generating RTLIL representation for module `\teclado_completo'.
Successfully finished Verilog frontend.

14. Executing Verilog-2005 frontend: ../design/test_teclado.sv
Parsing SystemVerilog input from `../design/test_teclado.sv' to AST representation.
Generating RTLIL representation for module `\test_teclado'.
Successfully finished Verilog frontend.

15. Executing Verilog-2005 frontend: ../design/top.sv
Parsing SystemVerilog input from `../design/top.sv' to AST representation.
Generating RTLIL representation for module `\top'.
Successfully finished Verilog frontend.

16. Executing SYNTH_GOWIN pass.

16.1. Executing Verilog-2005 frontend: c:\Users\Daniel\DOWNLO~1\OSS-CA~1\bin\../share/yosys/gowin/cells_sim.v
Parsing Verilog input from `c:\Users\Daniel\DOWNLO~1\OSS-CA~1\bin\../share/yosys/gowin/cells_sim.v' to AST representation.
Generating RTLIL representation for module `\LUT1'.
Generating RTLIL representation for module `\LUT2'.
Generating RTLIL representation for module `\LUT3'.
Generating RTLIL representation for module `\LUT4'.
Generating RTLIL representation for module `\__APICULA_LUT5'.
Generating RTLIL representation for module `\__APICULA_LUT6'.
Generating RTLIL representation for module `\__APICULA_LUT7'.
Generating RTLIL representation for module `\__APICULA_LUT8'.
Generating RTLIL representation for module `\MUX2'.
Generating RTLIL representation for module `\MUX2_LUT5'.
Generating RTLIL representation for module `\MUX2_LUT6'.
Generating RTLIL representation for module `\MUX2_LUT7'.
Generating RTLIL representation for module `\MUX2_LUT8'.
Generating RTLIL representation for module `\DFF'.
Generating RTLIL representation for module `\DFFE'.
Generating RTLIL representation for module `\DFFS'.
Generating RTLIL representation for module `\DFFSE'.
Generating RTLIL representation for module `\DFFR'.
Generating RTLIL representation for module `\DFFRE'.
Generating RTLIL representation for module `\DFFP'.
Generating RTLIL representation for module `\DFFPE'.
Generating RTLIL representation for module `\DFFC'.
Generating RTLIL representation for module `\DFFCE'.
Generating RTLIL representation for module `\DFFN'.
Generating RTLIL representation for module `\DFFNE'.
Generating RTLIL representation for module `\DFFNS'.
Generating RTLIL representation for module `\DFFNSE'.
Generating RTLIL representation for module `\DFFNR'.
Generating RTLIL representation for module `\DFFNRE'.
Generating RTLIL representation for module `\DFFNP'.
Generating RTLIL representation for module `\DFFNPE'.
Generating RTLIL representation for module `\DFFNC'.
Generating RTLIL representation for module `\DFFNCE'.
Generating RTLIL representation for module `\VCC'.
Generating RTLIL representation for module `\GND'.
Generating RTLIL representation for module `\IBUF'.
Generating RTLIL representation for module `\OBUF'.
Generating RTLIL representation for module `\TBUF'.
Generating RTLIL representation for module `\IOBUF'.
Generating RTLIL representation for module `\TLVDS_OBUF'.
Generating RTLIL representation for module `\ODDR'.
Generating RTLIL representation for module `\ODDRC'.
Generating RTLIL representation for module `\GSR'.
Generating RTLIL representation for module `\ALU'.
Generating RTLIL representation for module `\RAM16S1'.
Generating RTLIL representation for module `\RAM16S2'.
Generating RTLIL representation for module `\RAM16S4'.
Generating RTLIL representation for module `\RAM16SDP1'.
Generating RTLIL representation for module `\RAM16SDP2'.
Generating RTLIL representation for module `\RAM16SDP4'.
Generating RTLIL representation for module `\SP'.
Generating RTLIL representation for module `\SPX9'.
Generating RTLIL representation for module `\SDP'.
Generating RTLIL representation for module `\SDPX9'.
Generating RTLIL representation for module `\DP'.
Generating RTLIL representation for module `\DPX9'.
Generating RTLIL representation for module `\rPLL'.
Generating RTLIL representation for module `\PLLVR'.
Generating RTLIL representation for module `\OSC'.
Generating RTLIL representation for module `\OSCZ'.
Generating RTLIL representation for module `\OSCF'.
Generating RTLIL representation for module `\OSCH'.
Successfully finished Verilog frontend.

16.2. Executing HIERARCHY pass (managing design hierarchy).

16.2.1. Analyzing design hierarchy..
Top module:  \top
Used module:     \display
Used module:         \hex_to_7seg
Used module:         \anode_control
Used module:         \clk_divider
Used module:     \div_top
Used module:         \selector_div
Used module:         \divisor
Used module:         \input_div
Used module:     \teclado_completo
Used module:         \key_debouncer
Used module:         \key_decoder
Used module:         \key_scanner
Parameter \SCAN_DIV = 30000

16.2.2. Executing AST frontend in derive mode using pre-parsed AST for module `\key_scanner'.
Parameter \SCAN_DIV = 30000
Generating RTLIL representation for module `$paramod\key_scanner\SCAN_DIV=s32'00000000000000000111010100110000'.

16.2.3. Analyzing design hierarchy..
Top module:  \top
Used module:     \display
Used module:         \hex_to_7seg
Used module:         \anode_control
Used module:         \clk_divider
Used module:     \div_top
Used module:         \selector_div
Used module:         \divisor
Used module:         \input_div
Used module:     \teclado_completo
Used module:         \key_debouncer
Used module:         \key_decoder
Used module:         $paramod\key_scanner\SCAN_DIV=s32'00000000000000000111010100110000

16.2.4. Analyzing design hierarchy..
Top module:  \top
Used module:     \display
Used module:         \hex_to_7seg
Used module:         \anode_control
Used module:         \clk_divider
Used module:     \div_top
Used module:         \selector_div
Used module:         \divisor
Used module:         \input_div
Used module:     \teclado_completo
Used module:         \key_debouncer
Used module:         \key_decoder
Used module:         $paramod\key_scanner\SCAN_DIV=s32'00000000000000000111010100110000
Removing unused module `\test_teclado'.
Removing unused module `\key_scanner'.
Removing unused module `\bin_a_bcd'.
Removed 3 unused modules.

16.3. Executing PROC pass (convert processes to netlists).

16.3.1. Executing PROC_CLEAN pass (remove empty switches from decision trees).
Found and cleaned up 1 empty switch in `\ALU.$proc$c:\Users\Daniel\DOWNLO~1\OSS-CA~1\bin\../share/yosys/gowin/cells_sim.v:661$375'.
Cleaned up 1 empty switch.

16.3.2. Executing PROC_RMDEAD pass (remove dead branches from decision trees).
Marked 1 switch rules as full_case in process $proc$c:\Users\Daniel\DOWNLO~1\OSS-CA~1\bin\../share/yosys/gowin/cells_sim.v:535$371 in module DFFNCE.
Marked 1 switch rules as full_case in process $proc$c:\Users\Daniel\DOWNLO~1\OSS-CA~1\bin\../share/yosys/gowin/cells_sim.v:515$369 in module DFFNC.
Marked 1 switch rules as full_case in process $proc$c:\Users\Daniel\DOWNLO~1\OSS-CA~1\bin\../share/yosys/gowin/cells_sim.v:496$367 in module DFFNPE.
Marked 1 switch rules as full_case in process $proc$c:\Users\Daniel\DOWNLO~1\OSS-CA~1\bin\../share/yosys/gowin/cells_sim.v:476$365 in module DFFNP.
Marked 1 switch rules as full_case in process $proc$c:\Users\Daniel\DOWNLO~1\OSS-CA~1\bin\../share/yosys/gowin/cells_sim.v:457$363 in module DFFNRE.
Marked 1 switch rules as full_case in process $proc$c:\Users\Daniel\DOWNLO~1\OSS-CA~1\bin\../share/yosys/gowin/cells_sim.v:437$361 in module DFFNR.
Marked 1 switch rules as full_case in process $proc$c:\Users\Daniel\DOWNLO~1\OSS-CA~1\bin\../share/yosys/gowin/cells_sim.v:418$359 in module DFFNSE.
Marked 1 switch rules as full_case in process $proc$c:\Users\Daniel\DOWNLO~1\OSS-CA~1\bin\../share/yosys/gowin/cells_sim.v:398$357 in module DFFNS.
Marked 1 switch rules as full_case in process $proc$c:\Users\Daniel\DOWNLO~1\OSS-CA~1\bin\../share/yosys/gowin/cells_sim.v:348$351 in module DFFCE.
Marked 1 switch rules as full_case in process $proc$c:\Users\Daniel\DOWNLO~1\OSS-CA~1\bin\../share/yosys/gowin/cells_sim.v:328$349 in module DFFC.
Marked 1 switch rules as full_case in process $proc$c:\Users\Daniel\DOWNLO~1\OSS-CA~1\bin\../share/yosys/gowin/cells_sim.v:309$347 in module DFFPE.
Marked 1 switch rules as full_case in process $proc$c:\Users\Daniel\DOWNLO~1\OSS-CA~1\bin\../share/yosys/gowin/cells_sim.v:289$345 in module DFFP.
Marked 1 switch rules as full_case in process $proc$c:\Users\Daniel\DOWNLO~1\OSS-CA~1\bin\../share/yosys/gowin/cells_sim.v:270$343 in module DFFRE.
Marked 1 switch rules as full_case in process $proc$c:\Users\Daniel\DOWNLO~1\OSS-CA~1\bin\../share/yosys/gowin/cells_sim.v:250$341 in module DFFR.
Marked 1 switch rules as full_case in process $proc$c:\Users\Daniel\DOWNLO~1\OSS-CA~1\bin\../share/yosys/gowin/cells_sim.v:231$339 in module DFFSE.
Marked 1 switch rules as full_case in process $proc$c:\Users\Daniel\DOWNLO~1\OSS-CA~1\bin\../share/yosys/gowin/cells_sim.v:211$337 in module DFFS.
Removed 1 dead cases from process $proc$../design/key_scanner.sv:0$425 in module $paramod\key_scanner\SCAN_DIV=s32'00000000000000000111010100110000.
Marked 1 switch rules as full_case in process $proc$../design/key_scanner.sv:0$425 in module $paramod\key_scanner\SCAN_DIV=s32'00000000000000000111010100110000.
Marked 1 switch rules as full_case in process $proc$../design/key_scanner.sv:27$422 in module $paramod\key_scanner\SCAN_DIV=s32'00000000000000000111010100110000.
Marked 2 switch rules as full_case in process $proc$../design/key_scanner.sv:17$420 in module $paramod\key_scanner\SCAN_DIV=s32'00000000000000000111010100110000.
Marked 2 switch rules as full_case in process $proc$../design/selector_div.sv:0$147 in module selector_div.
Marked 4 switch rules as full_case in process $proc$../design/selector_div.sv:49$138 in module selector_div.
Marked 1 switch rules as full_case in process $proc$../design/selector_div.sv:41$137 in module selector_div.
Removed 1 dead cases from process $proc$../design/key_decoder.sv:0$125 in module key_decoder.
Marked 9 switch rules as full_case in process $proc$../design/key_decoder.sv:0$125 in module key_decoder.
Marked 4 switch rules as full_case in process $proc$../design/key_debouncer.sv:28$119 in module key_debouncer.
Removed 1 dead cases from process $proc$../design/hex_to_7seg.sv:0$117 in module hex_to_7seg.
Marked 8 switch rules as full_case in process $proc$../design/entrada_div.sv:39$93 in module input_div.
Marked 1 switch rules as full_case in process $proc$../design/entrada_div.sv:32$90 in module input_div.
Marked 1 switch rules as full_case in process $proc$../design/divisor.sv:101$88 in module divisor.
Marked 6 switch rules as full_case in process $proc$../design/divisor.sv:25$34 in module divisor.
Marked 3 switch rules as full_case in process $proc$../design/div_top.sv:0$20 in module div_top.
Removed 1 dead cases from process $proc$../design/display.sv:0$19 in module display.
Marked 1 switch rules as full_case in process $proc$../design/display.sv:0$19 in module display.
Marked 1 switch rules as full_case in process $proc$../design/clk_divider.sv:10$16 in module clk_divider.
Marked 2 switch rules as full_case in process $proc$../design/anode_control.sv:15$1 in module anode_control.
Removed a total of 4 dead cases.

16.3.3. Executing PROC_PRUNE pass (remove redundant assignments in processes).
Removed 14 redundant assignments.
Promoted 44 assignments to connections.

16.3.4. Executing PROC_INIT pass (extract init attributes).
Found init rule in `\DFFNCE.$proc$c:\Users\Daniel\DOWNLO~1\OSS-CA~1\bin\../share/yosys/gowin/cells_sim.v:0$372'.
  Set init value: \Q = 1'0
Found init rule in `\DFFNC.$proc$c:\Users\Daniel\DOWNLO~1\OSS-CA~1\bin\../share/yosys/gowin/cells_sim.v:0$370'.
  Set init value: \Q = 1'0
Found init rule in `\DFFNPE.$proc$c:\Users\Daniel\DOWNLO~1\OSS-CA~1\bin\../share/yosys/gowin/cells_sim.v:0$368'.
  Set init value: \Q = 1'1
Found init rule in `\DFFNP.$proc$c:\Users\Daniel\DOWNLO~1\OSS-CA~1\bin\../share/yosys/gowin/cells_sim.v:0$366'.
  Set init value: \Q = 1'1
Found init rule in `\DFFNRE.$proc$c:\Users\Daniel\DOWNLO~1\OSS-CA~1\bin\../share/yosys/gowin/cells_sim.v:0$364'.
  Set init value: \Q = 1'0
Found init rule in `\DFFNR.$proc$c:\Users\Daniel\DOWNLO~1\OSS-CA~1\bin\../share/yosys/gowin/cells_sim.v:0$362'.
  Set init value: \Q = 1'0
Found init rule in `\DFFNSE.$proc$c:\Users\Daniel\DOWNLO~1\OSS-CA~1\bin\../share/yosys/gowin/cells_sim.v:0$360'.
  Set init value: \Q = 1'1
Found init rule in `\DFFNS.$proc$c:\Users\Daniel\DOWNLO~1\OSS-CA~1\bin\../share/yosys/gowin/cells_sim.v:0$358'.
  Set init value: \Q = 1'1
Found init rule in `\DFFNE.$proc$c:\Users\Daniel\DOWNLO~1\OSS-CA~1\bin\../share/yosys/gowin/cells_sim.v:0$356'.
  Set init value: \Q = 1'0
Found init rule in `\DFFN.$proc$c:\Users\Daniel\DOWNLO~1\OSS-CA~1\bin\../share/yosys/gowin/cells_sim.v:0$354'.
  Set init value: \Q = 1'0
Found init rule in `\DFFCE.$proc$c:\Users\Daniel\DOWNLO~1\OSS-CA~1\bin\../share/yosys/gowin/cells_sim.v:0$352'.
  Set init value: \Q = 1'0
Found init rule in `\DFFC.$proc$c:\Users\Daniel\DOWNLO~1\OSS-CA~1\bin\../share/yosys/gowin/cells_sim.v:0$350'.
  Set init value: \Q = 1'0
Found init rule in `\DFFPE.$proc$c:\Users\Daniel\DOWNLO~1\OSS-CA~1\bin\../share/yosys/gowin/cells_sim.v:0$348'.
  Set init value: \Q = 1'1
Found init rule in `\DFFP.$proc$c:\Users\Daniel\DOWNLO~1\OSS-CA~1\bin\../share/yosys/gowin/cells_sim.v:0$346'.
  Set init value: \Q = 1'1
Found init rule in `\DFFRE.$proc$c:\Users\Daniel\DOWNLO~1\OSS-CA~1\bin\../share/yosys/gowin/cells_sim.v:0$344'.
  Set init value: \Q = 1'0
Found init rule in `\DFFR.$proc$c:\Users\Daniel\DOWNLO~1\OSS-CA~1\bin\../share/yosys/gowin/cells_sim.v:0$342'.
  Set init value: \Q = 1'0
Found init rule in `\DFFSE.$proc$c:\Users\Daniel\DOWNLO~1\OSS-CA~1\bin\../share/yosys/gowin/cells_sim.v:0$340'.
  Set init value: \Q = 1'1
Found init rule in `\DFFS.$proc$c:\Users\Daniel\DOWNLO~1\OSS-CA~1\bin\../share/yosys/gowin/cells_sim.v:0$338'.
  Set init value: \Q = 1'1
Found init rule in `\DFFE.$proc$c:\Users\Daniel\DOWNLO~1\OSS-CA~1\bin\../share/yosys/gowin/cells_sim.v:0$336'.
  Set init value: \Q = 1'0
Found init rule in `\DFF.$proc$c:\Users\Daniel\DOWNLO~1\OSS-CA~1\bin\../share/yosys/gowin/cells_sim.v:0$334'.
  Set init value: \Q = 1'0

16.3.5. Executing PROC_ARST pass (detect async resets in processes).
Found async reset \CLEAR in `\DFFNCE.$proc$c:\Users\Daniel\DOWNLO~1\OSS-CA~1\bin\../share/yosys/gowin/cells_sim.v:535$371'.
Found async reset \CLEAR in `\DFFNC.$proc$c:\Users\Daniel\DOWNLO~1\OSS-CA~1\bin\../share/yosys/gowin/cells_sim.v:515$369'.
Found async reset \PRESET in `\DFFNPE.$proc$c:\Users\Daniel\DOWNLO~1\OSS-CA~1\bin\../share/yosys/gowin/cells_sim.v:496$367'.
Found async reset \PRESET in `\DFFNP.$proc$c:\Users\Daniel\DOWNLO~1\OSS-CA~1\bin\../share/yosys/gowin/cells_sim.v:476$365'.
Found async reset \CLEAR in `\DFFCE.$proc$c:\Users\Daniel\DOWNLO~1\OSS-CA~1\bin\../share/yosys/gowin/cells_sim.v:348$351'.
Found async reset \CLEAR in `\DFFC.$proc$c:\Users\Daniel\DOWNLO~1\OSS-CA~1\bin\../share/yosys/gowin/cells_sim.v:328$349'.
Found async reset \PRESET in `\DFFPE.$proc$c:\Users\Daniel\DOWNLO~1\OSS-CA~1\bin\../share/yosys/gowin/cells_sim.v:309$347'.
Found async reset \PRESET in `\DFFP.$proc$c:\Users\Daniel\DOWNLO~1\OSS-CA~1\bin\../share/yosys/gowin/cells_sim.v:289$345'.
Found async reset \rst in `$paramod\key_scanner\SCAN_DIV=s32'00000000000000000111010100110000.$proc$../design/key_scanner.sv:27$422'.
Found async reset \rst in `$paramod\key_scanner\SCAN_DIV=s32'00000000000000000111010100110000.$proc$../design/key_scanner.sv:17$420'.
Found async reset \rst in `\selector_div.$proc$../design/selector_div.sv:49$138'.
Found async reset \rst in `\selector_div.$proc$../design/selector_div.sv:41$137'.
Found async reset \rst in `\key_debouncer.$proc$../design/key_debouncer.sv:28$119'.
Found async reset \rst in `\input_div.$proc$../design/entrada_div.sv:39$93'.
Found async reset \rst in `\input_div.$proc$../design/entrada_div.sv:32$90'.
Found async reset \rst in `\divisor.$proc$../design/divisor.sv:101$88'.
Found async reset \rst in `\divisor.$proc$../design/divisor.sv:25$34'.
Found async reset \rst in `\clk_divider.$proc$../design/clk_divider.sv:10$16'.
Found async reset \rst in `\anode_control.$proc$../design/anode_control.sv:15$1'.

16.3.6. Executing PROC_ROM pass (convert switches to ROMs).
Converted 1 switch.
<suppressed ~66 debug messages>

16.3.7. Executing PROC_MUX pass (convert decision trees to multiplexers).
Creating decoders for process `\ALU.$proc$c:\Users\Daniel\DOWNLO~1\OSS-CA~1\bin\../share/yosys/gowin/cells_sim.v:661$375'.
Creating decoders for process `\DFFNCE.$proc$c:\Users\Daniel\DOWNLO~1\OSS-CA~1\bin\../share/yosys/gowin/cells_sim.v:0$372'.
Creating decoders for process `\DFFNCE.$proc$c:\Users\Daniel\DOWNLO~1\OSS-CA~1\bin\../share/yosys/gowin/cells_sim.v:535$371'.
     1/1: $0\Q[0:0]
Creating decoders for process `\DFFNC.$proc$c:\Users\Daniel\DOWNLO~1\OSS-CA~1\bin\../share/yosys/gowin/cells_sim.v:0$370'.
Creating decoders for process `\DFFNC.$proc$c:\Users\Daniel\DOWNLO~1\OSS-CA~1\bin\../share/yosys/gowin/cells_sim.v:515$369'.
     1/1: $0\Q[0:0]
Creating decoders for process `\DFFNPE.$proc$c:\Users\Daniel\DOWNLO~1\OSS-CA~1\bin\../share/yosys/gowin/cells_sim.v:0$368'.
Creating decoders for process `\DFFNPE.$proc$c:\Users\Daniel\DOWNLO~1\OSS-CA~1\bin\../share/yosys/gowin/cells_sim.v:496$367'.
     1/1: $0\Q[0:0]
Creating decoders for process `\DFFNP.$proc$c:\Users\Daniel\DOWNLO~1\OSS-CA~1\bin\../share/yosys/gowin/cells_sim.v:0$366'.
Creating decoders for process `\DFFNP.$proc$c:\Users\Daniel\DOWNLO~1\OSS-CA~1\bin\../share/yosys/gowin/cells_sim.v:476$365'.
     1/1: $0\Q[0:0]
Creating decoders for process `\DFFNRE.$proc$c:\Users\Daniel\DOWNLO~1\OSS-CA~1\bin\../share/yosys/gowin/cells_sim.v:0$364'.
Creating decoders for process `\DFFNRE.$proc$c:\Users\Daniel\DOWNLO~1\OSS-CA~1\bin\../share/yosys/gowin/cells_sim.v:457$363'.
     1/1: $0\Q[0:0]
Creating decoders for process `\DFFNR.$proc$c:\Users\Daniel\DOWNLO~1\OSS-CA~1\bin\../share/yosys/gowin/cells_sim.v:0$362'.
Creating decoders for process `\DFFNR.$proc$c:\Users\Daniel\DOWNLO~1\OSS-CA~1\bin\../share/yosys/gowin/cells_sim.v:437$361'.
     1/1: $0\Q[0:0]
Creating decoders for process `\DFFNSE.$proc$c:\Users\Daniel\DOWNLO~1\OSS-CA~1\bin\../share/yosys/gowin/cells_sim.v:0$360'.
Creating decoders for process `\DFFNSE.$proc$c:\Users\Daniel\DOWNLO~1\OSS-CA~1\bin\../share/yosys/gowin/cells_sim.v:418$359'.
     1/1: $0\Q[0:0]
Creating decoders for process `\DFFNS.$proc$c:\Users\Daniel\DOWNLO~1\OSS-CA~1\bin\../share/yosys/gowin/cells_sim.v:0$358'.
Creating decoders for process `\DFFNS.$proc$c:\Users\Daniel\DOWNLO~1\OSS-CA~1\bin\../share/yosys/gowin/cells_sim.v:398$357'.
     1/1: $0\Q[0:0]
Creating decoders for process `\DFFNE.$proc$c:\Users\Daniel\DOWNLO~1\OSS-CA~1\bin\../share/yosys/gowin/cells_sim.v:0$356'.
Creating decoders for process `\DFFNE.$proc$c:\Users\Daniel\DOWNLO~1\OSS-CA~1\bin\../share/yosys/gowin/cells_sim.v:381$355'.
     1/1: $0\Q[0:0]
Creating decoders for process `\DFFN.$proc$c:\Users\Daniel\DOWNLO~1\OSS-CA~1\bin\../share/yosys/gowin/cells_sim.v:0$354'.
Creating decoders for process `\DFFN.$proc$c:\Users\Daniel\DOWNLO~1\OSS-CA~1\bin\../share/yosys/gowin/cells_sim.v:366$353'.
Creating decoders for process `\DFFCE.$proc$c:\Users\Daniel\DOWNLO~1\OSS-CA~1\bin\../share/yosys/gowin/cells_sim.v:0$352'.
Creating decoders for process `\DFFCE.$proc$c:\Users\Daniel\DOWNLO~1\OSS-CA~1\bin\../share/yosys/gowin/cells_sim.v:348$351'.
     1/1: $0\Q[0:0]
Creating decoders for process `\DFFC.$proc$c:\Users\Daniel\DOWNLO~1\OSS-CA~1\bin\../share/yosys/gowin/cells_sim.v:0$350'.
Creating decoders for process `\DFFC.$proc$c:\Users\Daniel\DOWNLO~1\OSS-CA~1\bin\../share/yosys/gowin/cells_sim.v:328$349'.
     1/1: $0\Q[0:0]
Creating decoders for process `\DFFPE.$proc$c:\Users\Daniel\DOWNLO~1\OSS-CA~1\bin\../share/yosys/gowin/cells_sim.v:0$348'.
Creating decoders for process `\DFFPE.$proc$c:\Users\Daniel\DOWNLO~1\OSS-CA~1\bin\../share/yosys/gowin/cells_sim.v:309$347'.
     1/1: $0\Q[0:0]
Creating decoders for process `\DFFP.$proc$c:\Users\Daniel\DOWNLO~1\OSS-CA~1\bin\../share/yosys/gowin/cells_sim.v:0$346'.
Creating decoders for process `\DFFP.$proc$c:\Users\Daniel\DOWNLO~1\OSS-CA~1\bin\../share/yosys/gowin/cells_sim.v:289$345'.
     1/1: $0\Q[0:0]
Creating decoders for process `\DFFRE.$proc$c:\Users\Daniel\DOWNLO~1\OSS-CA~1\bin\../share/yosys/gowin/cells_sim.v:0$344'.
Creating decoders for process `\DFFRE.$proc$c:\Users\Daniel\DOWNLO~1\OSS-CA~1\bin\../share/yosys/gowin/cells_sim.v:270$343'.
     1/1: $0\Q[0:0]
Creating decoders for process `\DFFR.$proc$c:\Users\Daniel\DOWNLO~1\OSS-CA~1\bin\../share/yosys/gowin/cells_sim.v:0$342'.
Creating decoders for process `\DFFR.$proc$c:\Users\Daniel\DOWNLO~1\OSS-CA~1\bin\../share/yosys/gowin/cells_sim.v:250$341'.
     1/1: $0\Q[0:0]
Creating decoders for process `\DFFSE.$proc$c:\Users\Daniel\DOWNLO~1\OSS-CA~1\bin\../share/yosys/gowin/cells_sim.v:0$340'.
Creating decoders for process `\DFFSE.$proc$c:\Users\Daniel\DOWNLO~1\OSS-CA~1\bin\../share/yosys/gowin/cells_sim.v:231$339'.
     1/1: $0\Q[0:0]
Creating decoders for process `\DFFS.$proc$c:\Users\Daniel\DOWNLO~1\OSS-CA~1\bin\../share/yosys/gowin/cells_sim.v:0$338'.
Creating decoders for process `\DFFS.$proc$c:\Users\Daniel\DOWNLO~1\OSS-CA~1\bin\../share/yosys/gowin/cells_sim.v:211$337'.
     1/1: $0\Q[0:0]
Creating decoders for process `\DFFE.$proc$c:\Users\Daniel\DOWNLO~1\OSS-CA~1\bin\../share/yosys/gowin/cells_sim.v:0$336'.
Creating decoders for process `\DFFE.$proc$c:\Users\Daniel\DOWNLO~1\OSS-CA~1\bin\../share/yosys/gowin/cells_sim.v:194$335'.
     1/1: $0\Q[0:0]
Creating decoders for process `\DFF.$proc$c:\Users\Daniel\DOWNLO~1\OSS-CA~1\bin\../share/yosys/gowin/cells_sim.v:0$334'.
Creating decoders for process `\DFF.$proc$c:\Users\Daniel\DOWNLO~1\OSS-CA~1\bin\../share/yosys/gowin/cells_sim.v:179$333'.
Creating decoders for process `$paramod\key_scanner\SCAN_DIV=s32'00000000000000000111010100110000.$proc$../design/key_scanner.sv:0$425'.
     1/1: $1\row[3:0]
Creating decoders for process `$paramod\key_scanner\SCAN_DIV=s32'00000000000000000111010100110000.$proc$../design/key_scanner.sv:27$422'.
     1/1: $0\scanned_row[1:0]
Creating decoders for process `$paramod\key_scanner\SCAN_DIV=s32'00000000000000000111010100110000.$proc$../design/key_scanner.sv:17$420'.
     1/1: $0\scan_cnt[15:0]
Creating decoders for process `\selector_div.$proc$../design/selector_div.sv:0$147'.
     1/2: $2\num_out[15:0]
     2/2: $1\num_out[15:0]
Creating decoders for process `\selector_div.$proc$../design/selector_div.sv:49$138'.
     1/2: $0\resultado_activo[0:0]
     2/2: $0\modo_vista[2:0]
Creating decoders for process `\selector_div.$proc$../design/selector_div.sv:41$137'.
     1/1: $0\key_guardada[3:0]
Creating decoders for process `\key_decoder.$proc$../design/key_decoder.sv:0$125'.
     1/18: $9\raw_key[3:0]
     2/18: $9\fila_pres[0:0]
     3/18: $8\raw_key[3:0]
     4/18: $8\fila_pres[0:0]
     5/18: $7\raw_key[3:0]
     6/18: $7\fila_pres[0:0]
     7/18: $6\raw_key[3:0]
     8/18: $6\fila_pres[0:0]
     9/18: $5\raw_key[3:0]
    10/18: $5\fila_pres[0:0]
    11/18: $4\raw_key[3:0]
    12/18: $4\fila_pres[0:0]
    13/18: $3\raw_key[3:0]
    14/18: $3\fila_pres[0:0]
    15/18: $2\raw_key[3:0]
    16/18: $2\fila_pres[0:0]
    17/18: $1\raw_key[3:0]
    18/18: $1\fila_pres[0:0]
Creating decoders for process `\key_debouncer.$proc$../design/key_debouncer.sv:28$119'.
     1/5: $0\valid[0:0]
     2/5: $0\stable_key[3:0]
     3/5: $0\debounce_cnt[31:0]
     4/5: $0\key_out[3:0]
     5/5: $0\state[1:0]
Creating decoders for process `\hex_to_7seg.$proc$../design/hex_to_7seg.sv:0$117'.
     1/1: $1\seg[6:0]
Creating decoders for process `\input_div.$proc$../design/entrada_div.sv:39$93'.
     1/14: $4$unnamed_block$89.divisor_actual[3:0]$115
     2/14: $3$unnamed_block$89.divisor_actual[3:0]$114
     3/14: $2$unnamed_block$89.divisor_actual[3:0]$96
     4/14: $1$unnamed_block$89.divisor_actual[3:0]$95
     5/14: $0\start_calc[0:0]
     6/14: $0\dec_div[3:0]
     7/14: $0\tengo_decenas_div[0:0]
     8/14: $0\tengo_decenas_num[0:0]
     9/14: $0\state[1:0]
    10/14: $0\num_registro[15:0]
    11/14: $0\divisor[3:0]
    12/14: $0\dividendo[5:0]
    13/14: $0\unidades[3:0]
    14/14: $0\decenas[3:0]
Creating decoders for process `\input_div.$proc$../design/entrada_div.sv:32$90'.
     1/1: $0\valid_prev[0:0]
Creating decoders for process `\divisor.$proc$../design/divisor.sv:101$88'.
     1/2: $0\residuo[3:0]
     2/2: $0\cociente[5:0]
Creating decoders for process `\divisor.$proc$../design/divisor.sv:25$34'.
     1/30: $5$lookahead\temp_cociente$33[5:0]$67
     2/30: $3$bitselwrite$data$../design/divisor.sv:70$28[5:0]$62
     3/30: $3$bitselwrite$mask$../design/divisor.sv:70$27[5:0]$61
     4/30: $3$bitselwrite$sel$../design/divisor.sv:70$29[2:0]$63
     5/30: $3$bitselwrite$sel$../design/divisor.sv:72$32[2:0]$66
     6/30: $3$bitselwrite$data$../design/divisor.sv:72$31[5:0]$65
     7/30: $3$bitselwrite$mask$../design/divisor.sv:72$30[5:0]$64
     8/30: $4$lookahead\temp_cociente$33[5:0]$58
     9/30: $3$lookahead\temp_cociente$33[5:0]$56
    10/30: $2$lookahead\temp_cociente$33[5:0]$55
    11/30: $2$bitselwrite$sel$../design/divisor.sv:72$32[2:0]$54
    12/30: $2$bitselwrite$data$../design/divisor.sv:72$31[5:0]$53
    13/30: $2$bitselwrite$mask$../design/divisor.sv:72$30[5:0]$52
    14/30: $2$bitselwrite$sel$../design/divisor.sv:70$29[2:0]$51
    15/30: $2$bitselwrite$data$../design/divisor.sv:70$28[5:0]$50
    16/30: $2$bitselwrite$mask$../design/divisor.sv:70$27[5:0]$49
    17/30: $1$lookahead\temp_cociente$33[5:0]$48
    18/30: $1$bitselwrite$sel$../design/divisor.sv:72$32[2:0]$47
    19/30: $1$bitselwrite$data$../design/divisor.sv:72$31[5:0]$46
    20/30: $1$bitselwrite$mask$../design/divisor.sv:72$30[5:0]$45
    21/30: $1$bitselwrite$sel$../design/divisor.sv:70$29[2:0]$44
    22/30: $1$bitselwrite$data$../design/divisor.sv:70$28[5:0]$43
    23/30: $1$bitselwrite$mask$../design/divisor.sv:70$27[5:0]$42
    24/30: $0\done[0:0]
    25/30: $0\residuo_out[3:0]
    26/30: $0\cociente_out[5:0]
    27/30: $0\bit_index[2:0]
    28/30: $0\resta[5:0]
    29/30: $0\state[2:0]
    30/30: $0\R[5:0]
Creating decoders for process `\div_top.$proc$../design/div_top.sv:0$20'.
     1/3: $1\divisor_bcd[7:0]
     2/3: $1\residuo_bcd[7:0]
     3/3: $1\cociente_bcd[7:0]
Creating decoders for process `\display.$proc$../design/display.sv:0$19'.
     1/1: $1\current_val[3:0]
Creating decoders for process `\clk_divider.$proc$../design/clk_divider.sv:10$16'.
     1/1: $0\count[13:0]
Creating decoders for process `\anode_control.$proc$../design/anode_control.sv:15$1'.
     1/2: $0\anode[3:0]
     2/2: $0\sel[1:0]

16.3.8. Executing PROC_DLATCH pass (convert process syncs to latches).
No latch inferred for signal `$paramod\key_scanner\SCAN_DIV=s32'00000000000000000111010100110000.\row' from process `$paramod\key_scanner\SCAN_DIV=s32'00000000000000000111010100110000.$proc$../design/key_scanner.sv:0$425'.
No latch inferred for signal `\selector_div.\num_out' from process `\selector_div.$proc$../design/selector_div.sv:0$147'.
No latch inferred for signal `\key_decoder.\fila_pres' from process `\key_decoder.$proc$../design/key_decoder.sv:0$125'.
No latch inferred for signal `\key_decoder.\raw_key' from process `\key_decoder.$proc$../design/key_decoder.sv:0$125'.
No latch inferred for signal `\hex_to_7seg.\seg' from process `\hex_to_7seg.$proc$../design/hex_to_7seg.sv:0$117'.
No latch inferred for signal `\div_top.\cociente_bcd' from process `\div_top.$proc$../design/div_top.sv:0$20'.
No latch inferred for signal `\div_top.\residuo_bcd' from process `\div_top.$proc$../design/div_top.sv:0$20'.
No latch inferred for signal `\div_top.\divisor_bcd' from process `\div_top.$proc$../design/div_top.sv:0$20'.
No latch inferred for signal `\display.\current_val' from process `\display.$proc$../design/display.sv:0$19'.

16.3.9. Executing PROC_DFF pass (convert process syncs to FFs).
Creating register for signal `\ALU.\C' using process `\ALU.$proc$c:\Users\Daniel\DOWNLO~1\OSS-CA~1\bin\../share/yosys/gowin/cells_sim.v:661$375'.
  created direct connection (no actual register cell created).
Creating register for signal `\ALU.\S' using process `\ALU.$proc$c:\Users\Daniel\DOWNLO~1\OSS-CA~1\bin\../share/yosys/gowin/cells_sim.v:661$375'.
  created direct connection (no actual register cell created).
Creating register for signal `\DFFNCE.\Q' using process `\DFFNCE.$proc$c:\Users\Daniel\DOWNLO~1\OSS-CA~1\bin\../share/yosys/gowin/cells_sim.v:535$371'.
  created $adff cell `$procdff$1095' with negative edge clock and positive level reset.
Creating register for signal `\DFFNC.\Q' using process `\DFFNC.$proc$c:\Users\Daniel\DOWNLO~1\OSS-CA~1\bin\../share/yosys/gowin/cells_sim.v:515$369'.
  created $adff cell `$procdff$1096' with negative edge clock and positive level reset.
Creating register for signal `\DFFNPE.\Q' using process `\DFFNPE.$proc$c:\Users\Daniel\DOWNLO~1\OSS-CA~1\bin\../share/yosys/gowin/cells_sim.v:496$367'.
  created $adff cell `$procdff$1097' with negative edge clock and positive level reset.
Creating register for signal `\DFFNP.\Q' using process `\DFFNP.$proc$c:\Users\Daniel\DOWNLO~1\OSS-CA~1\bin\../share/yosys/gowin/cells_sim.v:476$365'.
  created $adff cell `$procdff$1098' with negative edge clock and positive level reset.
Creating register for signal `\DFFNRE.\Q' using process `\DFFNRE.$proc$c:\Users\Daniel\DOWNLO~1\OSS-CA~1\bin\../share/yosys/gowin/cells_sim.v:457$363'.
  created $dff cell `$procdff$1099' with negative edge clock.
Creating register for signal `\DFFNR.\Q' using process `\DFFNR.$proc$c:\Users\Daniel\DOWNLO~1\OSS-CA~1\bin\../share/yosys/gowin/cells_sim.v:437$361'.
  created $dff cell `$procdff$1100' with negative edge clock.
Creating register for signal `\DFFNSE.\Q' using process `\DFFNSE.$proc$c:\Users\Daniel\DOWNLO~1\OSS-CA~1\bin\../share/yosys/gowin/cells_sim.v:418$359'.
  created $dff cell `$procdff$1101' with negative edge clock.
Creating register for signal `\DFFNS.\Q' using process `\DFFNS.$proc$c:\Users\Daniel\DOWNLO~1\OSS-CA~1\bin\../share/yosys/gowin/cells_sim.v:398$357'.
  created $dff cell `$procdff$1102' with negative edge clock.
Creating register for signal `\DFFNE.\Q' using process `\DFFNE.$proc$c:\Users\Daniel\DOWNLO~1\OSS-CA~1\bin\../share/yosys/gowin/cells_sim.v:381$355'.
  created $dff cell `$procdff$1103' with negative edge clock.
Creating register for signal `\DFFN.\Q' using process `\DFFN.$proc$c:\Users\Daniel\DOWNLO~1\OSS-CA~1\bin\../share/yosys/gowin/cells_sim.v:366$353'.
  created $dff cell `$procdff$1104' with negative edge clock.
Creating register for signal `\DFFCE.\Q' using process `\DFFCE.$proc$c:\Users\Daniel\DOWNLO~1\OSS-CA~1\bin\../share/yosys/gowin/cells_sim.v:348$351'.
  created $adff cell `$procdff$1105' with positive edge clock and positive level reset.
Creating register for signal `\DFFC.\Q' using process `\DFFC.$proc$c:\Users\Daniel\DOWNLO~1\OSS-CA~1\bin\../share/yosys/gowin/cells_sim.v:328$349'.
  created $adff cell `$procdff$1106' with positive edge clock and positive level reset.
Creating register for signal `\DFFPE.\Q' using process `\DFFPE.$proc$c:\Users\Daniel\DOWNLO~1\OSS-CA~1\bin\../share/yosys/gowin/cells_sim.v:309$347'.
  created $adff cell `$procdff$1107' with positive edge clock and positive level reset.
Creating register for signal `\DFFP.\Q' using process `\DFFP.$proc$c:\Users\Daniel\DOWNLO~1\OSS-CA~1\bin\../share/yosys/gowin/cells_sim.v:289$345'.
  created $adff cell `$procdff$1108' with positive edge clock and positive level reset.
Creating register for signal `\DFFRE.\Q' using process `\DFFRE.$proc$c:\Users\Daniel\DOWNLO~1\OSS-CA~1\bin\../share/yosys/gowin/cells_sim.v:270$343'.
  created $dff cell `$procdff$1109' with positive edge clock.
Creating register for signal `\DFFR.\Q' using process `\DFFR.$proc$c:\Users\Daniel\DOWNLO~1\OSS-CA~1\bin\../share/yosys/gowin/cells_sim.v:250$341'.
  created $dff cell `$procdff$1110' with positive edge clock.
Creating register for signal `\DFFSE.\Q' using process `\DFFSE.$proc$c:\Users\Daniel\DOWNLO~1\OSS-CA~1\bin\../share/yosys/gowin/cells_sim.v:231$339'.
  created $dff cell `$procdff$1111' with positive edge clock.
Creating register for signal `\DFFS.\Q' using process `\DFFS.$proc$c:\Users\Daniel\DOWNLO~1\OSS-CA~1\bin\../share/yosys/gowin/cells_sim.v:211$337'.
  created $dff cell `$procdff$1112' with positive edge clock.
Creating register for signal `\DFFE.\Q' using process `\DFFE.$proc$c:\Users\Daniel\DOWNLO~1\OSS-CA~1\bin\../share/yosys/gowin/cells_sim.v:194$335'.
  created $dff cell `$procdff$1113' with positive edge clock.
Creating register for signal `\DFF.\Q' using process `\DFF.$proc$c:\Users\Daniel\DOWNLO~1\OSS-CA~1\bin\../share/yosys/gowin/cells_sim.v:179$333'.
  created $dff cell `$procdff$1114' with positive edge clock.
Creating register for signal `$paramod\key_scanner\SCAN_DIV=s32'00000000000000000111010100110000.\scanned_row' using process `$paramod\key_scanner\SCAN_DIV=s32'00000000000000000111010100110000.$proc$../design/key_scanner.sv:27$422'.
  created $adff cell `$procdff$1115' with positive edge clock and positive level reset.
Creating register for signal `$paramod\key_scanner\SCAN_DIV=s32'00000000000000000111010100110000.\scan_cnt' using process `$paramod\key_scanner\SCAN_DIV=s32'00000000000000000111010100110000.$proc$../design/key_scanner.sv:17$420'.
  created $adff cell `$procdff$1116' with positive edge clock and positive level reset.
Creating register for signal `\selector_div.\modo_vista' using process `\selector_div.$proc$../design/selector_div.sv:49$138'.
  created $adff cell `$procdff$1117' with positive edge clock and positive level reset.
Creating register for signal `\selector_div.\resultado_activo' using process `\selector_div.$proc$../design/selector_div.sv:49$138'.
  created $adff cell `$procdff$1118' with positive edge clock and positive level reset.
Creating register for signal `\selector_div.\key_guardada' using process `\selector_div.$proc$../design/selector_div.sv:41$137'.
  created $adff cell `$procdff$1119' with positive edge clock and positive level reset.
Creating register for signal `\key_debouncer.\valid' using process `\key_debouncer.$proc$../design/key_debouncer.sv:28$119'.
  created $adff cell `$procdff$1120' with positive edge clock and positive level reset.
Creating register for signal `\key_debouncer.\state' using process `\key_debouncer.$proc$../design/key_debouncer.sv:28$119'.
  created $adff cell `$procdff$1121' with positive edge clock and positive level reset.
Creating register for signal `\key_debouncer.\key_out' using process `\key_debouncer.$proc$../design/key_debouncer.sv:28$119'.
  created $adff cell `$procdff$1122' with positive edge clock and positive level reset.
Creating register for signal `\key_debouncer.\debounce_cnt' using process `\key_debouncer.$proc$../design/key_debouncer.sv:28$119'.
  created $adff cell `$procdff$1123' with positive edge clock and positive level reset.
Creating register for signal `\key_debouncer.\stable_key' using process `\key_debouncer.$proc$../design/key_debouncer.sv:28$119'.
  created $adff cell `$procdff$1124' with positive edge clock and positive level reset.
Creating register for signal `\input_div.\decenas' using process `\input_div.$proc$../design/entrada_div.sv:39$93'.
  created $adff cell `$procdff$1125' with positive edge clock and positive level reset.
Creating register for signal `\input_div.\unidades' using process `\input_div.$proc$../design/entrada_div.sv:39$93'.
  created $adff cell `$procdff$1126' with positive edge clock and positive level reset.
Creating register for signal `\input_div.\dividendo' using process `\input_div.$proc$../design/entrada_div.sv:39$93'.
  created $adff cell `$procdff$1127' with positive edge clock and positive level reset.
Creating register for signal `\input_div.\divisor' using process `\input_div.$proc$../design/entrada_div.sv:39$93'.
  created $adff cell `$procdff$1128' with positive edge clock and positive level reset.
Creating register for signal `\input_div.\start_calc' using process `\input_div.$proc$../design/entrada_div.sv:39$93'.
  created $adff cell `$procdff$1129' with positive edge clock and positive level reset.
Creating register for signal `\input_div.\num_registro' using process `\input_div.$proc$../design/entrada_div.sv:39$93'.
  created $adff cell `$procdff$1130' with positive edge clock and positive level reset.
Creating register for signal `\input_div.\state' using process `\input_div.$proc$../design/entrada_div.sv:39$93'.
  created $adff cell `$procdff$1131' with positive edge clock and positive level reset.
Creating register for signal `\input_div.\tengo_decenas_num' using process `\input_div.$proc$../design/entrada_div.sv:39$93'.
  created $adff cell `$procdff$1132' with positive edge clock and positive level reset.
Creating register for signal `\input_div.\tengo_decenas_div' using process `\input_div.$proc$../design/entrada_div.sv:39$93'.
  created $adff cell `$procdff$1133' with positive edge clock and positive level reset.
Creating register for signal `\input_div.\dec_div' using process `\input_div.$proc$../design/entrada_div.sv:39$93'.
  created $adff cell `$procdff$1134' with positive edge clock and positive level reset.
Creating register for signal `\input_div.$unnamed_block$89.divisor_actual' using process `\input_div.$proc$../design/entrada_div.sv:39$93'.
  created $dff cell `$procdff$1137' with positive edge clock.
Creating register for signal `\input_div.\valid_prev' using process `\input_div.$proc$../design/entrada_div.sv:32$90'.
  created $adff cell `$procdff$1138' with positive edge clock and positive level reset.
Creating register for signal `\divisor.\cociente' using process `\divisor.$proc$../design/divisor.sv:101$88'.
  created $adff cell `$procdff$1139' with positive edge clock and positive level reset.
Creating register for signal `\divisor.\residuo' using process `\divisor.$proc$../design/divisor.sv:101$88'.
  created $adff cell `$procdff$1140' with positive edge clock and positive level reset.
Creating register for signal `\divisor.\R' using process `\divisor.$proc$../design/divisor.sv:25$34'.
  created $adff cell `$procdff$1141' with positive edge clock and positive level reset.
Creating register for signal `\divisor.\done' using process `\divisor.$proc$../design/divisor.sv:25$34'.
  created $adff cell `$procdff$1142' with positive edge clock and positive level reset.
Creating register for signal `\divisor.\state' using process `\divisor.$proc$../design/divisor.sv:25$34'.
  created $adff cell `$procdff$1143' with positive edge clock and positive level reset.
Creating register for signal `\divisor.\resta' using process `\divisor.$proc$../design/divisor.sv:25$34'.
  created $dff cell `$procdff$1146' with positive edge clock.
Creating register for signal `\divisor.\bit_index' using process `\divisor.$proc$../design/divisor.sv:25$34'.
  created $adff cell `$procdff$1147' with positive edge clock and positive level reset.
Creating register for signal `\divisor.\temp_cociente' using process `\divisor.$proc$../design/divisor.sv:25$34'.
  created $adff cell `$procdff$1148' with positive edge clock and positive level reset.
Creating register for signal `\divisor.\cociente_out' using process `\divisor.$proc$../design/divisor.sv:25$34'.
  created $adff cell `$procdff$1149' with positive edge clock and positive level reset.
Creating register for signal `\divisor.\residuo_out' using process `\divisor.$proc$../design/divisor.sv:25$34'.
  created $adff cell `$procdff$1150' with positive edge clock and positive level reset.
Creating register for signal `\divisor.$bitselwrite$mask$../design/divisor.sv:70$27' using process `\divisor.$proc$../design/divisor.sv:25$34'.
  created $adff cell `$procdff$1151' with positive edge clock and positive level reset.
Creating register for signal `\divisor.$bitselwrite$data$../design/divisor.sv:70$28' using process `\divisor.$proc$../design/divisor.sv:25$34'.
  created $adff cell `$procdff$1152' with positive edge clock and positive level reset.
Creating register for signal `\divisor.$bitselwrite$sel$../design/divisor.sv:70$29' using process `\divisor.$proc$../design/divisor.sv:25$34'.
  created $adff cell `$procdff$1153' with positive edge clock and positive level reset.
Creating register for signal `\divisor.$bitselwrite$mask$../design/divisor.sv:72$30' using process `\divisor.$proc$../design/divisor.sv:25$34'.
  created $adff cell `$procdff$1154' with positive edge clock and positive level reset.
Creating register for signal `\divisor.$bitselwrite$data$../design/divisor.sv:72$31' using process `\divisor.$proc$../design/divisor.sv:25$34'.
  created $adff cell `$procdff$1155' with positive edge clock and positive level reset.
Creating register for signal `\divisor.$bitselwrite$sel$../design/divisor.sv:72$32' using process `\divisor.$proc$../design/divisor.sv:25$34'.
  created $adff cell `$procdff$1156' with positive edge clock and positive level reset.
Creating register for signal `\divisor.$lookahead\temp_cociente$33' using process `\divisor.$proc$../design/divisor.sv:25$34'.
  created $adff cell `$procdff$1157' with positive edge clock and positive level reset.
Creating register for signal `\clk_divider.\count' using process `\clk_divider.$proc$../design/clk_divider.sv:10$16'.
  created $adff cell `$procdff$1158' with positive edge clock and positive level reset.
Creating register for signal `\anode_control.\sel' using process `\anode_control.$proc$../design/anode_control.sv:15$1'.
  created $adff cell `$procdff$1159' with positive edge clock and positive level reset.
Creating register for signal `\anode_control.\anode' using process `\anode_control.$proc$../design/anode_control.sv:15$1'.
  created $adff cell `$procdff$1160' with positive edge clock and positive level reset.

16.3.10. Executing PROC_MEMWR pass (convert process memory writes to cells).

16.3.11. Executing PROC_CLEAN pass (remove empty switches from decision trees).
Removing empty process `ALU.$proc$c:\Users\Daniel\DOWNLO~1\OSS-CA~1\bin\../share/yosys/gowin/cells_sim.v:661$375'.
Removing empty process `DFFNCE.$proc$c:\Users\Daniel\DOWNLO~1\OSS-CA~1\bin\../share/yosys/gowin/cells_sim.v:0$372'.
Found and cleaned up 1 empty switch in `\DFFNCE.$proc$c:\Users\Daniel\DOWNLO~1\OSS-CA~1\bin\../share/yosys/gowin/cells_sim.v:535$371'.
Removing empty process `DFFNCE.$proc$c:\Users\Daniel\DOWNLO~1\OSS-CA~1\bin\../share/yosys/gowin/cells_sim.v:535$371'.
Removing empty process `DFFNC.$proc$c:\Users\Daniel\DOWNLO~1\OSS-CA~1\bin\../share/yosys/gowin/cells_sim.v:0$370'.
Removing empty process `DFFNC.$proc$c:\Users\Daniel\DOWNLO~1\OSS-CA~1\bin\../share/yosys/gowin/cells_sim.v:515$369'.
Removing empty process `DFFNPE.$proc$c:\Users\Daniel\DOWNLO~1\OSS-CA~1\bin\../share/yosys/gowin/cells_sim.v:0$368'.
Found and cleaned up 1 empty switch in `\DFFNPE.$proc$c:\Users\Daniel\DOWNLO~1\OSS-CA~1\bin\../share/yosys/gowin/cells_sim.v:496$367'.
Removing empty process `DFFNPE.$proc$c:\Users\Daniel\DOWNLO~1\OSS-CA~1\bin\../share/yosys/gowin/cells_sim.v:496$367'.
Removing empty process `DFFNP.$proc$c:\Users\Daniel\DOWNLO~1\OSS-CA~1\bin\../share/yosys/gowin/cells_sim.v:0$366'.
Removing empty process `DFFNP.$proc$c:\Users\Daniel\DOWNLO~1\OSS-CA~1\bin\../share/yosys/gowin/cells_sim.v:476$365'.
Removing empty process `DFFNRE.$proc$c:\Users\Daniel\DOWNLO~1\OSS-CA~1\bin\../share/yosys/gowin/cells_sim.v:0$364'.
Found and cleaned up 2 empty switches in `\DFFNRE.$proc$c:\Users\Daniel\DOWNLO~1\OSS-CA~1\bin\../share/yosys/gowin/cells_sim.v:457$363'.
Removing empty process `DFFNRE.$proc$c:\Users\Daniel\DOWNLO~1\OSS-CA~1\bin\../share/yosys/gowin/cells_sim.v:457$363'.
Removing empty process `DFFNR.$proc$c:\Users\Daniel\DOWNLO~1\OSS-CA~1\bin\../share/yosys/gowin/cells_sim.v:0$362'.
Found and cleaned up 1 empty switch in `\DFFNR.$proc$c:\Users\Daniel\DOWNLO~1\OSS-CA~1\bin\../share/yosys/gowin/cells_sim.v:437$361'.
Removing empty process `DFFNR.$proc$c:\Users\Daniel\DOWNLO~1\OSS-CA~1\bin\../share/yosys/gowin/cells_sim.v:437$361'.
Removing empty process `DFFNSE.$proc$c:\Users\Daniel\DOWNLO~1\OSS-CA~1\bin\../share/yosys/gowin/cells_sim.v:0$360'.
Found and cleaned up 2 empty switches in `\DFFNSE.$proc$c:\Users\Daniel\DOWNLO~1\OSS-CA~1\bin\../share/yosys/gowin/cells_sim.v:418$359'.
Removing empty process `DFFNSE.$proc$c:\Users\Daniel\DOWNLO~1\OSS-CA~1\bin\../share/yosys/gowin/cells_sim.v:418$359'.
Removing empty process `DFFNS.$proc$c:\Users\Daniel\DOWNLO~1\OSS-CA~1\bin\../share/yosys/gowin/cells_sim.v:0$358'.
Found and cleaned up 1 empty switch in `\DFFNS.$proc$c:\Users\Daniel\DOWNLO~1\OSS-CA~1\bin\../share/yosys/gowin/cells_sim.v:398$357'.
Removing empty process `DFFNS.$proc$c:\Users\Daniel\DOWNLO~1\OSS-CA~1\bin\../share/yosys/gowin/cells_sim.v:398$357'.
Removing empty process `DFFNE.$proc$c:\Users\Daniel\DOWNLO~1\OSS-CA~1\bin\../share/yosys/gowin/cells_sim.v:0$356'.
Found and cleaned up 1 empty switch in `\DFFNE.$proc$c:\Users\Daniel\DOWNLO~1\OSS-CA~1\bin\../share/yosys/gowin/cells_sim.v:381$355'.
Removing empty process `DFFNE.$proc$c:\Users\Daniel\DOWNLO~1\OSS-CA~1\bin\../share/yosys/gowin/cells_sim.v:381$355'.
Removing empty process `DFFN.$proc$c:\Users\Daniel\DOWNLO~1\OSS-CA~1\bin\../share/yosys/gowin/cells_sim.v:0$354'.
Removing empty process `DFFN.$proc$c:\Users\Daniel\DOWNLO~1\OSS-CA~1\bin\../share/yosys/gowin/cells_sim.v:366$353'.
Removing empty process `DFFCE.$proc$c:\Users\Daniel\DOWNLO~1\OSS-CA~1\bin\../share/yosys/gowin/cells_sim.v:0$352'.
Found and cleaned up 1 empty switch in `\DFFCE.$proc$c:\Users\Daniel\DOWNLO~1\OSS-CA~1\bin\../share/yosys/gowin/cells_sim.v:348$351'.
Removing empty process `DFFCE.$proc$c:\Users\Daniel\DOWNLO~1\OSS-CA~1\bin\../share/yosys/gowin/cells_sim.v:348$351'.
Removing empty process `DFFC.$proc$c:\Users\Daniel\DOWNLO~1\OSS-CA~1\bin\../share/yosys/gowin/cells_sim.v:0$350'.
Removing empty process `DFFC.$proc$c:\Users\Daniel\DOWNLO~1\OSS-CA~1\bin\../share/yosys/gowin/cells_sim.v:328$349'.
Removing empty process `DFFPE.$proc$c:\Users\Daniel\DOWNLO~1\OSS-CA~1\bin\../share/yosys/gowin/cells_sim.v:0$348'.
Found and cleaned up 1 empty switch in `\DFFPE.$proc$c:\Users\Daniel\DOWNLO~1\OSS-CA~1\bin\../share/yosys/gowin/cells_sim.v:309$347'.
Removing empty process `DFFPE.$proc$c:\Users\Daniel\DOWNLO~1\OSS-CA~1\bin\../share/yosys/gowin/cells_sim.v:309$347'.
Removing empty process `DFFP.$proc$c:\Users\Daniel\DOWNLO~1\OSS-CA~1\bin\../share/yosys/gowin/cells_sim.v:0$346'.
Removing empty process `DFFP.$proc$c:\Users\Daniel\DOWNLO~1\OSS-CA~1\bin\../share/yosys/gowin/cells_sim.v:289$345'.
Removing empty process `DFFRE.$proc$c:\Users\Daniel\DOWNLO~1\OSS-CA~1\bin\../share/yosys/gowin/cells_sim.v:0$344'.
Found and cleaned up 2 empty switches in `\DFFRE.$proc$c:\Users\Daniel\DOWNLO~1\OSS-CA~1\bin\../share/yosys/gowin/cells_sim.v:270$343'.
Removing empty process `DFFRE.$proc$c:\Users\Daniel\DOWNLO~1\OSS-CA~1\bin\../share/yosys/gowin/cells_sim.v:270$343'.
Removing empty process `DFFR.$proc$c:\Users\Daniel\DOWNLO~1\OSS-CA~1\bin\../share/yosys/gowin/cells_sim.v:0$342'.
Found and cleaned up 1 empty switch in `\DFFR.$proc$c:\Users\Daniel\DOWNLO~1\OSS-CA~1\bin\../share/yosys/gowin/cells_sim.v:250$341'.
Removing empty process `DFFR.$proc$c:\Users\Daniel\DOWNLO~1\OSS-CA~1\bin\../share/yosys/gowin/cells_sim.v:250$341'.
Removing empty process `DFFSE.$proc$c:\Users\Daniel\DOWNLO~1\OSS-CA~1\bin\../share/yosys/gowin/cells_sim.v:0$340'.
Found and cleaned up 2 empty switches in `\DFFSE.$proc$c:\Users\Daniel\DOWNLO~1\OSS-CA~1\bin\../share/yosys/gowin/cells_sim.v:231$339'.
Removing empty process `DFFSE.$proc$c:\Users\Daniel\DOWNLO~1\OSS-CA~1\bin\../share/yosys/gowin/cells_sim.v:231$339'.
Removing empty process `DFFS.$proc$c:\Users\Daniel\DOWNLO~1\OSS-CA~1\bin\../share/yosys/gowin/cells_sim.v:0$338'.
Found and cleaned up 1 empty switch in `\DFFS.$proc$c:\Users\Daniel\DOWNLO~1\OSS-CA~1\bin\../share/yosys/gowin/cells_sim.v:211$337'.
Removing empty process `DFFS.$proc$c:\Users\Daniel\DOWNLO~1\OSS-CA~1\bin\../share/yosys/gowin/cells_sim.v:211$337'.
Removing empty process `DFFE.$proc$c:\Users\Daniel\DOWNLO~1\OSS-CA~1\bin\../share/yosys/gowin/cells_sim.v:0$336'.
Found and cleaned up 1 empty switch in `\DFFE.$proc$c:\Users\Daniel\DOWNLO~1\OSS-CA~1\bin\../share/yosys/gowin/cells_sim.v:194$335'.
Removing empty process `DFFE.$proc$c:\Users\Daniel\DOWNLO~1\OSS-CA~1\bin\../share/yosys/gowin/cells_sim.v:194$335'.
Removing empty process `DFF.$proc$c:\Users\Daniel\DOWNLO~1\OSS-CA~1\bin\../share/yosys/gowin/cells_sim.v:0$334'.
Removing empty process `DFF.$proc$c:\Users\Daniel\DOWNLO~1\OSS-CA~1\bin\../share/yosys/gowin/cells_sim.v:179$333'.
Found and cleaned up 1 empty switch in `$paramod\key_scanner\SCAN_DIV=s32'00000000000000000111010100110000.$proc$../design/key_scanner.sv:0$425'.
Removing empty process `$paramod\key_scanner\SCAN_DIV=s32'00000000000000000111010100110000.$proc$../design/key_scanner.sv:0$425'.
Found and cleaned up 1 empty switch in `$paramod\key_scanner\SCAN_DIV=s32'00000000000000000111010100110000.$proc$../design/key_scanner.sv:27$422'.
Removing empty process `$paramod\key_scanner\SCAN_DIV=s32'00000000000000000111010100110000.$proc$../design/key_scanner.sv:27$422'.
Found and cleaned up 1 empty switch in `$paramod\key_scanner\SCAN_DIV=s32'00000000000000000111010100110000.$proc$../design/key_scanner.sv:17$420'.
Removing empty process `$paramod\key_scanner\SCAN_DIV=s32'00000000000000000111010100110000.$proc$../design/key_scanner.sv:17$420'.
Found and cleaned up 2 empty switches in `\selector_div.$proc$../design/selector_div.sv:0$147'.
Removing empty process `selector_div.$proc$../design/selector_div.sv:0$147'.
Found and cleaned up 5 empty switches in `\selector_div.$proc$../design/selector_div.sv:49$138'.
Removing empty process `selector_div.$proc$../design/selector_div.sv:49$138'.
Found and cleaned up 1 empty switch in `\selector_div.$proc$../design/selector_div.sv:41$137'.
Removing empty process `selector_div.$proc$../design/selector_div.sv:41$137'.
Found and cleaned up 9 empty switches in `\key_decoder.$proc$../design/key_decoder.sv:0$125'.
Removing empty process `key_decoder.$proc$../design/key_decoder.sv:0$125'.
Found and cleaned up 5 empty switches in `\key_debouncer.$proc$../design/key_debouncer.sv:28$119'.
Removing empty process `key_debouncer.$proc$../design/key_debouncer.sv:28$119'.
Found and cleaned up 1 empty switch in `\hex_to_7seg.$proc$../design/hex_to_7seg.sv:0$117'.
Removing empty process `hex_to_7seg.$proc$../design/hex_to_7seg.sv:0$117'.
Found and cleaned up 11 empty switches in `\input_div.$proc$../design/entrada_div.sv:39$93'.
Removing empty process `input_div.$proc$../design/entrada_div.sv:39$93'.
Removing empty process `input_div.$proc$../design/entrada_div.sv:32$90'.
Found and cleaned up 1 empty switch in `\divisor.$proc$../design/divisor.sv:101$88'.
Removing empty process `divisor.$proc$../design/divisor.sv:101$88'.
Found and cleaned up 5 empty switches in `\divisor.$proc$../design/divisor.sv:25$34'.
Removing empty process `divisor.$proc$../design/divisor.sv:25$34'.
Found and cleaned up 3 empty switches in `\div_top.$proc$../design/div_top.sv:0$20'.
Removing empty process `div_top.$proc$../design/div_top.sv:0$20'.
Found and cleaned up 1 empty switch in `\display.$proc$../design/display.sv:0$19'.
Removing empty process `display.$proc$../design/display.sv:0$19'.
Removing empty process `clk_divider.$proc$../design/clk_divider.sv:10$16'.
Found and cleaned up 2 empty switches in `\anode_control.$proc$../design/anode_control.sv:15$1'.
Removing empty process `anode_control.$proc$../design/anode_control.sv:15$1'.
Cleaned up 67 empty switches.

16.3.12. Executing OPT_EXPR pass (perform const folding).
Optimizing module top.
Optimizing module $paramod\key_scanner\SCAN_DIV=s32'00000000000000000111010100110000.
<suppressed ~1 debug messages>
Optimizing module teclado_completo.
Optimizing module selector_div.
<suppressed ~1 debug messages>
Optimizing module key_decoder.
<suppressed ~10 debug messages>
Optimizing module key_debouncer.
<suppressed ~6 debug messages>
Optimizing module hex_to_7seg.
Optimizing module input_div.
<suppressed ~17 debug messages>
Optimizing module divisor.
<suppressed ~8 debug messages>
Optimizing module div_top.
Optimizing module display.
<suppressed ~1 debug messages>
Optimizing module clk_divider.
<suppressed ~1 debug messages>
Optimizing module anode_control.
<suppressed ~1 debug messages>

16.4. Executing FLATTEN pass (flatten design).
Deleting now unused module $paramod\key_scanner\SCAN_DIV=s32'00000000000000000111010100110000.
Deleting now unused module teclado_completo.
Deleting now unused module selector_div.
Deleting now unused module key_decoder.
Deleting now unused module key_debouncer.
Deleting now unused module hex_to_7seg.
Deleting now unused module input_div.
Deleting now unused module divisor.
Deleting now unused module div_top.
Deleting now unused module display.
Deleting now unused module clk_divider.
Deleting now unused module anode_control.
<suppressed ~12 debug messages>

16.5. Executing TRIBUF pass.

16.6. Executing DEMINOUT pass (demote inout ports to input or output).

16.7. Executing SYNTH pass.

16.7.1. Executing PROC pass (convert processes to netlists).

16.7.1.1. Executing PROC_CLEAN pass (remove empty switches from decision trees).
Cleaned up 0 empty switches.

16.7.1.2. Executing PROC_RMDEAD pass (remove dead branches from decision trees).
Removed a total of 0 dead cases.

16.7.1.3. Executing PROC_PRUNE pass (remove redundant assignments in processes).
Removed 0 redundant assignments.
Promoted 0 assignments to connections.

16.7.1.4. Executing PROC_INIT pass (extract init attributes).

16.7.1.5. Executing PROC_ARST pass (detect async resets in processes).

16.7.1.6. Executing PROC_ROM pass (convert switches to ROMs).
Converted 0 switches.

16.7.1.7. Executing PROC_MUX pass (convert decision trees to multiplexers).

16.7.1.8. Executing PROC_DLATCH pass (convert process syncs to latches).

16.7.1.9. Executing PROC_DFF pass (convert process syncs to FFs).

16.7.1.10. Executing PROC_MEMWR pass (convert process memory writes to cells).

16.7.1.11. Executing PROC_CLEAN pass (remove empty switches from decision trees).
Cleaned up 0 empty switches.

16.7.1.12. Executing OPT_EXPR pass (perform const folding).
Optimizing module top.
<suppressed ~42 debug messages>

16.7.2. Executing OPT_EXPR pass (perform const folding).
Optimizing module top.
<suppressed ~7 debug messages>

16.7.3. Executing OPT_CLEAN pass (remove unused cells and wires).
Finding unused cells or wires in module \top..
Removed 48 unused cells and 274 unused wires.
<suppressed ~53 debug messages>

16.7.4. Executing CHECK pass (checking for obvious problems).
Checking module top...
Warning: Wire top.\division_inst.u_selector_div.divisor [3] is used but has no driver.
Warning: Wire top.\division_inst.u_selector_div.divisor [2] is used but has no driver.
Warning: Wire top.\division_inst.u_selector_div.divisor [1] is used but has no driver.
Warning: Wire top.\division_inst.u_selector_div.divisor [0] is used but has no driver.
Found and reported 4 problems.

16.7.5. Executing OPT pass (performing simple optimizations).

16.7.5.1. Executing OPT_EXPR pass (perform const folding).
Optimizing module top.

16.7.5.2. Executing OPT_MERGE pass (detect identical cells).
Finding identical cells in module `\top'.
<suppressed ~309 debug messages>
Removed a total of 103 cells.

16.7.5.3. Executing OPT_MUXTREE pass (detect dead branches in mux trees).
Running muxtree optimizer on module \top..
  Creating internal representation of mux trees.
  Evaluating internal representation of mux trees.
      Replacing known input bits on port A of cell $flatten\division_inst.\u_divisor.$procmux$1060: \division_inst.u_divisor.resta -> { 1'0 \division_inst.u_divisor.resta [4:0] }
  Analyzing evaluation results.
    dead port 2/2 on $mux $flatten\division_inst.\u_selector_div.$procmux$491.
    dead port 2/2 on $mux $flatten\teclado_inst.\decoder_inst.$procmux$526.
    dead port 2/2 on $mux $flatten\teclado_inst.\decoder_inst.$procmux$528.
    dead port 2/2 on $mux $flatten\teclado_inst.\decoder_inst.$procmux$537.
    dead port 2/2 on $mux $flatten\teclado_inst.\decoder_inst.$procmux$539.
    dead port 2/2 on $mux $flatten\teclado_inst.\decoder_inst.$procmux$544.
    dead port 2/2 on $mux $flatten\teclado_inst.\decoder_inst.$procmux$549.
    dead port 2/2 on $mux $flatten\teclado_inst.\decoder_inst.$procmux$559.
    dead port 2/2 on $mux $flatten\teclado_inst.\decoder_inst.$procmux$561.
    dead port 2/2 on $mux $flatten\teclado_inst.\decoder_inst.$procmux$571.
    dead port 2/2 on $mux $flatten\teclado_inst.\decoder_inst.$procmux$573.
    dead port 2/2 on $mux $flatten\teclado_inst.\decoder_inst.$procmux$579.
    dead port 2/2 on $mux $flatten\teclado_inst.\decoder_inst.$procmux$585.
    dead port 2/2 on $mux $flatten\teclado_inst.\decoder_inst.$procmux$596.
    dead port 2/2 on $mux $flatten\teclado_inst.\decoder_inst.$procmux$598.
    dead port 2/2 on $mux $flatten\teclado_inst.\decoder_inst.$procmux$609.
    dead port 2/2 on $mux $flatten\teclado_inst.\decoder_inst.$procmux$611.
    dead port 2/2 on $mux $flatten\teclado_inst.\decoder_inst.$procmux$618.
    dead port 2/2 on $mux $flatten\teclado_inst.\decoder_inst.$procmux$625.
    dead port 2/2 on $mux $flatten\teclado_inst.\decoder_inst.$procmux$637.
    dead port 2/2 on $mux $flatten\teclado_inst.\decoder_inst.$procmux$639.
    dead port 2/2 on $mux $flatten\teclado_inst.\decoder_inst.$procmux$651.
    dead port 2/2 on $mux $flatten\teclado_inst.\decoder_inst.$procmux$653.
    dead port 2/2 on $mux $flatten\division_inst.\u_divisor.$procmux$900.
    dead port 2/2 on $mux $flatten\teclado_inst.\decoder_inst.$procmux$661.
    dead port 2/2 on $mux $flatten\teclado_inst.\decoder_inst.$procmux$669.
    dead port 2/2 on $mux $flatten\division_inst.\u_divisor.$procmux$959.
    dead port 2/2 on $mux $flatten\division_inst.\u_divisor.$procmux$961.
    dead port 2/2 on $mux $flatten\division_inst.\u_divisor.$procmux$972.
Removed 29 multiplexer ports.
<suppressed ~41 debug messages>

16.7.5.4. Executing OPT_REDUCE pass (consolidate $*mux and $reduce_* inputs).
  Optimizing cells in module \top.
    New ctrl vector for $pmux cell $flatten\teclado_inst.\decoder_inst.$procmux$532: $auto$opt_reduce.cc:134:opt_pmux$1162
    New ctrl vector for $pmux cell $flatten\teclado_inst.\decoder_inst.$procmux$566: $auto$opt_reduce.cc:134:opt_pmux$1164
    New ctrl vector for $pmux cell $flatten\teclado_inst.\decoder_inst.$procmux$604: $auto$opt_reduce.cc:134:opt_pmux$1166
    New ctrl vector for $pmux cell $flatten\teclado_inst.\decoder_inst.$procmux$646: $auto$opt_reduce.cc:134:opt_pmux$1168
  Optimizing cells in module \top.
Performed a total of 4 changes.

16.7.5.5. Executing OPT_MERGE pass (detect identical cells).
Finding identical cells in module `\top'.
<suppressed ~27 debug messages>
Removed a total of 9 cells.

16.7.5.6. Executing OPT_DFF pass (perform DFF optimizations).

16.7.5.7. Executing OPT_CLEAN pass (remove unused cells and wires).
Finding unused cells or wires in module \top..
Removed 0 unused cells and 152 unused wires.
<suppressed ~12 debug messages>

16.7.5.8. Executing OPT_EXPR pass (perform const folding).
Optimizing module top.

16.7.5.9. Rerunning OPT passes. (Maybe there is more to do..)

16.7.5.10. Executing OPT_MUXTREE pass (detect dead branches in mux trees).
Running muxtree optimizer on module \top..
  Creating internal representation of mux trees.
  Evaluating internal representation of mux trees.
  Analyzing evaluation results.
Removed 0 multiplexer ports.
<suppressed ~41 debug messages>

16.7.5.11. Executing OPT_REDUCE pass (consolidate $*mux and $reduce_* inputs).
  Optimizing cells in module \top.
    New ctrl vector for $pmux cell $flatten\teclado_inst.\decoder_inst.$procmux$676: $auto$opt_reduce.cc:134:opt_pmux$1170
  Optimizing cells in module \top.
Performed a total of 1 changes.

16.7.5.12. Executing OPT_MERGE pass (detect identical cells).
Finding identical cells in module `\top'.
Removed a total of 0 cells.

16.7.5.13. Executing OPT_DFF pass (perform DFF optimizations).

16.7.5.14. Executing OPT_CLEAN pass (remove unused cells and wires).
Finding unused cells or wires in module \top..

16.7.5.15. Executing OPT_EXPR pass (perform const folding).
Optimizing module top.

16.7.5.16. Rerunning OPT passes. (Maybe there is more to do..)

16.7.5.17. Executing OPT_MUXTREE pass (detect dead branches in mux trees).
Running muxtree optimizer on module \top..
  Creating internal representation of mux trees.
  Evaluating internal representation of mux trees.
  Analyzing evaluation results.
Removed 0 multiplexer ports.
<suppressed ~41 debug messages>

16.7.5.18. Executing OPT_REDUCE pass (consolidate $*mux and $reduce_* inputs).
  Optimizing cells in module \top.
Performed a total of 0 changes.

16.7.5.19. Executing OPT_MERGE pass (detect identical cells).
Finding identical cells in module `\top'.
Removed a total of 0 cells.

16.7.5.20. Executing OPT_DFF pass (perform DFF optimizations).

16.7.5.21. Executing OPT_CLEAN pass (remove unused cells and wires).
Finding unused cells or wires in module \top..

16.7.5.22. Executing OPT_EXPR pass (perform const folding).
Optimizing module top.

16.7.5.23. Finished OPT passes. (There is nothing left to do.)

16.7.6. Executing FSM pass (extract and optimize FSM).

16.7.6.1. Executing FSM_DETECT pass (finding FSMs in design).
Not marking top.display_inst.controller.anode as FSM state register:
    Register is connected to module port.
    Users of register don't seem to benefit from recoding.
Not marking top.division_inst.u_divisor.state as FSM state register:
    Circuit seems to be self-resetting.
Found FSM state register top.division_inst.u_input_div.state.
Found FSM state register top.division_inst.u_selector_div.modo_vista.
Not marking top.teclado_inst.debouncer_inst.stable_key as FSM state register:
    Users of register don't seem to benefit from recoding.
Not marking top.teclado_inst.debouncer_inst.state as FSM state register:
    Circuit seems to be self-resetting.

16.7.6.2. Executing FSM_EXTRACT pass (extracting FSM from design).
Extracting FSM `\division_inst.u_input_div.state' from module `\top'.
  found $adff cell for state register: $flatten\division_inst.\u_input_div.$procdff$1131
  root of input selection tree: $flatten\division_inst.\u_input_div.$0\state[1:0]
  found reset state: 2'00 (from async reset)
  found ctrl input: $flatten\division_inst.\u_input_div.$procmux$747_CMP
  found ctrl input: $flatten\division_inst.\u_input_div.$procmux$789_CMP
  found ctrl input: $flatten\division_inst.\u_input_div.$logic_and$../design/entrada_div.sv:101$113_Y
  found ctrl input: $flatten\division_inst.\u_input_div.$eq$../design/entrada_div.sv:111$116_Y
  found state code: 2'01
  found ctrl input: $flatten\division_inst.\u_input_div.$logic_and$../design/entrada_div.sv:71$103_Y
  found ctrl output: $flatten\division_inst.\u_input_div.$procmux$747_CMP
  found ctrl output: $flatten\division_inst.\u_input_div.$procmux$789_CMP
  ctrl inputs: { $flatten\division_inst.\u_input_div.$eq$../design/entrada_div.sv:111$116_Y $flatten\division_inst.\u_input_div.$logic_and$../design/entrada_div.sv:101$113_Y $flatten\division_inst.\u_input_div.$logic_and$../design/entrada_div.sv:71$103_Y }
  ctrl outputs: { $flatten\division_inst.\u_input_div.$procmux$789_CMP $flatten\division_inst.\u_input_div.$procmux$747_CMP $flatten\division_inst.\u_input_div.$0\state[1:0] }
  transition:       2'00 3'--0 ->       2'00 4'1000
  transition:       2'00 3'--1 ->       2'01 4'1001
  transition:       2'01 3'-0- ->       2'01 4'0101
  transition:       2'01 3'01- ->       2'00 4'0100
  transition:       2'01 3'11- ->       2'01 4'0101
Extracting FSM `\division_inst.u_selector_div.modo_vista' from module `\top'.
  found $adff cell for state register: $flatten\division_inst.\u_selector_div.$procdff$1117
  root of input selection tree: $flatten\division_inst.\u_selector_div.$0\modo_vista[2:0]
  found reset state: 3'000 (from async reset)
  found ctrl input: $flatten\division_inst.\u_selector_div.$logic_and$../design/selector_div.sv:73$146_Y
  found ctrl input: $flatten\division_inst.\u_selector_div.$logic_and$../design/selector_div.sv:56$142_Y
  found ctrl input: \division_inst.u_divisor.done
  found state code: 3'100
  found ctrl input: $flatten\division_inst.\u_selector_div.$procmux$512_CMP
  found ctrl input: $flatten\division_inst.\u_selector_div.$procmux$513_CMP
  found ctrl input: $flatten\division_inst.\u_selector_div.$procmux$514_CMP
  found ctrl input: $flatten\division_inst.\u_selector_div.$procmux$515_CMP
  found state code: 3'001
  found state code: 3'011
  found state code: 3'010
  found ctrl output: $flatten\division_inst.\u_selector_div.$ne$../design/selector_div.sv:73$145_Y
  found ctrl output: $flatten\division_inst.\u_selector_div.$procmux$487_CMP
  found ctrl output: $flatten\division_inst.\u_selector_div.$procmux$488_CMP
  found ctrl output: $flatten\division_inst.\u_selector_div.$procmux$489_CMP
  found ctrl output: $flatten\division_inst.\u_selector_div.$procmux$490_CMP
  ctrl inputs: { \division_inst.u_divisor.done $flatten\division_inst.\u_selector_div.$procmux$515_CMP $flatten\division_inst.\u_selector_div.$procmux$514_CMP $flatten\division_inst.\u_selector_div.$procmux$513_CMP $flatten\division_inst.\u_selector_div.$procmux$512_CMP $flatten\division_inst.\u_selector_div.$logic_and$../design/selector_div.sv:73$146_Y $flatten\division_inst.\u_selector_div.$logic_and$../design/selector_div.sv:56$142_Y }
  ctrl outputs: { $flatten\division_inst.\u_selector_div.$procmux$490_CMP $flatten\division_inst.\u_selector_div.$procmux$489_CMP $flatten\division_inst.\u_selector_div.$procmux$488_CMP $flatten\division_inst.\u_selector_div.$procmux$487_CMP $flatten\division_inst.\u_selector_div.$ne$../design/selector_div.sv:73$145_Y $flatten\division_inst.\u_selector_div.$0\modo_vista[2:0] }
  transition:      3'000 7'0----00 ->      3'000 8'00001000
  transition:      3'000 7'1----00 ->      3'000 8'00001000
  transition:      3'000 7'-----01 ->      3'100 8'00001100
  transition:      3'000 7'-00001- ->      3'000 8'00001000
  transition:      3'000 7'-1---1- ->      3'010 8'00001010
  transition:      3'000 7'--1--1- ->      3'011 8'00001011
  transition:      3'000 7'---1-1- ->      3'000 8'00001000
  transition:      3'000 7'----11- ->      3'001 8'00001001
  transition:      3'100 7'0----00 ->      3'100 8'10000100
  transition:      3'100 7'1----00 ->      3'000 8'10000000
  transition:      3'100 7'-----01 ->      3'100 8'10000100
  transition:      3'100 7'-00001- ->      3'100 8'10000100
  transition:      3'100 7'-1---1- ->      3'010 8'10000010
  transition:      3'100 7'--1--1- ->      3'011 8'10000011
  transition:      3'100 7'---1-1- ->      3'000 8'10000000
  transition:      3'100 7'----11- ->      3'001 8'10000001
  transition:      3'010 7'0----00 ->      3'010 8'01001010
  transition:      3'010 7'1----00 ->      3'000 8'01001000
  transition:      3'010 7'-----01 ->      3'100 8'01001100
  transition:      3'010 7'-00001- ->      3'010 8'01001010
  transition:      3'010 7'-1---1- ->      3'010 8'01001010
  transition:      3'010 7'--1--1- ->      3'011 8'01001011
  transition:      3'010 7'---1-1- ->      3'000 8'01001000
  transition:      3'010 7'----11- ->      3'001 8'01001001
  transition:      3'001 7'0----00 ->      3'001 8'00011001
  transition:      3'001 7'1----00 ->      3'000 8'00011000
  transition:      3'001 7'-----01 ->      3'100 8'00011100
  transition:      3'001 7'-00001- ->      3'001 8'00011001
  transition:      3'001 7'-1---1- ->      3'010 8'00011010
  transition:      3'001 7'--1--1- ->      3'011 8'00011011
  transition:      3'001 7'---1-1- ->      3'000 8'00011000
  transition:      3'001 7'----11- ->      3'001 8'00011001
  transition:      3'011 7'0----00 ->      3'011 8'00101011
  transition:      3'011 7'1----00 ->      3'000 8'00101000
  transition:      3'011 7'-----01 ->      3'100 8'00101100
  transition:      3'011 7'-00001- ->      3'011 8'00101011
  transition:      3'011 7'-1---1- ->      3'010 8'00101010
  transition:      3'011 7'--1--1- ->      3'011 8'00101011
  transition:      3'011 7'---1-1- ->      3'000 8'00101000
  transition:      3'011 7'----11- ->      3'001 8'00101001

16.7.6.3. Executing FSM_OPT pass (simple optimizations of FSMs).
Optimizing FSM `$fsm$\division_inst.u_selector_div.modo_vista$1175' from module `\top'.
  Merging pattern 7'0----00 and 7'1----00 from group (0 0 8'00001000).
  Merging pattern 7'1----00 and 7'0----00 from group (0 0 8'00001000).
Optimizing FSM `$fsm$\division_inst.u_input_div.state$1171' from module `\top'.

16.7.6.4. Executing OPT_CLEAN pass (remove unused cells and wires).
Finding unused cells or wires in module \top..
Removed 17 unused cells and 17 unused wires.
<suppressed ~18 debug messages>

16.7.6.5. Executing FSM_OPT pass (simple optimizations of FSMs).
Optimizing FSM `$fsm$\division_inst.u_input_div.state$1171' from module `\top'.
  Removing unused output signal $flatten\division_inst.\u_input_div.$0\state[1:0] [0].
  Removing unused output signal $flatten\division_inst.\u_input_div.$0\state[1:0] [1].
Optimizing FSM `$fsm$\division_inst.u_selector_div.modo_vista$1175' from module `\top'.
  Removing unused output signal $flatten\division_inst.\u_selector_div.$0\modo_vista[2:0] [0].
  Removing unused output signal $flatten\division_inst.\u_selector_div.$0\modo_vista[2:0] [1].
  Removing unused output signal $flatten\division_inst.\u_selector_div.$0\modo_vista[2:0] [2].

16.7.6.6. Executing FSM_RECODE pass (re-assigning FSM state encoding).
Recoding FSM `$fsm$\division_inst.u_input_div.state$1171' from module `\top' using `auto' encoding:
  mapping auto encoding to `one-hot` for this FSM.
  00 -> -1
  01 -> 1-
Recoding FSM `$fsm$\division_inst.u_selector_div.modo_vista$1175' from module `\top' using `auto' encoding:
  mapping auto encoding to `one-hot` for this FSM.
  000 -> ----1
  100 -> ---1-
  010 -> --1--
  001 -> -1---
  011 -> 1----

16.7.6.7. Executing FSM_INFO pass (dumping all available information on FSM cells).

FSM `$fsm$\division_inst.u_input_div.state$1171' from module `top':
-------------------------------------

  Information on FSM $fsm$\division_inst.u_input_div.state$1171 (\division_inst.u_input_div.state):

  Number of input signals:    3
  Number of output signals:   2
  Number of state bits:       2

  Input signals:
    0: $flatten\division_inst.\u_input_div.$logic_and$../design/entrada_div.sv:71$103_Y
    1: $flatten\division_inst.\u_input_div.$logic_and$../design/entrada_div.sv:101$113_Y
    2: $flatten\division_inst.\u_input_div.$eq$../design/entrada_div.sv:111$116_Y

  Output signals:
    0: $flatten\division_inst.\u_input_div.$procmux$747_CMP
    1: $flatten\division_inst.\u_input_div.$procmux$789_CMP

  State encoding:
    0:       2'-1  <RESET STATE>
    1:       2'1-

  Transition Table (state_in, ctrl_in, state_out, ctrl_out):
      0:     0 3'--0   ->     0 2'10
      1:     0 3'--1   ->     1 2'10
      2:     1 3'01-   ->     0 2'01
      3:     1 3'-0-   ->     1 2'01
      4:     1 3'11-   ->     1 2'01

-------------------------------------

FSM `$fsm$\division_inst.u_selector_div.modo_vista$1175' from module `top':
-------------------------------------

  Information on FSM $fsm$\division_inst.u_selector_div.modo_vista$1175 (\division_inst.u_selector_div.modo_vista):

  Number of input signals:    7
  Number of output signals:   5
  Number of state bits:       5

  Input signals:
    0: $flatten\division_inst.\u_selector_div.$logic_and$../design/selector_div.sv:56$142_Y
    1: $flatten\division_inst.\u_selector_div.$logic_and$../design/selector_div.sv:73$146_Y
    2: $flatten\division_inst.\u_selector_div.$procmux$512_CMP
    3: $flatten\division_inst.\u_selector_div.$procmux$513_CMP
    4: $flatten\division_inst.\u_selector_div.$procmux$514_CMP
    5: $flatten\division_inst.\u_selector_div.$procmux$515_CMP
    6: \division_inst.u_divisor.done

  Output signals:
    0: $flatten\division_inst.\u_selector_div.$ne$../design/selector_div.sv:73$145_Y
    1: $flatten\division_inst.\u_selector_div.$procmux$487_CMP
    2: $flatten\division_inst.\u_selector_div.$procmux$488_CMP
    3: $flatten\division_inst.\u_selector_div.$procmux$489_CMP
    4: $flatten\division_inst.\u_selector_div.$procmux$490_CMP

  State encoding:
    0:    5'----1  <RESET STATE>
    1:    5'---1-
    2:    5'--1--
    3:    5'-1---
    4:    5'1----

  Transition Table (state_in, ctrl_in, state_out, ctrl_out):
      0:     0 7'-----00   ->     0 5'00001
      1:     0 7'-00001-   ->     0 5'00001
      2:     0 7'---1-1-   ->     0 5'00001
      3:     0 7'-----01   ->     1 5'00001
      4:     0 7'-1---1-   ->     2 5'00001
      5:     0 7'----11-   ->     3 5'00001
      6:     0 7'--1--1-   ->     4 5'00001
      7:     1 7'1----00   ->     0 5'10000
      8:     1 7'---1-1-   ->     0 5'10000
      9:     1 7'0----00   ->     1 5'10000
     10:     1 7'-----01   ->     1 5'10000
     11:     1 7'-00001-   ->     1 5'10000
     12:     1 7'-1---1-   ->     2 5'10000
     13:     1 7'----11-   ->     3 5'10000
     14:     1 7'--1--1-   ->     4 5'10000
     15:     2 7'1----00   ->     0 5'01001
     16:     2 7'---1-1-   ->     0 5'01001
     17:     2 7'-----01   ->     1 5'01001
     18:     2 7'0----00   ->     2 5'01001
     19:     2 7'-00001-   ->     2 5'01001
     20:     2 7'-1---1-   ->     2 5'01001
     21:     2 7'----11-   ->     3 5'01001
     22:     2 7'--1--1-   ->     4 5'01001
     23:     3 7'1----00   ->     0 5'00011
     24:     3 7'---1-1-   ->     0 5'00011
     25:     3 7'-----01   ->     1 5'00011
     26:     3 7'-1---1-   ->     2 5'00011
     27:     3 7'0----00   ->     3 5'00011
     28:     3 7'-00001-   ->     3 5'00011
     29:     3 7'----11-   ->     3 5'00011
     30:     3 7'--1--1-   ->     4 5'00011
     31:     4 7'1----00   ->     0 5'00101
     32:     4 7'---1-1-   ->     0 5'00101
     33:     4 7'-----01   ->     1 5'00101
     34:     4 7'-1---1-   ->     2 5'00101
     35:     4 7'----11-   ->     3 5'00101
     36:     4 7'0----00   ->     4 5'00101
     37:     4 7'-00001-   ->     4 5'00101
     38:     4 7'--1--1-   ->     4 5'00101

-------------------------------------

16.7.6.8. Executing FSM_MAP pass (mapping FSMs to basic logic).
Mapping FSM `$fsm$\division_inst.u_input_div.state$1171' from module `\top'.
Mapping FSM `$fsm$\division_inst.u_selector_div.modo_vista$1175' from module `\top'.

16.7.7. Executing OPT pass (performing simple optimizations).

16.7.7.1. Executing OPT_EXPR pass (perform const folding).
Optimizing module top.
<suppressed ~8 debug messages>

16.7.7.2. Executing OPT_MERGE pass (detect identical cells).
Finding identical cells in module `\top'.
<suppressed ~21 debug messages>
Removed a total of 7 cells.

16.7.7.3. Executing OPT_MUXTREE pass (detect dead branches in mux trees).
Running muxtree optimizer on module \top..
  Creating internal representation of mux trees.
  Evaluating internal representation of mux trees.
  Analyzing evaluation results.
Removed 0 multiplexer ports.
<suppressed ~39 debug messages>

16.7.7.4. Executing OPT_REDUCE pass (consolidate $*mux and $reduce_* inputs).
  Optimizing cells in module \top.
Performed a total of 0 changes.

16.7.7.5. Executing OPT_MERGE pass (detect identical cells).
Finding identical cells in module `\top'.
Removed a total of 0 cells.

16.7.7.6. Executing OPT_DFF pass (perform DFF optimizations).
Adding EN signal on $flatten\teclado_inst.\scanner_inst.$procdff$1115 ($adff) from module top (D = $flatten\teclado_inst.\scanner_inst.$add$../design/key_scanner.sv:31$424_Y, Q = \teclado_inst.scanner_inst.scanned_row).
Adding EN signal on $flatten\teclado_inst.\debouncer_inst.$procdff$1124 ($adff) from module top (D = \teclado_inst.debouncer_inst.raw_key, Q = \teclado_inst.debouncer_inst.stable_key).
Adding EN signal on $flatten\teclado_inst.\debouncer_inst.$procdff$1123 ($adff) from module top (D = $flatten\teclado_inst.\debouncer_inst.$0\debounce_cnt[31:0], Q = \teclado_inst.debouncer_inst.debounce_cnt).
Adding EN signal on $flatten\teclado_inst.\debouncer_inst.$procdff$1122 ($adff) from module top (D = \teclado_inst.debouncer_inst.stable_key, Q = \teclado_inst.debouncer_inst.key_out).
Adding EN signal on $flatten\teclado_inst.\debouncer_inst.$procdff$1121 ($adff) from module top (D = $flatten\teclado_inst.\debouncer_inst.$0\state[1:0], Q = \teclado_inst.debouncer_inst.state).
Adding EN signal on $flatten\division_inst.\u_selector_div.$procdff$1119 ($adff) from module top (D = \teclado_inst.debouncer_inst.key_out, Q = \division_inst.u_selector_div.key_guardada).
Adding EN signal on $flatten\division_inst.\u_selector_div.$procdff$1118 ($adff) from module top (D = $flatten\division_inst.\u_selector_div.$0\resultado_activo[0:0], Q = \division_inst.u_selector_div.resultado_activo).
Adding EN signal on $flatten\division_inst.\u_input_div.$procdff$1134 ($adff) from module top (D = \teclado_inst.debouncer_inst.key_out, Q = \division_inst.u_input_div.dec_div).
Adding EN signal on $flatten\division_inst.\u_input_div.$procdff$1133 ($adff) from module top (D = $flatten\division_inst.\u_input_div.$0\tengo_decenas_div[0:0], Q = \division_inst.u_input_div.tengo_decenas_div).
Adding EN signal on $flatten\division_inst.\u_input_div.$procdff$1132 ($adff) from module top (D = $flatten\division_inst.\u_input_div.$procmux$799_Y, Q = \division_inst.u_input_div.tengo_decenas_num).
Adding EN signal on $flatten\division_inst.\u_input_div.$procdff$1130 ($adff) from module top (D = $flatten\division_inst.\u_input_div.$0\num_registro[15:0], Q = \division_inst.u_input_div.num_registro).
Adding EN signal on $flatten\division_inst.\u_input_div.$procdff$1128 ($adff) from module top (D = $flatten\division_inst.\u_input_div.$procmux$855_Y, Q = \division_inst.u_input_div.divisor).
Adding EN signal on $flatten\division_inst.\u_input_div.$procdff$1127 ($adff) from module top (D = $flatten\division_inst.\u_input_div.$procmux$868_Y, Q = \division_inst.u_input_div.dividendo).
Adding EN signal on $flatten\division_inst.\u_input_div.$procdff$1126 ($adff) from module top (D = $flatten\division_inst.\u_input_div.$procmux$875_Y, Q = \division_inst.u_input_div.unidades).
Adding EN signal on $flatten\division_inst.\u_input_div.$procdff$1125 ($adff) from module top (D = \teclado_inst.debouncer_inst.key_out, Q = \division_inst.u_input_div.decenas).
Adding EN signal on $flatten\division_inst.\u_divisor.$procdff$1150 ($adff) from module top (D = \division_inst.u_divisor.R [3:0], Q = \division_inst.u_divisor.residuo_out).
Adding EN signal on $flatten\division_inst.\u_divisor.$procdff$1149 ($adff) from module top (D = \division_inst.u_divisor.temp_cociente, Q = \division_inst.u_divisor.cociente_out).
Adding EN signal on $flatten\division_inst.\u_divisor.$procdff$1148 ($adff) from module top (D = $flatten\division_inst.\u_divisor.$0$lookahead\temp_cociente$33[5:0]$41, Q = \division_inst.u_divisor.temp_cociente).
Adding EN signal on $flatten\division_inst.\u_divisor.$procdff$1147 ($adff) from module top (D = $flatten\division_inst.\u_divisor.$0\bit_index[2:0], Q = \division_inst.u_divisor.bit_index).
Adding EN signal on $flatten\division_inst.\u_divisor.$procdff$1146 ($dff) from module top (D = $flatten\division_inst.\u_divisor.$sub$../design/divisor.sv:63$60_Y, Q = \division_inst.u_divisor.resta).
Adding EN signal on $flatten\division_inst.\u_divisor.$procdff$1143 ($adff) from module top (D = $flatten\division_inst.\u_divisor.$0\state[2:0], Q = \division_inst.u_divisor.state).
Adding EN signal on $flatten\division_inst.\u_divisor.$procdff$1141 ($adff) from module top (D = $flatten\division_inst.\u_divisor.$0\R[5:0], Q = \division_inst.u_divisor.R).
Adding EN signal on $flatten\division_inst.\u_divisor.$procdff$1140 ($adff) from module top (D = \division_inst.u_divisor.residuo_out, Q = \division_inst.u_divisor.residuo).
Adding EN signal on $flatten\division_inst.\u_divisor.$procdff$1139 ($adff) from module top (D = \division_inst.u_divisor.cociente_out, Q = \division_inst.u_divisor.cociente).
Adding EN signal on $flatten\display_inst.\controller.$procdff$1160 ($adff) from module top (D = $flatten\display_inst.\controller.$procmux$1086_Y, Q = \display_inst.controller.anode).
Adding EN signal on $flatten\display_inst.\controller.$procdff$1159 ($adff) from module top (D = $flatten\display_inst.\controller.$add$../design/anode_control.sv:29$2_Y, Q = \display_inst.controller.sel).

16.7.7.7. Executing OPT_CLEAN pass (remove unused cells and wires).
Finding unused cells or wires in module \top..
Removed 26 unused cells and 46 unused wires.
<suppressed ~27 debug messages>

16.7.7.8. Executing OPT_EXPR pass (perform const folding).
Optimizing module top.
<suppressed ~8 debug messages>

16.7.7.9. Rerunning OPT passes. (Maybe there is more to do..)

16.7.7.10. Executing OPT_MUXTREE pass (detect dead branches in mux trees).
Running muxtree optimizer on module \top..
  Creating internal representation of mux trees.
  Evaluating internal representation of mux trees.
  Analyzing evaluation results.
Removed 0 multiplexer ports.
<suppressed ~27 debug messages>

16.7.7.11. Executing OPT_REDUCE pass (consolidate $*mux and $reduce_* inputs).
  Optimizing cells in module \top.
Performed a total of 0 changes.

16.7.7.12. Executing OPT_MERGE pass (detect identical cells).
Finding identical cells in module `\top'.
<suppressed ~18 debug messages>
Removed a total of 6 cells.

16.7.7.13. Executing OPT_DFF pass (perform DFF optimizations).

16.7.7.14. Executing OPT_CLEAN pass (remove unused cells and wires).
Finding unused cells or wires in module \top..
Removed 0 unused cells and 6 unused wires.
<suppressed ~1 debug messages>

16.7.7.15. Executing OPT_EXPR pass (perform const folding).
Optimizing module top.

16.7.7.16. Rerunning OPT passes. (Maybe there is more to do..)

16.7.7.17. Executing OPT_MUXTREE pass (detect dead branches in mux trees).
Running muxtree optimizer on module \top..
  Creating internal representation of mux trees.
  Evaluating internal representation of mux trees.
  Analyzing evaluation results.
Removed 0 multiplexer ports.
<suppressed ~27 debug messages>

16.7.7.18. Executing OPT_REDUCE pass (consolidate $*mux and $reduce_* inputs).
  Optimizing cells in module \top.
Performed a total of 0 changes.

16.7.7.19. Executing OPT_MERGE pass (detect identical cells).
Finding identical cells in module `\top'.
Removed a total of 0 cells.

16.7.7.20. Executing OPT_DFF pass (perform DFF optimizations).

16.7.7.21. Executing OPT_CLEAN pass (remove unused cells and wires).
Finding unused cells or wires in module \top..

16.7.7.22. Executing OPT_EXPR pass (perform const folding).
Optimizing module top.

16.7.7.23. Finished OPT passes. (There is nothing left to do.)

16.7.8. Executing WREDUCE pass (reducing word size of cells).
Removed top 28 address bits (of 32) from memory init port top.$flatten\display_inst.\decoder.$auto$mem.cc:319:emit$429 ($flatten\display_inst.\decoder.$auto$proc_rom.cc:150:do_switch$427).
Removed top 4 bits (of 5) from port B of cell top.$auto$fsm_map.cc:77:implement_pattern_cache$1263 ($eq).
Removed top 1 bits (of 2) from port B of cell top.$auto$opt_dff.cc:195:make_patterns_logic$1312 ($ne).
Removed top 2 bits (of 3) from port B of cell top.$auto$opt_dff.cc:195:make_patterns_logic$1314 ($ne).
Removed top 1 bits (of 2) from port B of cell top.$auto$opt_dff.cc:195:make_patterns_logic$1341 ($ne).
Removed top 13 bits (of 32) from port B of cell top.$flatten\teclado_inst.\debouncer_inst.$ge$../design/key_debouncer.sv:53$122 ($ge).
Removed top 1 bits (of 2) from port B of cell top.$flatten\teclado_inst.\debouncer_inst.$procmux$690_CMP0 ($eq).
Removed top 2 bits (of 4) from port B of cell top.$flatten\teclado_inst.\decoder_inst.$procmux$524_CMP0 ($eq).
Removed top 3 bits (of 4) from port B of cell top.$flatten\teclado_inst.\decoder_inst.$procmux$525_CMP0 ($eq).
Removed top 1 bits (of 4) from port B of cell top.$flatten\teclado_inst.\decoder_inst.$procmux$534_CMP0 ($eq).
Removed top 1 bits (of 2) from port B of cell top.$flatten\teclado_inst.\decoder_inst.$procmux$599_CMP0 ($eq).
Removed top 17 bits (of 32) from port B of cell top.$flatten\teclado_inst.\scanner_inst.$ge$../design/key_scanner.sv:15$419 ($ge).
Removed top 1 bits (of 2) from port B of cell top.$auto$fsm_map.cc:77:implement_pattern_cache$1230 ($eq).
Removed top 1 bits (of 2) from port B of cell top.$auto$fsm_map.cc:77:implement_pattern_cache$1191 ($eq).
Removed top 2 bits (of 6) from port B of cell top.$flatten\division_inst.\u_divisor.$sub$../design/divisor.sv:63$60 ($sub).
Removed top 28 bits (of 32) from port A of cell top.$flatten\division_inst.\u_divisor.$neg$../design/divisor.sv:0$69 ($neg).
Converting cell top.$flatten\division_inst.\u_divisor.$neg$../design/divisor.sv:0$69 ($neg) from signed to unsigned.
Removed top 1 bits (of 4) from port A of cell top.$flatten\division_inst.\u_divisor.$neg$../design/divisor.sv:0$69 ($neg).
Removed top 31 bits (of 32) from port B of cell top.$flatten\division_inst.\u_divisor.$sub$../design/divisor.sv:83$87 ($sub).
Removed top 29 bits (of 32) from port Y of cell top.$flatten\division_inst.\u_divisor.$sub$../design/divisor.sv:83$87 ($sub).
Removed top 1 bits (of 3) from port B of cell top.$flatten\division_inst.\u_divisor.$procmux$1038_CMP0 ($eq).
Removed top 1 bits (of 3) from port B of cell top.$flatten\division_inst.\u_divisor.$procmux$1046_CMP0 ($eq).
Removed top 2 bits (of 3) from port B of cell top.$flatten\division_inst.\u_divisor.$procmux$1048_CMP0 ($eq).
Removed top 28 bits (of 31) from port B of cell top.$flatten\division_inst.\u_input_div.$mul$../design/entrada_div.sv:66$100 ($mul).
Removed top 24 bits (of 31) from port Y of cell top.$flatten\division_inst.\u_input_div.$mul$../design/entrada_div.sv:66$100 ($mul).
Removed top 24 bits (of 32) from port A of cell top.$flatten\division_inst.\u_input_div.$add$../design/entrada_div.sv:66$101 ($add).
Removed top 26 bits (of 32) from port Y of cell top.$flatten\division_inst.\u_input_div.$add$../design/entrada_div.sv:66$101 ($add).
Removed top 2 bits (of 8) from port A of cell top.$flatten\division_inst.\u_input_div.$add$../design/entrada_div.sv:66$101 ($add).
Removed top 28 bits (of 31) from port B of cell top.$flatten\division_inst.\u_input_div.$mul$../design/entrada_div.sv:91$107 ($mul).
Removed top 24 bits (of 31) from port Y of cell top.$flatten\division_inst.\u_input_div.$mul$../design/entrada_div.sv:91$107 ($mul).
Removed top 24 bits (of 32) from port A of cell top.$flatten\division_inst.\u_input_div.$add$../design/entrada_div.sv:91$108 ($add).
Removed top 23 bits (of 32) from port Y of cell top.$flatten\division_inst.\u_input_div.$add$../design/entrada_div.sv:91$108 ($add).
Removed top 23 bits (of 32) from port A of cell top.$flatten\division_inst.\u_input_div.$gt$../design/entrada_div.sv:91$109 ($gt).
Removed top 28 bits (of 32) from port B of cell top.$flatten\division_inst.\u_input_div.$gt$../design/entrada_div.sv:91$109 ($gt).
Removed top 8 bits (of 16) from mux cell top.$flatten\division_inst.\u_input_div.$procmux$817 ($mux).
Removed top 8 bits (of 16) from mux cell top.$flatten\division_inst.\u_input_div.$procmux$820 ($mux).
Removed top 8 bits (of 16) from mux cell top.$flatten\division_inst.\u_input_div.$procmux$833 ($mux).
Removed top 1 bits (of 8) from mux cell top.$flatten\division_inst.$procmux$1079 ($mux).
Removed top 3 bits (of 8) from mux cell top.$flatten\division_inst.$procmux$1076 ($mux).
Removed top 3 bits (of 8) from mux cell top.$flatten\division_inst.$procmux$1073 ($mux).
Removed top 2 bits (of 6) from port B of cell top.$flatten\division_inst.$sub$../design/div_top.sv:55$22 ($sub).
Removed top 2 bits (of 6) from port B of cell top.$flatten\division_inst.$ge$../design/div_top.sv:54$21 ($ge).
Removed top 1 bits (of 2) from port B of cell top.$flatten\display_inst.$procmux$1084_CMP0 ($eq).
Removed top 2 bits (of 7) from port Y of cell top.$flatten\division_inst.\u_input_div.$mul$../design/entrada_div.sv:66$100 ($mul).
Removed top 29 bits (of 32) from wire top.$flatten\division_inst.\u_divisor.$sub$../design/divisor.sv:83$87_Y.
Removed top 26 bits (of 32) from wire top.$flatten\division_inst.\u_input_div.$add$../design/entrada_div.sv:66$101_Y.
Removed top 23 bits (of 32) from wire top.$flatten\division_inst.\u_input_div.$add$../design/entrada_div.sv:91$108_Y.
Removed top 27 bits (of 32) from wire top.$flatten\division_inst.\u_input_div.$mul$../design/entrada_div.sv:91$107_Y.
Removed top 8 bits (of 16) from wire top.$flatten\division_inst.\u_input_div.$procmux$817_Y.
Removed top 8 bits (of 16) from wire top.$flatten\division_inst.\u_input_div.$procmux$820_Y.
Removed top 8 bits (of 16) from wire top.$flatten\division_inst.\u_input_div.$procmux$833_Y.

16.7.9. Executing PEEPOPT pass (run peephole optimizers).

16.7.10. Executing OPT_CLEAN pass (remove unused cells and wires).
Finding unused cells or wires in module \top..
Removed 0 unused cells and 7 unused wires.
<suppressed ~1 debug messages>

16.7.11. Executing ALUMACC pass (create $alu and $macc cells).
Extracting $alu and $macc cells in module top:
  creating $macc model for $flatten\display_inst.\controller.$add$../design/anode_control.sv:29$2 ($add).
  creating $macc model for $flatten\display_inst.\timer.$add$../design/clk_divider.sv:14$17 ($add).
  creating $macc model for $flatten\division_inst.$sub$../design/div_top.sv:55$22 ($sub).
  creating $macc model for $flatten\division_inst.$sub$../design/div_top.sv:61$24 ($sub).
  creating $macc model for $flatten\division_inst.$sub$../design/div_top.sv:67$26 ($sub).
  creating $macc model for $flatten\division_inst.\u_divisor.$neg$../design/divisor.sv:0$69 ($neg).
  creating $macc model for $flatten\division_inst.\u_divisor.$sub$../design/divisor.sv:63$60 ($sub).
  creating $macc model for $flatten\division_inst.\u_divisor.$sub$../design/divisor.sv:83$87 ($sub).
  creating $macc model for $flatten\division_inst.\u_input_div.$add$../design/entrada_div.sv:66$101 ($add).
  creating $macc model for $flatten\division_inst.\u_input_div.$add$../design/entrada_div.sv:91$108 ($add).
  creating $macc model for $flatten\division_inst.\u_input_div.$mul$../design/entrada_div.sv:66$100 ($mul).
  creating $macc model for $flatten\division_inst.\u_input_div.$mul$../design/entrada_div.sv:91$107 ($mul).
  creating $macc model for $flatten\teclado_inst.\debouncer_inst.$add$../design/key_debouncer.sv:58$123 ($add).
  creating $macc model for $flatten\teclado_inst.\scanner_inst.$add$../design/key_scanner.sv:23$421 ($add).
  creating $macc model for $flatten\teclado_inst.\scanner_inst.$add$../design/key_scanner.sv:31$424 ($add).
  creating $alu model for $macc $flatten\teclado_inst.\scanner_inst.$add$../design/key_scanner.sv:31$424.
  creating $alu model for $macc $flatten\teclado_inst.\scanner_inst.$add$../design/key_scanner.sv:23$421.
  creating $alu model for $macc $flatten\teclado_inst.\debouncer_inst.$add$../design/key_debouncer.sv:58$123.
  creating $alu model for $macc $flatten\division_inst.\u_input_div.$add$../design/entrada_div.sv:91$108.
  creating $alu model for $macc $flatten\division_inst.\u_input_div.$add$../design/entrada_div.sv:66$101.
  creating $alu model for $macc $flatten\division_inst.\u_divisor.$sub$../design/divisor.sv:83$87.
  creating $alu model for $macc $flatten\division_inst.\u_divisor.$sub$../design/divisor.sv:63$60.
  creating $alu model for $macc $flatten\division_inst.\u_divisor.$neg$../design/divisor.sv:0$69.
  creating $alu model for $macc $flatten\division_inst.$sub$../design/div_top.sv:67$26.
  creating $alu model for $macc $flatten\division_inst.$sub$../design/div_top.sv:61$24.
  creating $alu model for $macc $flatten\division_inst.$sub$../design/div_top.sv:55$22.
  creating $alu model for $macc $flatten\display_inst.\timer.$add$../design/clk_divider.sv:14$17.
  creating $alu model for $macc $flatten\display_inst.\controller.$add$../design/anode_control.sv:29$2.
  creating $macc cell for $flatten\division_inst.\u_input_div.$mul$../design/entrada_div.sv:91$107: $auto$alumacc.cc:365:replace_macc$1381
  creating $macc cell for $flatten\division_inst.\u_input_div.$mul$../design/entrada_div.sv:66$100: $auto$alumacc.cc:365:replace_macc$1382
  creating $alu model for $flatten\division_inst.$ge$../design/div_top.sv:54$21 ($ge): new $alu
  creating $alu model for $flatten\division_inst.$ge$../design/div_top.sv:60$23 ($ge): merged with $flatten\division_inst.$sub$../design/div_top.sv:61$24.
  creating $alu model for $flatten\division_inst.$ge$../design/div_top.sv:66$25 ($ge): merged with $flatten\division_inst.$sub$../design/div_top.sv:67$26.
  creating $alu model for $flatten\division_inst.\u_input_div.$gt$../design/entrada_div.sv:91$109 ($gt): new $alu
  creating $alu model for $flatten\division_inst.\u_input_div.$le$../design/entrada_div.sv:56$97 ($le): new $alu
  creating $alu model for $flatten\teclado_inst.\debouncer_inst.$ge$../design/key_debouncer.sv:53$122 ($ge): new $alu
  creating $alu model for $flatten\teclado_inst.\scanner_inst.$ge$../design/key_scanner.sv:15$419 ($ge): new $alu
  creating $alu cell for $flatten\teclado_inst.\scanner_inst.$ge$../design/key_scanner.sv:15$419: $auto$alumacc.cc:485:replace_alu$1388
  creating $alu cell for $flatten\teclado_inst.\debouncer_inst.$ge$../design/key_debouncer.sv:53$122: $auto$alumacc.cc:485:replace_alu$1397
  creating $alu cell for $flatten\division_inst.\u_input_div.$le$../design/entrada_div.sv:56$97: $auto$alumacc.cc:485:replace_alu$1406
  creating $alu cell for $flatten\division_inst.\u_input_div.$gt$../design/entrada_div.sv:91$109: $auto$alumacc.cc:485:replace_alu$1415
  creating $alu cell for $flatten\division_inst.$ge$../design/div_top.sv:54$21: $auto$alumacc.cc:485:replace_alu$1420
  creating $alu cell for $flatten\display_inst.\controller.$add$../design/anode_control.sv:29$2: $auto$alumacc.cc:485:replace_alu$1429
  creating $alu cell for $flatten\display_inst.\timer.$add$../design/clk_divider.sv:14$17: $auto$alumacc.cc:485:replace_alu$1432
  creating $alu cell for $flatten\division_inst.$sub$../design/div_top.sv:55$22: $auto$alumacc.cc:485:replace_alu$1435
  creating $alu cell for $flatten\division_inst.$sub$../design/div_top.sv:61$24, $flatten\division_inst.$ge$../design/div_top.sv:60$23: $auto$alumacc.cc:485:replace_alu$1438
  creating $alu cell for $flatten\division_inst.$sub$../design/div_top.sv:67$26, $flatten\division_inst.$ge$../design/div_top.sv:66$25: $auto$alumacc.cc:485:replace_alu$1451
  creating $alu cell for $flatten\division_inst.\u_divisor.$neg$../design/divisor.sv:0$69: $auto$alumacc.cc:485:replace_alu$1464
  creating $alu cell for $flatten\division_inst.\u_divisor.$sub$../design/divisor.sv:63$60: $auto$alumacc.cc:485:replace_alu$1467
  creating $alu cell for $flatten\division_inst.\u_divisor.$sub$../design/divisor.sv:83$87: $auto$alumacc.cc:485:replace_alu$1470
  creating $alu cell for $flatten\division_inst.\u_input_div.$add$../design/entrada_div.sv:66$101: $auto$alumacc.cc:485:replace_alu$1473
  creating $alu cell for $flatten\division_inst.\u_input_div.$add$../design/entrada_div.sv:91$108: $auto$alumacc.cc:485:replace_alu$1476
  creating $alu cell for $flatten\teclado_inst.\debouncer_inst.$add$../design/key_debouncer.sv:58$123: $auto$alumacc.cc:485:replace_alu$1479
  creating $alu cell for $flatten\teclado_inst.\scanner_inst.$add$../design/key_scanner.sv:23$421: $auto$alumacc.cc:485:replace_alu$1482
  creating $alu cell for $flatten\teclado_inst.\scanner_inst.$add$../design/key_scanner.sv:31$424: $auto$alumacc.cc:485:replace_alu$1485
  created 18 $alu and 2 $macc cells.

16.7.12. Executing SHARE pass (SAT-based resource sharing).

16.7.13. Executing OPT pass (performing simple optimizations).

16.7.13.1. Executing OPT_EXPR pass (perform const folding).
Optimizing module top.
<suppressed ~2 debug messages>

16.7.13.2. Executing OPT_MERGE pass (detect identical cells).
Finding identical cells in module `\top'.
Removed a total of 0 cells.

16.7.13.3. Executing OPT_MUXTREE pass (detect dead branches in mux trees).
Running muxtree optimizer on module \top..
  Creating internal representation of mux trees.
  Evaluating internal representation of mux trees.
  Analyzing evaluation results.
Removed 0 multiplexer ports.
<suppressed ~27 debug messages>

16.7.13.4. Executing OPT_REDUCE pass (consolidate $*mux and $reduce_* inputs).
  Optimizing cells in module \top.
Performed a total of 0 changes.

16.7.13.5. Executing OPT_MERGE pass (detect identical cells).
Finding identical cells in module `\top'.
Removed a total of 0 cells.

16.7.13.6. Executing OPT_DFF pass (perform DFF optimizations).

16.7.13.7. Executing OPT_CLEAN pass (remove unused cells and wires).
Finding unused cells or wires in module \top..
Removed 1 unused cells and 8 unused wires.
<suppressed ~2 debug messages>

16.7.13.8. Executing OPT_EXPR pass (perform const folding).
Optimizing module top.

16.7.13.9. Rerunning OPT passes. (Maybe there is more to do..)

16.7.13.10. Executing OPT_MUXTREE pass (detect dead branches in mux trees).
Running muxtree optimizer on module \top..
  Creating internal representation of mux trees.
  Evaluating internal representation of mux trees.
  Analyzing evaluation results.
Removed 0 multiplexer ports.
<suppressed ~27 debug messages>

16.7.13.11. Executing OPT_REDUCE pass (consolidate $*mux and $reduce_* inputs).
  Optimizing cells in module \top.
Performed a total of 0 changes.

16.7.13.12. Executing OPT_MERGE pass (detect identical cells).
Finding identical cells in module `\top'.
Removed a total of 0 cells.

16.7.13.13. Executing OPT_DFF pass (perform DFF optimizations).

16.7.13.14. Executing OPT_CLEAN pass (remove unused cells and wires).
Finding unused cells or wires in module \top..

16.7.13.15. Executing OPT_EXPR pass (perform const folding).
Optimizing module top.

16.7.13.16. Finished OPT passes. (There is nothing left to do.)

16.7.14. Executing MEMORY pass.

16.7.14.1. Executing OPT_MEM pass (optimize memories).
Performed a total of 0 transformations.

16.7.14.2. Executing OPT_MEM_PRIORITY pass (removing unnecessary memory write priority relations).
Performed a total of 0 transformations.

16.7.14.3. Executing OPT_MEM_FEEDBACK pass (finding memory read-to-write feedback paths).

16.7.14.4. Executing MEMORY_BMUX2ROM pass (converting muxes to ROMs).

16.7.14.5. Executing MEMORY_DFF pass (merging $dff cells to $memrd).
Checking read port `$flatten\display_inst.\decoder.$auto$proc_rom.cc:150:do_switch$427'[0] in module `\top': no output FF found.
Checking read port address `$flatten\display_inst.\decoder.$auto$proc_rom.cc:150:do_switch$427'[0] in module `\top': no address FF found.

16.7.14.6. Executing OPT_CLEAN pass (remove unused cells and wires).
Finding unused cells or wires in module \top..

16.7.14.7. Executing MEMORY_SHARE pass (consolidating $memrd/$memwr cells).

16.7.14.8. Executing OPT_MEM_WIDEN pass (optimize memories where all ports are wide).
Performed a total of 0 transformations.

16.7.14.9. Executing OPT_CLEAN pass (remove unused cells and wires).
Finding unused cells or wires in module \top..

16.7.14.10. Executing MEMORY_COLLECT pass (generating $mem cells).

16.7.15. Executing OPT_CLEAN pass (remove unused cells and wires).
Finding unused cells or wires in module \top..

16.8. Executing MEMORY_LIBMAP pass (mapping memories to cells).
using FF mapping for memory top.$flatten\display_inst.\decoder.$auto$proc_rom.cc:150:do_switch$427
<suppressed ~6 debug messages>

16.9. Executing TECHMAP pass (map to technology primitives).

16.9.1. Executing Verilog-2005 frontend: c:\Users\Daniel\DOWNLO~1\OSS-CA~1\bin\../share/yosys/gowin/lutrams_map.v
Parsing Verilog input from `c:\Users\Daniel\DOWNLO~1\OSS-CA~1\bin\../share/yosys/gowin/lutrams_map.v' to AST representation.
Generating RTLIL representation for module `\$__GOWIN_LUTRAM_'.
Successfully finished Verilog frontend.

16.9.2. Executing Verilog-2005 frontend: c:\Users\Daniel\DOWNLO~1\OSS-CA~1\bin\../share/yosys/gowin/brams_map.v
Parsing Verilog input from `c:\Users\Daniel\DOWNLO~1\OSS-CA~1\bin\../share/yosys/gowin/brams_map.v' to AST representation.
Generating RTLIL representation for module `\$__GOWIN_SP_'.
Generating RTLIL representation for module `\$__GOWIN_DP_'.
Generating RTLIL representation for module `\$__GOWIN_SDP_'.
Successfully finished Verilog frontend.

16.9.3. Continuing TECHMAP pass.
No more expansions possible.
<suppressed ~6 debug messages>

16.10. Executing OPT pass (performing simple optimizations).

16.10.1. Executing OPT_EXPR pass (perform const folding).
Optimizing module top.
<suppressed ~53 debug messages>

16.10.2. Executing OPT_MERGE pass (detect identical cells).
Finding identical cells in module `\top'.
Removed a total of 0 cells.

16.10.3. Executing OPT_DFF pass (perform DFF optimizations).

16.10.4. Executing OPT_CLEAN pass (remove unused cells and wires).
Finding unused cells or wires in module \top..
Removed 9 unused cells and 39 unused wires.
<suppressed ~10 debug messages>

16.10.5. Finished fast OPT passes.

16.11. Executing MEMORY_MAP pass (converting memories to logic and flip-flops).
Mapping memory $flatten\display_inst.\decoder.$auto$proc_rom.cc:150:do_switch$427 in module \top:
  created 16 $dff cells and 0 static cells of width 7.
  read interface: 0 $dff and 15 $mux cells.
  write interface: 0 write mux blocks.

16.12. Executing OPT pass (performing simple optimizations).

16.12.1. Executing OPT_EXPR pass (perform const folding).
Optimizing module top.

16.12.2. Executing OPT_MERGE pass (detect identical cells).
Finding identical cells in module `\top'.
Removed a total of 0 cells.

16.12.3. Executing OPT_MUXTREE pass (detect dead branches in mux trees).
Running muxtree optimizer on module \top..
  Creating internal representation of mux trees.
  Evaluating internal representation of mux trees.
  Analyzing evaluation results.
Removed 0 multiplexer ports.
<suppressed ~27 debug messages>

16.12.4. Executing OPT_REDUCE pass (consolidate $*mux and $reduce_* inputs).
  Optimizing cells in module \top.
    Consolidated identical input bits for $mux cell $memory$flatten\display_inst.\decoder.$auto$proc_rom.cc:150:do_switch$427$rdmux[0][3][6]$1743:
      Old ports: A=7'1000110, B=7'0100001, Y=$memory$flatten\display_inst.\decoder.$auto$proc_rom.cc:150:do_switch$427$rdmux[0][2][3]$a$1723
      New ports: A=2'10, B=2'01, Y=$memory$flatten\display_inst.\decoder.$auto$proc_rom.cc:150:do_switch$427$rdmux[0][2][3]$a$1723 [1:0]
      New connections: $memory$flatten\display_inst.\decoder.$auto$proc_rom.cc:150:do_switch$427$rdmux[0][2][3]$a$1723 [6:2] = { $memory$flatten\display_inst.\decoder.$auto$proc_rom.cc:150:do_switch$427$rdmux[0][2][3]$a$1723 [1:0] 2'00 $memory$flatten\display_inst.\decoder.$auto$proc_rom.cc:150:do_switch$427$rdmux[0][2][3]$a$1723 [1] }
    Consolidated identical input bits for $mux cell $memory$flatten\display_inst.\decoder.$auto$proc_rom.cc:150:do_switch$427$rdmux[0][3][5]$1740:
      Old ports: A=7'0001000, B=7'0000011, Y=$memory$flatten\display_inst.\decoder.$auto$proc_rom.cc:150:do_switch$427$rdmux[0][2][2]$b$1721
      New ports: A=2'10, B=2'01, Y={ $memory$flatten\display_inst.\decoder.$auto$proc_rom.cc:150:do_switch$427$rdmux[0][2][2]$b$1721 [3] $memory$flatten\display_inst.\decoder.$auto$proc_rom.cc:150:do_switch$427$rdmux[0][2][2]$b$1721 [0] }
      New connections: { $memory$flatten\display_inst.\decoder.$auto$proc_rom.cc:150:do_switch$427$rdmux[0][2][2]$b$1721 [6:4] $memory$flatten\display_inst.\decoder.$auto$proc_rom.cc:150:do_switch$427$rdmux[0][2][2]$b$1721 [2:1] } = { 4'0000 $memory$flatten\display_inst.\decoder.$auto$proc_rom.cc:150:do_switch$427$rdmux[0][2][2]$b$1721 [0] }
    Consolidated identical input bits for $mux cell $memory$flatten\display_inst.\decoder.$auto$proc_rom.cc:150:do_switch$427$rdmux[0][3][4]$1737:
      Old ports: A=7'0000000, B=7'0010000, Y=$memory$flatten\display_inst.\decoder.$auto$proc_rom.cc:150:do_switch$427$rdmux[0][2][2]$a$1720
      New ports: A=1'0, B=1'1, Y=$memory$flatten\display_inst.\decoder.$auto$proc_rom.cc:150:do_switch$427$rdmux[0][2][2]$a$1720 [4]
      New connections: { $memory$flatten\display_inst.\decoder.$auto$proc_rom.cc:150:do_switch$427$rdmux[0][2][2]$a$1720 [6:5] $memory$flatten\display_inst.\decoder.$auto$proc_rom.cc:150:do_switch$427$rdmux[0][2][2]$a$1720 [3:0] } = 6'000000
    Consolidated identical input bits for $mux cell $memory$flatten\display_inst.\decoder.$auto$proc_rom.cc:150:do_switch$427$rdmux[0][3][3]$1734:
      Old ports: A=7'0000010, B=7'1111000, Y=$memory$flatten\display_inst.\decoder.$auto$proc_rom.cc:150:do_switch$427$rdmux[0][2][1]$b$1718
      New ports: A=2'01, B=2'10, Y={ $memory$flatten\display_inst.\decoder.$auto$proc_rom.cc:150:do_switch$427$rdmux[0][2][1]$b$1718 [3] $memory$flatten\display_inst.\decoder.$auto$proc_rom.cc:150:do_switch$427$rdmux[0][2][1]$b$1718 [1] }
      New connections: { $memory$flatten\display_inst.\decoder.$auto$proc_rom.cc:150:do_switch$427$rdmux[0][2][1]$b$1718 [6:4] $memory$flatten\display_inst.\decoder.$auto$proc_rom.cc:150:do_switch$427$rdmux[0][2][1]$b$1718 [2] $memory$flatten\display_inst.\decoder.$auto$proc_rom.cc:150:do_switch$427$rdmux[0][2][1]$b$1718 [0] } = { $memory$flatten\display_inst.\decoder.$auto$proc_rom.cc:150:do_switch$427$rdmux[0][2][1]$b$1718 [3] $memory$flatten\display_inst.\decoder.$auto$proc_rom.cc:150:do_switch$427$rdmux[0][2][1]$b$1718 [3] $memory$flatten\display_inst.\decoder.$auto$proc_rom.cc:150:do_switch$427$rdmux[0][2][1]$b$1718 [3] 2'00 }
    Consolidated identical input bits for $mux cell $memory$flatten\display_inst.\decoder.$auto$proc_rom.cc:150:do_switch$427$rdmux[0][3][2]$1731:
      Old ports: A=7'0011001, B=7'0010010, Y=$memory$flatten\display_inst.\decoder.$auto$proc_rom.cc:150:do_switch$427$rdmux[0][2][1]$a$1717
      New ports: A=2'01, B=2'10, Y=$memory$flatten\display_inst.\decoder.$auto$proc_rom.cc:150:do_switch$427$rdmux[0][2][1]$a$1717 [1:0]
      New connections: $memory$flatten\display_inst.\decoder.$auto$proc_rom.cc:150:do_switch$427$rdmux[0][2][1]$a$1717 [6:2] = { 3'001 $memory$flatten\display_inst.\decoder.$auto$proc_rom.cc:150:do_switch$427$rdmux[0][2][1]$a$1717 [0] 1'0 }
    Consolidated identical input bits for $mux cell $memory$flatten\display_inst.\decoder.$auto$proc_rom.cc:150:do_switch$427$rdmux[0][3][1]$1728:
      Old ports: A=7'0100100, B=7'0110000, Y=$memory$flatten\display_inst.\decoder.$auto$proc_rom.cc:150:do_switch$427$rdmux[0][2][0]$b$1715
      New ports: A=2'01, B=2'10, Y={ $memory$flatten\display_inst.\decoder.$auto$proc_rom.cc:150:do_switch$427$rdmux[0][2][0]$b$1715 [4] $memory$flatten\display_inst.\decoder.$auto$proc_rom.cc:150:do_switch$427$rdmux[0][2][0]$b$1715 [2] }
      New connections: { $memory$flatten\display_inst.\decoder.$auto$proc_rom.cc:150:do_switch$427$rdmux[0][2][0]$b$1715 [6:5] $memory$flatten\display_inst.\decoder.$auto$proc_rom.cc:150:do_switch$427$rdmux[0][2][0]$b$1715 [3] $memory$flatten\display_inst.\decoder.$auto$proc_rom.cc:150:do_switch$427$rdmux[0][2][0]$b$1715 [1:0] } = 5'01000
    Consolidated identical input bits for $mux cell $memory$flatten\display_inst.\decoder.$auto$proc_rom.cc:150:do_switch$427$rdmux[0][3][0]$1725:
      Old ports: A=7'1000000, B=7'1111001, Y=$memory$flatten\display_inst.\decoder.$auto$proc_rom.cc:150:do_switch$427$rdmux[0][2][0]$a$1714
      New ports: A=1'0, B=1'1, Y=$memory$flatten\display_inst.\decoder.$auto$proc_rom.cc:150:do_switch$427$rdmux[0][2][0]$a$1714 [0]
      New connections: $memory$flatten\display_inst.\decoder.$auto$proc_rom.cc:150:do_switch$427$rdmux[0][2][0]$a$1714 [6:1] = { 1'1 $memory$flatten\display_inst.\decoder.$auto$proc_rom.cc:150:do_switch$427$rdmux[0][2][0]$a$1714 [0] $memory$flatten\display_inst.\decoder.$auto$proc_rom.cc:150:do_switch$427$rdmux[0][2][0]$a$1714 [0] $memory$flatten\display_inst.\decoder.$auto$proc_rom.cc:150:do_switch$427$rdmux[0][2][0]$a$1714 [0] 2'00 }
    Consolidated identical input bits for $mux cell $memory$flatten\display_inst.\decoder.$auto$proc_rom.cc:150:do_switch$427$rdmux[0][3][7]$1746:
      Old ports: A=7'0000110, B=7'0001110, Y=$memory$flatten\display_inst.\decoder.$auto$proc_rom.cc:150:do_switch$427$rdmux[0][2][3]$b$1724
      New ports: A=1'0, B=1'1, Y=$memory$flatten\display_inst.\decoder.$auto$proc_rom.cc:150:do_switch$427$rdmux[0][2][3]$b$1724 [3]
      New connections: { $memory$flatten\display_inst.\decoder.$auto$proc_rom.cc:150:do_switch$427$rdmux[0][2][3]$b$1724 [6:4] $memory$flatten\display_inst.\decoder.$auto$proc_rom.cc:150:do_switch$427$rdmux[0][2][3]$b$1724 [2:0] } = 6'000110
    Consolidated identical input bits for $mux cell $flatten\division_inst.$procmux$1073:
      Old ports: A={ 1'0 \division_inst.u_input_div.divisor }, B={ 1'1 $flatten\division_inst.$sub$../design/div_top.sv:67$26_Y [3:1] \division_inst.u_input_div.divisor [0] }, Y=\division_inst.u_selector_div.divisor_bcd [4:0]
      New ports: A={ 1'0 \division_inst.u_input_div.divisor [3:1] }, B={ 1'1 $flatten\division_inst.$sub$../design/div_top.sv:67$26_Y [3:1] }, Y=\division_inst.u_selector_div.divisor_bcd [4:1]
      New connections: \division_inst.u_selector_div.divisor_bcd [0] = \division_inst.u_input_div.divisor [0]
    Consolidated identical input bits for $mux cell $flatten\division_inst.$procmux$1076:
      Old ports: A={ 1'0 \division_inst.u_divisor.residuo }, B={ 1'1 $flatten\division_inst.$sub$../design/div_top.sv:61$24_Y [3:1] \division_inst.u_divisor.residuo [0] }, Y=\division_inst.u_selector_div.residuo_bcd [4:0]
      New ports: A={ 1'0 \division_inst.u_divisor.residuo [3:1] }, B={ 1'1 $flatten\division_inst.$sub$../design/div_top.sv:61$24_Y [3:1] }, Y=\division_inst.u_selector_div.residuo_bcd [4:1]
      New connections: \division_inst.u_selector_div.residuo_bcd [0] = \division_inst.u_divisor.residuo [0]
    Consolidated identical input bits for $mux cell $flatten\division_inst.$procmux$1079:
      Old ports: A={ 3'000 \division_inst.u_divisor.cociente [3:0] }, B={ 1'1 $flatten\division_inst.$sub$../design/div_top.sv:55$22_Y [5:1] \division_inst.u_divisor.cociente [0] }, Y=\division_inst.u_selector_div.cociente_bcd [6:0]
      New ports: A={ 3'000 \division_inst.u_divisor.cociente [3:1] }, B={ 1'1 $flatten\division_inst.$sub$../design/div_top.sv:55$22_Y [5:1] }, Y=\division_inst.u_selector_div.cociente_bcd [6:1]
      New connections: \division_inst.u_selector_div.cociente_bcd [0] = \division_inst.u_divisor.cociente [0]
    Consolidated identical input bits for $mux cell $flatten\division_inst.\u_divisor.$procmux$1042:
      Old ports: A=3'001, B=3'101, Y=$flatten\division_inst.\u_divisor.$procmux$1042_Y
      New ports: A=1'0, B=1'1, Y=$flatten\division_inst.\u_divisor.$procmux$1042_Y [2]
      New connections: $flatten\division_inst.\u_divisor.$procmux$1042_Y [1:0] = 2'01
    Consolidated identical input bits for $mux cell $flatten\division_inst.\u_divisor.$procmux$1051:
      Old ports: A=3'001, B=3'101, Y=$flatten\division_inst.\u_divisor.$procmux$1051_Y
      New ports: A=1'0, B=1'1, Y=$flatten\division_inst.\u_divisor.$procmux$1051_Y [2]
      New connections: $flatten\division_inst.\u_divisor.$procmux$1051_Y [1:0] = 2'01
    Consolidated identical input bits for $mux cell $flatten\division_inst.\u_input_div.$procmux$833:
      Old ports: A={ 4'0000 \teclado_inst.debouncer_inst.key_out }, B={ \division_inst.u_input_div.decenas \teclado_inst.debouncer_inst.key_out }, Y=$auto$wreduce.cc:455:run$1380 [7:0]
      New ports: A=4'0000, B=\division_inst.u_input_div.decenas, Y=$auto$wreduce.cc:455:run$1380 [7:4]
      New connections: $auto$wreduce.cc:455:run$1380 [3:0] = \teclado_inst.debouncer_inst.key_out
    Consolidated identical input bits for $mux cell $flatten\division_inst.\u_input_div.$procmux$862:
      Old ports: A={ 2'00 \teclado_inst.debouncer_inst.key_out }, B={ $auto$wreduce.cc:455:run$1375 [5:1] \teclado_inst.debouncer_inst.key_out [0] }, Y=$flatten\division_inst.\u_input_div.$procmux$862_Y
      New ports: A={ 2'00 \teclado_inst.debouncer_inst.key_out [3:1] }, B=$auto$wreduce.cc:455:run$1375 [5:1], Y=$flatten\division_inst.\u_input_div.$procmux$862_Y [5:1]
      New connections: $flatten\division_inst.\u_input_div.$procmux$862_Y [0] = \teclado_inst.debouncer_inst.key_out [0]
    Consolidated identical input bits for $pmux cell $flatten\division_inst.\u_selector_div.$procmux$486:
      Old ports: A={ 9'000000000 \division_inst.u_selector_div.cociente_bcd [6:0] }, B={ 24'111011101110111000000000 \division_inst.u_input_div.decenas \division_inst.u_input_div.unidades 11'00000000000 \division_inst.u_selector_div.divisor_bcd [4:0] 11'00000000000 \division_inst.u_selector_div.residuo_bcd [4:0] }, Y=$flatten\division_inst.\u_selector_div.$2\num_out[15:0]
      New ports: A={ 2'00 \division_inst.u_selector_div.cociente_bcd [6:0] }, B={ 10'1111011100 \division_inst.u_input_div.decenas \division_inst.u_input_div.unidades 4'0000 \division_inst.u_selector_div.divisor_bcd [4:0] 4'0000 \division_inst.u_selector_div.residuo_bcd [4:0] }, Y={ $flatten\division_inst.\u_selector_div.$2\num_out[15:0] [9] $flatten\division_inst.\u_selector_div.$2\num_out[15:0] [7:0] }
      New connections: { $flatten\division_inst.\u_selector_div.$2\num_out[15:0] [15:10] $flatten\division_inst.\u_selector_div.$2\num_out[15:0] [8] } = { $flatten\division_inst.\u_selector_div.$2\num_out[15:0] [9] $flatten\division_inst.\u_selector_div.$2\num_out[15:0] [9] $flatten\division_inst.\u_selector_div.$2\num_out[15:0] [9] 1'0 $flatten\division_inst.\u_selector_div.$2\num_out[15:0] [9] $flatten\division_inst.\u_selector_div.$2\num_out[15:0] [9] 1'0 }
    New ctrl vector for $pmux cell $flatten\teclado_inst.\debouncer_inst.$procmux$701: $flatten\teclado_inst.\debouncer_inst.$procmux$690_CMP
    New ctrl vector for $pmux cell $flatten\teclado_inst.\debouncer_inst.$procmux$726: { \teclado_inst.scanner_inst.scan_enable $flatten\teclado_inst.\debouncer_inst.$procmux$690_CMP }
    Consolidated identical input bits for $mux cell $flatten\teclado_inst.\debouncer_inst.$procmux$732:
      Old ports: A=2'00, B=2'10, Y=$flatten\teclado_inst.\debouncer_inst.$procmux$732_Y
      New ports: A=1'0, B=1'1, Y=$flatten\teclado_inst.\debouncer_inst.$procmux$732_Y [1]
      New connections: $flatten\teclado_inst.\debouncer_inst.$procmux$732_Y [0] = 1'0
    Consolidated identical input bits for $pmux cell $flatten\teclado_inst.\decoder_inst.$procmux$522:
      Old ports: A=4'1111, B=12'111000001101, Y=$flatten\teclado_inst.\decoder_inst.$9\raw_key[3:0]
      New ports: A=3'111, B=9'110000101, Y=$flatten\teclado_inst.\decoder_inst.$9\raw_key[3:0] [2:0]
      New connections: $flatten\teclado_inst.\decoder_inst.$9\raw_key[3:0] [3] = $flatten\teclado_inst.\decoder_inst.$9\raw_key[3:0] [2]
  Optimizing cells in module \top.
    Consolidated identical input bits for $mux cell $memory$flatten\display_inst.\decoder.$auto$proc_rom.cc:150:do_switch$427$rdmux[0][2][3]$1722:
      Old ports: A=$memory$flatten\display_inst.\decoder.$auto$proc_rom.cc:150:do_switch$427$rdmux[0][2][3]$a$1723, B=$memory$flatten\display_inst.\decoder.$auto$proc_rom.cc:150:do_switch$427$rdmux[0][2][3]$b$1724, Y=$memory$flatten\display_inst.\decoder.$auto$proc_rom.cc:150:do_switch$427$rdmux[0][1][1]$b$1712
      New ports: A={ $memory$flatten\display_inst.\decoder.$auto$proc_rom.cc:150:do_switch$427$rdmux[0][2][3]$a$1723 [1] 1'0 $memory$flatten\display_inst.\decoder.$auto$proc_rom.cc:150:do_switch$427$rdmux[0][2][3]$a$1723 [1:0] }, B={ 1'0 $memory$flatten\display_inst.\decoder.$auto$proc_rom.cc:150:do_switch$427$rdmux[0][2][3]$b$1724 [3] 2'10 }, Y={ $memory$flatten\display_inst.\decoder.$auto$proc_rom.cc:150:do_switch$427$rdmux[0][1][1]$b$1712 [6] $memory$flatten\display_inst.\decoder.$auto$proc_rom.cc:150:do_switch$427$rdmux[0][1][1]$b$1712 [3] $memory$flatten\display_inst.\decoder.$auto$proc_rom.cc:150:do_switch$427$rdmux[0][1][1]$b$1712 [1:0] }
      New connections: { $memory$flatten\display_inst.\decoder.$auto$proc_rom.cc:150:do_switch$427$rdmux[0][1][1]$b$1712 [5:4] $memory$flatten\display_inst.\decoder.$auto$proc_rom.cc:150:do_switch$427$rdmux[0][1][1]$b$1712 [2] } = { $memory$flatten\display_inst.\decoder.$auto$proc_rom.cc:150:do_switch$427$rdmux[0][1][1]$b$1712 [0] 1'0 $memory$flatten\display_inst.\decoder.$auto$proc_rom.cc:150:do_switch$427$rdmux[0][1][1]$b$1712 [1] }
    Consolidated identical input bits for $mux cell $memory$flatten\display_inst.\decoder.$auto$proc_rom.cc:150:do_switch$427$rdmux[0][2][2]$1719:
      Old ports: A=$memory$flatten\display_inst.\decoder.$auto$proc_rom.cc:150:do_switch$427$rdmux[0][2][2]$a$1720, B=$memory$flatten\display_inst.\decoder.$auto$proc_rom.cc:150:do_switch$427$rdmux[0][2][2]$b$1721, Y=$memory$flatten\display_inst.\decoder.$auto$proc_rom.cc:150:do_switch$427$rdmux[0][1][1]$a$1711
      New ports: A={ $memory$flatten\display_inst.\decoder.$auto$proc_rom.cc:150:do_switch$427$rdmux[0][2][2]$a$1720 [4] 2'00 }, B={ 1'0 $memory$flatten\display_inst.\decoder.$auto$proc_rom.cc:150:do_switch$427$rdmux[0][2][2]$b$1721 [3] $memory$flatten\display_inst.\decoder.$auto$proc_rom.cc:150:do_switch$427$rdmux[0][2][2]$b$1721 [0] }, Y={ $memory$flatten\display_inst.\decoder.$auto$proc_rom.cc:150:do_switch$427$rdmux[0][1][1]$a$1711 [4:3] $memory$flatten\display_inst.\decoder.$auto$proc_rom.cc:150:do_switch$427$rdmux[0][1][1]$a$1711 [0] }
      New connections: { $memory$flatten\display_inst.\decoder.$auto$proc_rom.cc:150:do_switch$427$rdmux[0][1][1]$a$1711 [6:5] $memory$flatten\display_inst.\decoder.$auto$proc_rom.cc:150:do_switch$427$rdmux[0][1][1]$a$1711 [2:1] } = { 3'000 $memory$flatten\display_inst.\decoder.$auto$proc_rom.cc:150:do_switch$427$rdmux[0][1][1]$a$1711 [0] }
    Consolidated identical input bits for $mux cell $memory$flatten\display_inst.\decoder.$auto$proc_rom.cc:150:do_switch$427$rdmux[0][2][1]$1716:
      Old ports: A=$memory$flatten\display_inst.\decoder.$auto$proc_rom.cc:150:do_switch$427$rdmux[0][2][1]$a$1717, B=$memory$flatten\display_inst.\decoder.$auto$proc_rom.cc:150:do_switch$427$rdmux[0][2][1]$b$1718, Y=$memory$flatten\display_inst.\decoder.$auto$proc_rom.cc:150:do_switch$427$rdmux[0][1][0]$b$1709
      New ports: A={ 2'01 $memory$flatten\display_inst.\decoder.$auto$proc_rom.cc:150:do_switch$427$rdmux[0][2][1]$a$1717 [0] $memory$flatten\display_inst.\decoder.$auto$proc_rom.cc:150:do_switch$427$rdmux[0][2][1]$a$1717 [1:0] }, B={ $memory$flatten\display_inst.\decoder.$auto$proc_rom.cc:150:do_switch$427$rdmux[0][2][1]$b$1718 [3] $memory$flatten\display_inst.\decoder.$auto$proc_rom.cc:150:do_switch$427$rdmux[0][2][1]$b$1718 [3] $memory$flatten\display_inst.\decoder.$auto$proc_rom.cc:150:do_switch$427$rdmux[0][2][1]$b$1718 [3] $memory$flatten\display_inst.\decoder.$auto$proc_rom.cc:150:do_switch$427$rdmux[0][2][1]$b$1718 [1] 1'0 }, Y={ $memory$flatten\display_inst.\decoder.$auto$proc_rom.cc:150:do_switch$427$rdmux[0][1][0]$b$1709 [5:3] $memory$flatten\display_inst.\decoder.$auto$proc_rom.cc:150:do_switch$427$rdmux[0][1][0]$b$1709 [1:0] }
      New connections: { $memory$flatten\display_inst.\decoder.$auto$proc_rom.cc:150:do_switch$427$rdmux[0][1][0]$b$1709 [6] $memory$flatten\display_inst.\decoder.$auto$proc_rom.cc:150:do_switch$427$rdmux[0][1][0]$b$1709 [2] } = { $memory$flatten\display_inst.\decoder.$auto$proc_rom.cc:150:do_switch$427$rdmux[0][1][0]$b$1709 [5] 1'0 }
    Consolidated identical input bits for $mux cell $memory$flatten\display_inst.\decoder.$auto$proc_rom.cc:150:do_switch$427$rdmux[0][2][0]$1713:
      Old ports: A=$memory$flatten\display_inst.\decoder.$auto$proc_rom.cc:150:do_switch$427$rdmux[0][2][0]$a$1714, B=$memory$flatten\display_inst.\decoder.$auto$proc_rom.cc:150:do_switch$427$rdmux[0][2][0]$b$1715, Y=$memory$flatten\display_inst.\decoder.$auto$proc_rom.cc:150:do_switch$427$rdmux[0][1][0]$a$1708
      New ports: A={ 1'1 $memory$flatten\display_inst.\decoder.$auto$proc_rom.cc:150:do_switch$427$rdmux[0][2][0]$a$1714 [0] $memory$flatten\display_inst.\decoder.$auto$proc_rom.cc:150:do_switch$427$rdmux[0][2][0]$a$1714 [0] 1'0 $memory$flatten\display_inst.\decoder.$auto$proc_rom.cc:150:do_switch$427$rdmux[0][2][0]$a$1714 [0] }, B={ 2'01 $memory$flatten\display_inst.\decoder.$auto$proc_rom.cc:150:do_switch$427$rdmux[0][2][0]$b$1715 [4] $memory$flatten\display_inst.\decoder.$auto$proc_rom.cc:150:do_switch$427$rdmux[0][2][0]$b$1715 [2] 1'0 }, Y={ $memory$flatten\display_inst.\decoder.$auto$proc_rom.cc:150:do_switch$427$rdmux[0][1][0]$a$1708 [6:4] $memory$flatten\display_inst.\decoder.$auto$proc_rom.cc:150:do_switch$427$rdmux[0][1][0]$a$1708 [2] $memory$flatten\display_inst.\decoder.$auto$proc_rom.cc:150:do_switch$427$rdmux[0][1][0]$a$1708 [0] }
      New connections: { $memory$flatten\display_inst.\decoder.$auto$proc_rom.cc:150:do_switch$427$rdmux[0][1][0]$a$1708 [3] $memory$flatten\display_inst.\decoder.$auto$proc_rom.cc:150:do_switch$427$rdmux[0][1][0]$a$1708 [1] } = { $memory$flatten\display_inst.\decoder.$auto$proc_rom.cc:150:do_switch$427$rdmux[0][1][0]$a$1708 [0] 1'0 }
    Consolidated identical input bits for $mux cell $flatten\teclado_inst.\decoder_inst.$procmux$542:
      Old ports: A=4'1111, B=$flatten\teclado_inst.\decoder_inst.$9\raw_key[3:0], Y=$flatten\teclado_inst.\decoder_inst.$8\raw_key[3:0]
      New ports: A=3'111, B=$flatten\teclado_inst.\decoder_inst.$9\raw_key[3:0] [2:0], Y=$flatten\teclado_inst.\decoder_inst.$8\raw_key[3:0] [2:0]
      New connections: $flatten\teclado_inst.\decoder_inst.$8\raw_key[3:0] [3] = $flatten\teclado_inst.\decoder_inst.$8\raw_key[3:0] [2]
  Optimizing cells in module \top.
Performed a total of 25 changes.

16.12.5. Executing OPT_MERGE pass (detect identical cells).
Finding identical cells in module `\top'.
<suppressed ~15 debug messages>
Removed a total of 5 cells.

16.12.6. Executing OPT_DFF pass (perform DFF optimizations).

16.12.7. Executing OPT_CLEAN pass (remove unused cells and wires).
Finding unused cells or wires in module \top..
Removed 0 unused cells and 21 unused wires.
<suppressed ~1 debug messages>

16.12.8. Executing OPT_EXPR pass (perform const folding).
Optimizing module top.

16.12.9. Rerunning OPT passes. (Maybe there is more to do..)

16.12.10. Executing OPT_MUXTREE pass (detect dead branches in mux trees).
Running muxtree optimizer on module \top..
  Creating internal representation of mux trees.
  Evaluating internal representation of mux trees.
  Analyzing evaluation results.
Removed 0 multiplexer ports.
<suppressed ~30 debug messages>

16.12.11. Executing OPT_REDUCE pass (consolidate $*mux and $reduce_* inputs).
  Optimizing cells in module \top.
Performed a total of 0 changes.

16.12.12. Executing OPT_MERGE pass (detect identical cells).
Finding identical cells in module `\top'.
Removed a total of 0 cells.

16.12.13. Executing OPT_DFF pass (perform DFF optimizations).

16.12.14. Executing OPT_CLEAN pass (remove unused cells and wires).
Finding unused cells or wires in module \top..

16.12.15. Executing OPT_EXPR pass (perform const folding).
Optimizing module top.

16.12.16. Finished OPT passes. (There is nothing left to do.)

16.13. Executing TECHMAP pass (map to technology primitives).

16.13.1. Executing Verilog-2005 frontend: c:\Users\Daniel\DOWNLO~1\OSS-CA~1\bin\../share/yosys/techmap.v
Parsing Verilog input from `c:\Users\Daniel\DOWNLO~1\OSS-CA~1\bin\../share/yosys/techmap.v' to AST representation.
Generating RTLIL representation for module `\_90_simplemap_bool_ops'.
Generating RTLIL representation for module `\_90_simplemap_reduce_ops'.
Generating RTLIL representation for module `\_90_simplemap_logic_ops'.
Generating RTLIL representation for module `\_90_simplemap_compare_ops'.
Generating RTLIL representation for module `\_90_simplemap_various'.
Generating RTLIL representation for module `\_90_simplemap_registers'.
Generating RTLIL representation for module `\_90_shift_ops_shr_shl_sshl_sshr'.
Generating RTLIL representation for module `\_90_shift_shiftx'.
Generating RTLIL representation for module `\_90_fa'.
Generating RTLIL representation for module `\_90_lcu'.
Generating RTLIL representation for module `\_90_alu'.
Generating RTLIL representation for module `\_90_macc'.
Generating RTLIL representation for module `\_90_alumacc'.
Generating RTLIL representation for module `\$__div_mod_u'.
Generating RTLIL representation for module `\$__div_mod_trunc'.
Generating RTLIL representation for module `\_90_div'.
Generating RTLIL representation for module `\_90_mod'.
Generating RTLIL representation for module `\$__div_mod_floor'.
Generating RTLIL representation for module `\_90_divfloor'.
Generating RTLIL representation for module `\_90_modfloor'.
Generating RTLIL representation for module `\_90_pow'.
Generating RTLIL representation for module `\_90_pmux'.
Generating RTLIL representation for module `\_90_demux'.
Generating RTLIL representation for module `\_90_lut'.
Successfully finished Verilog frontend.

16.13.2. Executing Verilog-2005 frontend: c:\Users\Daniel\DOWNLO~1\OSS-CA~1\bin\../share/yosys/gowin/arith_map.v
Parsing Verilog input from `c:\Users\Daniel\DOWNLO~1\OSS-CA~1\bin\../share/yosys/gowin/arith_map.v' to AST representation.
Generating RTLIL representation for module `\_80_gw1n_alu'.
Successfully finished Verilog frontend.

16.13.3. Continuing TECHMAP pass.
Using extmapper simplemap for cells of type $ne.
Using extmapper simplemap for cells of type $not.
Using extmapper simplemap for cells of type $reduce_and.
Using extmapper simplemap for cells of type $or.
Using extmapper simplemap for cells of type $reduce_or.
Using extmapper simplemap for cells of type $mux.
Using extmapper simplemap for cells of type $eq.
Using extmapper simplemap for cells of type $and.
Using extmapper simplemap for cells of type $reduce_bool.
Using extmapper simplemap for cells of type $logic_and.
Using template $paramod$740b056ede97228d3eae64ea2fdc81f0a33e0fe7\_80_gw1n_alu for cells of type $alu.
Using template $paramod$2af30114e9bd4ccb04dad757b3f0a8f6bf0615b0\_80_gw1n_alu for cells of type $alu.
Using template $paramod$521ce43182eecb9f60c72393a788160d2c356bf5\_90_pmux for cells of type $pmux.
Using extmapper simplemap for cells of type $adff.
Using extmapper simplemap for cells of type $adffe.
Using template $paramod$85df5dc01c7df96a7d8e5f1fdf76ce9ac452af63\_90_pmux for cells of type $pmux.
Using template $paramod$20d3ee62d72123142eb855d7ddafd835e31ba009\_90_pmux for cells of type $pmux.
Using template $paramod$c2e415ef15bc3ccd2723772353a6b450d3d76206\_90_pmux for cells of type $pmux.
Using template $paramod$175e67c02b86e96b1288b9dc100122520d7240d8\_90_alu for cells of type $alu.
Using extmapper simplemap for cells of type $logic_not.
Using template $paramod$00d9d1baddc80ebb9ab569b9359cb573b538f9a2\_80_gw1n_alu for cells of type $alu.
Using template $paramod$c8f9642fe0e0f4527ea400b1bd678c474f53d556\_80_gw1n_alu for cells of type $alu.
Using extmapper maccmap for cells of type $macc.
  add \division_inst.u_input_div.dec_div * 3'101 (4x3 bits, unsigned)
Using template $paramod$1e99ce38f701dd11f85f107c1bfc7d0aa5d10769\_90_pmux for cells of type $pmux.
Using template $paramod$constmap:f311d4879566bc49aaef180e24bc8088fd558991$paramod$65db6eeb8592a0d91e4389b9a9984f5f94b5192f\_90_shift_shiftx for cells of type $shiftx.
Using template $paramod$b8c0a997bce700f23568a5ada79cc6781d1f5ca0\_80_gw1n_alu for cells of type $alu.
Using template $paramod$ed40eaed6d7865a5f6e873e7da3aa6067d71cfbb\_80_gw1n_alu for cells of type $alu.
Using template $paramod$117a422dd91271f31dcbd629d7b52dc0eb1e49ab\_80_gw1n_alu for cells of type $alu.
Using template $paramod$constmap:776c18c558755cfed8ba6adb1a7ec5444f944b24$paramod$8e1ee40b42a83394e7b4b6b0149b00b8f444f9b6\_90_shift_shiftx for cells of type $shift.
Analyzing pattern of constant bits for this cell:
  Constant input on bit 0 of port A: 1'0
Creating constmapped module `$paramod$constmap:932784e43d903e64c5e222edace7d2d61fc5382f$paramod$8e1ee40b42a83394e7b4b6b0149b00b8f444f9b6\_90_shift_shiftx'.

16.13.41. Executing OPT_MUXTREE pass (detect dead branches in mux trees).
Running muxtree optimizer on module $paramod$constmap:932784e43d903e64c5e222edace7d2d61fc5382f$paramod$8e1ee40b42a83394e7b4b6b0149b00b8f444f9b6\_90_shift_shiftx..
  Creating internal representation of mux trees.
  Evaluating internal representation of mux trees.
  Analyzing evaluation results.
    dead port 2/2 on $mux $procmux$2839.
    dead port 2/2 on $mux $procmux$2833.
    dead port 2/2 on $mux $procmux$2827.
    dead port 2/2 on $mux $procmux$2821.
Removed 4 multiplexer ports.
<suppressed ~816 debug messages>

16.13.42. Executing OPT_EXPR pass (perform const folding).
Optimizing module $paramod$constmap:932784e43d903e64c5e222edace7d2d61fc5382f$paramod$8e1ee40b42a83394e7b4b6b0149b00b8f444f9b6\_90_shift_shiftx.
<suppressed ~35 debug messages>
Removed 53 unused cells and 69 unused wires.
Using template $paramod$constmap:932784e43d903e64c5e222edace7d2d61fc5382f$paramod$8e1ee40b42a83394e7b4b6b0149b00b8f444f9b6\_90_shift_shiftx for cells of type $shift.
Using template $paramod$03eba0cdd46566f6651a3011e0b5671fa6b5e494\_80_gw1n_alu for cells of type $alu.
Using template $paramod$56f7ce6d87f8add68ca646dc02d7695a3189f8e5\_90_pmux for cells of type $pmux.
Using template $paramod$ed0bb9616228df1e6c226f91f8133e751815f1b1\_90_pmux for cells of type $pmux.
Using extmapper simplemap for cells of type $dffe.
Using template $paramod$a473f4770a4b60111e9e52de7ee27405c26ecd63\_80_gw1n_alu for cells of type $alu.
Using template $paramod$3e96e356bb68fcbd4f9c12f6d97ec8513d1af8c6\_80_gw1n_alu for cells of type $alu.
  add \division_inst.u_input_div.decenas * 3'101 (4x3 bits, unsigned)
Using template $paramod$6a42b6fefed750f8a1c58eab59479d960557103c\_80_gw1n_alu for cells of type $alu.
Using template $paramod$5bb6c3f3e4a5303115f41a182fad517280ea0b25\_80_gw1n_alu for cells of type $alu.
Using template $paramod$78e969f2586efcf3a5b0b0440bcca0db83d5cca2\_80_gw1n_alu for cells of type $alu.
Using template $paramod$713617589782cfade849bb573b5c36106c4b708f\_80_gw1n_alu for cells of type $alu.
Using template $paramod$8b1a36ab2238111d2a0f4cb4ef2e14f2a55fc1f9\_80_gw1n_alu for cells of type $alu.
Using template $paramod\_90_fa\WIDTH=32'00000000000000000000000000000111 for cells of type $fa.
Using template $paramod$dbcdc7e8aa1a4080cea2deda6fdc8772064f4d90\_80_gw1n_alu for cells of type $alu.
Using extmapper simplemap for cells of type $pos.
Using extmapper simplemap for cells of type $xor.
Using template $paramod\_90_lcu\WIDTH=32'00000000000000000000000000000010 for cells of type $lcu.
Using template $paramod\_90_fa\WIDTH=32'00000000000000000000000000000101 for cells of type $fa.
Using template $paramod$b18e16801adf491a64caa0542270798e5d4ac6b6\_80_gw1n_alu for cells of type $alu.
No more expansions possible.
<suppressed ~940 debug messages>

16.14. Executing OPT pass (performing simple optimizations).

16.14.1. Executing OPT_EXPR pass (perform const folding).
Optimizing module top.
<suppressed ~1013 debug messages>

16.14.2. Executing OPT_MERGE pass (detect identical cells).
Finding identical cells in module `\top'.
<suppressed ~285 debug messages>
Removed a total of 95 cells.

16.14.3. Executing OPT_DFF pass (perform DFF optimizations).

16.14.4. Executing OPT_CLEAN pass (remove unused cells and wires).
Finding unused cells or wires in module \top..
Removed 47 unused cells and 1137 unused wires.
<suppressed ~51 debug messages>

16.14.5. Finished fast OPT passes.

16.15. Executing IOPADMAP pass (mapping inputs/outputs to IO-PAD cells).
Mapping port top.an using OBUF.
Mapping port top.clk using IBUF.
Mapping port top.cols using IBUF.
Mapping port top.reset using IBUF.
Mapping port top.rows using OBUF.
Mapping port top.seg using OBUF.

16.16. Executing OPT_CLEAN pass (remove unused cells and wires).
Finding unused cells or wires in module \top..
Removed 0 unused cells and 5 unused wires.
<suppressed ~1 debug messages>

16.17. Executing DFFLEGALIZE pass (convert FFs to types supported by the target).

16.18. Executing TECHMAP pass (map to technology primitives).

16.18.1. Executing Verilog-2005 frontend: c:\Users\Daniel\DOWNLO~1\OSS-CA~1\bin\../share/yosys/gowin/cells_map.v
Parsing Verilog input from `c:\Users\Daniel\DOWNLO~1\OSS-CA~1\bin\../share/yosys/gowin/cells_map.v' to AST representation.
Generating RTLIL representation for module `\$_DFF_N_'.
Generating RTLIL representation for module `\$_DFF_P_'.
Generating RTLIL representation for module `\$_DFFE_PP_'.
Generating RTLIL representation for module `\$_DFFE_NP_'.
Generating RTLIL representation for module `\$_SDFF_PP0_'.
Generating RTLIL representation for module `\$_SDFF_NP0_'.
Generating RTLIL representation for module `\$_SDFFE_PP0P_'.
Generating RTLIL representation for module `\$_SDFFE_NP0P_'.
Generating RTLIL representation for module `\$_SDFF_PP1_'.
Generating RTLIL representation for module `\$_SDFF_NP1_'.
Generating RTLIL representation for module `\$_SDFFE_PP1P_'.
Generating RTLIL representation for module `\$_SDFFE_NP1P_'.
Generating RTLIL representation for module `\$_DFF_PP1_'.
Generating RTLIL representation for module `\$_DFF_NP1_'.
Generating RTLIL representation for module `\$_DFF_PP0_'.
Generating RTLIL representation for module `\$_DFF_NP0_'.
Generating RTLIL representation for module `\$_DFFE_PP1P_'.
Generating RTLIL representation for module `\$_DFFE_NP1P_'.
Generating RTLIL representation for module `\$_DFFE_PP0P_'.
Generating RTLIL representation for module `\$_DFFE_NP0P_'.
Generating RTLIL representation for module `\$lut'.
Successfully finished Verilog frontend.

16.18.2. Continuing TECHMAP pass.
Using template \$_DFFE_PP0P_ for cells of type $_DFFE_PP0P_.
Using template \$_DFF_PP0_ for cells of type $_DFF_PP0_.
Using template \$_DFF_PP1_ for cells of type $_DFF_PP1_.
Using template \$_DFFE_PP_ for cells of type $_DFFE_PP_.
No more expansions possible.
<suppressed ~203 debug messages>

16.19. Executing OPT_EXPR pass (perform const folding).
Optimizing module top.
<suppressed ~1 debug messages>

16.20. Executing SIMPLEMAP pass (map simple cells to gate primitives).

16.21. Executing ABC pass (technology mapping using ABC).

16.21.1. Extracting gate netlist of module `\top' to `<abc-temp-dir>/input.blif'..
Extracted 1125 gates and 1406 wires to a netlist network with 279 inputs and 348 outputs.

16.21.1.1. Executing ABC.
Running ABC command: "<yosys-exe-dir>/yosys-abc" -s -f <abc-temp-dir>/abc.script 2>&1
ABC: ABC command line: "source <abc-temp-dir>/abc.script".
ABC: 
ABC: + read_blif <abc-temp-dir>/input.blif 
ABC: + read_lut <abc-temp-dir>/lutdefs.txt 
ABC: + strash 
ABC: + &get -n 
ABC: + &fraig -x 
ABC: + &put 
ABC: + scorr 
ABC: Warning: The network is combinational (run "fraig" or "fraig_sweep").
ABC: + dc2 
ABC: + dretime 
ABC: + strash 
ABC: + dch -f 
ABC: + if 
ABC: + mfs2 
ABC: + write_blif <abc-temp-dir>/output.blif 

16.21.1.2. Re-integrating ABC results.
ABC RESULTS:              $lut cells:      486
ABC RESULTS:        internal signals:      779
ABC RESULTS:           input signals:      279
ABC RESULTS:          output signals:      348
Removing temp directory.
Removed 0 unused cells and 1955 unused wires.

16.22. Executing TECHMAP pass (map to technology primitives).

16.22.1. Executing Verilog-2005 frontend: c:\Users\Daniel\DOWNLO~1\OSS-CA~1\bin\../share/yosys/gowin/cells_map.v
Parsing Verilog input from `c:\Users\Daniel\DOWNLO~1\OSS-CA~1\bin\../share/yosys/gowin/cells_map.v' to AST representation.
Generating RTLIL representation for module `\$_DFF_N_'.
Generating RTLIL representation for module `\$_DFF_P_'.
Generating RTLIL representation for module `\$_DFFE_PP_'.
Generating RTLIL representation for module `\$_DFFE_NP_'.
Generating RTLIL representation for module `\$_SDFF_PP0_'.
Generating RTLIL representation for module `\$_SDFF_NP0_'.
Generating RTLIL representation for module `\$_SDFFE_PP0P_'.
Generating RTLIL representation for module `\$_SDFFE_NP0P_'.
Generating RTLIL representation for module `\$_SDFF_PP1_'.
Generating RTLIL representation for module `\$_SDFF_NP1_'.
Generating RTLIL representation for module `\$_SDFFE_PP1P_'.
Generating RTLIL representation for module `\$_SDFFE_NP1P_'.
Generating RTLIL representation for module `\$_DFF_PP1_'.
Generating RTLIL representation for module `\$_DFF_NP1_'.
Generating RTLIL representation for module `\$_DFF_PP0_'.
Generating RTLIL representation for module `\$_DFF_NP0_'.
Generating RTLIL representation for module `\$_DFFE_PP1P_'.
Generating RTLIL representation for module `\$_DFFE_NP1P_'.
Generating RTLIL representation for module `\$_DFFE_PP0P_'.
Generating RTLIL representation for module `\$_DFFE_NP0P_'.
Generating RTLIL representation for module `\$lut'.
Successfully finished Verilog frontend.

16.22.2. Continuing TECHMAP pass.
Using template $paramod\$lut\WIDTH=32'00000000000000000000000000000010\LUT=4'1000 for cells of type $lut.
Using template $paramod\$lut\WIDTH=32'00000000000000000000000000000001\LUT=2'01 for cells of type $lut.
Using template $paramod$6e238df02989b317f10820a22773676e71120644\$lut for cells of type $lut.
Using template $paramod$658b9ed803f0d3d335616d3858b53e0a2522f1e8\$lut for cells of type $lut.
Using template $paramod$571404c0889eaf57f492cb5e37f8acb5df5852f9\$lut for cells of type $lut.
Using template $paramod\$lut\WIDTH=32'00000000000000000000000000000011\LUT=8'01000000 for cells of type $lut.
Using template $paramod\$lut\WIDTH=32'00000000000000000000000000000011\LUT=8'00010000 for cells of type $lut.
Using template $paramod$608f40069c27841a5b3bdf03643a34bdc8974072\$lut for cells of type $lut.
Using template $paramod$fe89c52e83c5b0456317806a3190c48a5e8494e5\$lut for cells of type $lut.
Using template $paramod$e053a22d78e6bd5ea33183ea69976f0db741be0e\$lut for cells of type $lut.
Using template $paramod$c4c8fe706941a6e71d9489d02f1583e73d5a6320\$lut for cells of type $lut.
Using template $paramod$65f022d7039664b3e62a54989caddf25ea334e44\$lut for cells of type $lut.
Using template $paramod$94ac66a11090dca84889e55fcf03297912a5b7ec\$lut for cells of type $lut.
Using template $paramod\$lut\WIDTH=32'00000000000000000000000000000011\LUT=8'01010011 for cells of type $lut.
Using template $paramod$f9c112f5fe2c17715d8c265f1ad593784a1e8114\$lut for cells of type $lut.
Using template $paramod$c362ad8dedc7d166ed978091aca319ab1e81a2d4\$lut for cells of type $lut.
Using template $paramod$c28567469ea66f93bb992c5b70c6e74beb4a0a83\$lut for cells of type $lut.
Using template $paramod\$lut\WIDTH=32'00000000000000000000000000000010\LUT=4'0100 for cells of type $lut.
Using template $paramod$287fc40df277be5303029e92cf8599a6aab4ddf0\$lut for cells of type $lut.
Using template $paramod\$lut\WIDTH=32'00000000000000000000000000000010\LUT=4'0001 for cells of type $lut.
Using template $paramod$9c9e14a51f082901c37518c9a35d78dd45431d88\$lut for cells of type $lut.
Using template $paramod$80c6d9236a2684199e24745161c51118708bce6e\$lut for cells of type $lut.
Using template $paramod\$lut\WIDTH=32'00000000000000000000000000000011\LUT=8'11010000 for cells of type $lut.
Using template $paramod\$lut\WIDTH=32'00000000000000000000000000000011\LUT=8'10001111 for cells of type $lut.
Using template $paramod\$lut\WIDTH=32'00000000000000000000000000000011\LUT=8'00000111 for cells of type $lut.
Using template $paramod\$lut\WIDTH=32'00000000000000000000000000000011\LUT=8'00010100 for cells of type $lut.
Using template $paramod\$lut\WIDTH=32'00000000000000000000000000000011\LUT=8'00000001 for cells of type $lut.
Using template $paramod$7e4e2428a2f9b92dcb758270149d84df2ec3a13e\$lut for cells of type $lut.
Using template $paramod\$lut\WIDTH=32'00000000000000000000000000000010\LUT=4'1011 for cells of type $lut.
Using template $paramod$b4f15f202f50520dbc381cd0880ac94f830f05a8\$lut for cells of type $lut.
Using template $paramod$907fa20862f087519e8935ff582e175cb167b944\$lut for cells of type $lut.
Using template $paramod$0714a4029d16eddf3b678046394f99d99803dd67\$lut for cells of type $lut.
Using template $paramod$2a580037c2fde6decbe9c7b6b292a3202b4566fe\$lut for cells of type $lut.
Using template $paramod$dbced8fb7033c584bcbd20357893ce09c6803cce\$lut for cells of type $lut.
Using template $paramod$6f39d1cae2135ef102a5eab12da33ecae325e2e2\$lut for cells of type $lut.
Using template $paramod$04472756c9f97fa180439b475ed2b6ddc3a0d0b8\$lut for cells of type $lut.
Using template $paramod$4b2297966ddb718657b80566604f97685ffc0120\$lut for cells of type $lut.
Using template $paramod$eba7de026ff587370e320127e266317dae097a89\$lut for cells of type $lut.
Using template $paramod$272652f6c6fbe9a75eff76e45cc7e2788835518b\$lut for cells of type $lut.
Using template $paramod$9d6c9d70cc3b2346c77f89125d373af82f1fae36\$lut for cells of type $lut.
Using template $paramod$c1a19a87ccbbb03d43a72335db63f692ddf82cc1\$lut for cells of type $lut.
Using template $paramod$2bc4db8bd4fb8d056f72dd182e27de9a154d9eee\$lut for cells of type $lut.
Using template $paramod$c59732e0777887c330ebe0863f73e820579c73da\$lut for cells of type $lut.
Using template $paramod$2d57d58f92daa4c74a2f50ce4395396b4a9f2708\$lut for cells of type $lut.
Using template $paramod$88708584fbcbf7ba659b98d9355fecf14d0cf246\$lut for cells of type $lut.
Using template $paramod$d6cf0a4b6f6ccd87588da28c41b5b6c258da2509\$lut for cells of type $lut.
Using template $paramod$478e33feeac3aa53ff57d491aada044b8aedceae\$lut for cells of type $lut.
Using template $paramod$ecae3ac793cbee084150ef4e35059b0aa9012645\$lut for cells of type $lut.
Using template $paramod$179bc2a219a11278605b98396ecb84303559f61b\$lut for cells of type $lut.
Using template $paramod$07d63ed29197b6e0b3ceee957de8c86ae534366a\$lut for cells of type $lut.
Using template $paramod$a9a0d3da8e2570975000fd954dff796c3807df01\$lut for cells of type $lut.
Using template $paramod$53f2825649b0059e3f19dbb5662d8201e662692d\$lut for cells of type $lut.
Using template $paramod$2005ed82a2ea64504f2a348051029875edcf5aaa\$lut for cells of type $lut.
Using template $paramod$ed565047eccd217ad36c412333ccffbe25afa497\$lut for cells of type $lut.
Using template $paramod$179512a187da069f3b79ef6612a41e494e7d54b6\$lut for cells of type $lut.
Using template $paramod$cd6c4b4da6d8737b72fd2dc8f5d83d8967445809\$lut for cells of type $lut.
Using template $paramod$3627d8b10c8e9fa9fbdf15b21636ee8b9ce871b0\$lut for cells of type $lut.
Using template $paramod$2d3ba667e1bb663616320ee027494ac84a318704\$lut for cells of type $lut.
Using template $paramod$c5b694ec89d7629b942ccf6a9be1d39e24f8edec\$lut for cells of type $lut.
Using template $paramod$ac652ab480b59dc0577222bda80520563b58b33a\$lut for cells of type $lut.
Using template $paramod$b367f9ae820fee72e1bfd0687e025108cd92144a\$lut for cells of type $lut.
Using template $paramod$9ab494594f178f1b2722725c1a755ee5c002129c\$lut for cells of type $lut.
Using template $paramod$16c23e617a6d6affee178cb5d7bca38cdc1f4cfd\$lut for cells of type $lut.
Using template $paramod$1bb65522e52957ad5234ca6d02dcc560b4c4223b\$lut for cells of type $lut.
Using template $paramod$9950c8a5acdc0f483f4427e8ad72c8391415c69e\$lut for cells of type $lut.
Using template $paramod$ddec41471aaacd0afd3598a115f917f0a6b0b72e\$lut for cells of type $lut.
Using template $paramod$2465d24db09e20dd7b5b4b27e2c46a2194e71dc9\$lut for cells of type $lut.
Using template $paramod\$lut\WIDTH=32'00000000000000000000000000000011\LUT=8'11001010 for cells of type $lut.
Using template $paramod$dd0beb814138bf62e4d6a945d7e3f6c3e3e3fae1\$lut for cells of type $lut.
Using template $paramod$c39b4ae3eed03ff4e0ef2a41844cc5ea3df00d09\$lut for cells of type $lut.
Using template $paramod$332a399730bfc61adea04021a76b1c4e4030f37d\$lut for cells of type $lut.
Using template $paramod\$lut\WIDTH=32'00000000000000000000000000000010\LUT=4'1110 for cells of type $lut.
Using template $paramod\$lut\WIDTH=32'00000000000000000000000000000010\LUT=4'0110 for cells of type $lut.
Using template $paramod$e44082120c4fa27428e5738dd4564694f9a02280\$lut for cells of type $lut.
Using template $paramod$f21c5bc3036e017b3a4c80ea8fb0e5185b4e452b\$lut for cells of type $lut.
Using template $paramod$5107ba61e694574ab1afab646ed4d349443ba6fc\$lut for cells of type $lut.
Using template $paramod$c51d54d8eb53c0dbb83e698b2241c103b5ab8ec4\$lut for cells of type $lut.
Using template $paramod$ab001c6ce08fd7b4619b078abb7e78d8ca612ae7\$lut for cells of type $lut.
Using template $paramod$8f965c62dee034674029e5a11c0404d7deb1f6f3\$lut for cells of type $lut.
Using template $paramod$70584433677bebb1f97d6827c9ba85513c8c682b\$lut for cells of type $lut.
Using template $paramod$ee19d45db61acb4c70d938b97483a4ed4b792645\$lut for cells of type $lut.
Using template $paramod\$lut\WIDTH=32'00000000000000000000000000000011\LUT=8'10000000 for cells of type $lut.
Using template $paramod$33e58adf67c6b686a154c9ce8ebbc4b04b8cabc5\$lut for cells of type $lut.
Using template $paramod$c40138074690e4d985f3eb2508c81c8c031d420e\$lut for cells of type $lut.
Using template $paramod$7bb6a37e65823eeb4b38c370fec30ab082759a14\$lut for cells of type $lut.
Using template $paramod$aabfc7053516632f11d77a2421636cf300e8b936\$lut for cells of type $lut.
Using template $paramod$74e819d582dd6df16da74bccffa21599dbbc288c\$lut for cells of type $lut.
Using template $paramod$35324e002a6de8aad51770b90b0b23e5f2813c16\$lut for cells of type $lut.
Using template $paramod$9ff1afb19a570c891b50abd01868d46bd84f46b0\$lut for cells of type $lut.
Using template $paramod$e332cff882edd417f410bab5fe07a0f88572cce3\$lut for cells of type $lut.
Using template $paramod\$lut\WIDTH=32'00000000000000000000000000000011\LUT=8'11111000 for cells of type $lut.
Using template $paramod\$lut\WIDTH=32'00000000000000000000000000000011\LUT=8'11100000 for cells of type $lut.
Using template $paramod$b297295e19b03521716155b85537bbe86d6a9ae6\$lut for cells of type $lut.
Using template $paramod\$lut\WIDTH=32'00000000000000000000000000000011\LUT=8'01000001 for cells of type $lut.
Using template $paramod$70b43c7b418942eb8bff82ba1f898deaa4b7a977\$lut for cells of type $lut.
Using template $paramod$b698dd2b885039c9e1d53e243fc4e0191632dfd9\$lut for cells of type $lut.
Using template $paramod$3039c7f41767c4672f4e3f22ad78f16d42720fbf\$lut for cells of type $lut.
Using template $paramod$700d76087ad8f99533411a570a52885f37821b9f\$lut for cells of type $lut.
Using template $paramod$575b200168b9e109c2ed99df4359056f2c6696ac\$lut for cells of type $lut.
Using template $paramod$d35161d1d7976dcc02e7c7d51172431be85143b4\$lut for cells of type $lut.
Using template $paramod\$lut\WIDTH=32'00000000000000000000000000000011\LUT=8'00110101 for cells of type $lut.
Using template $paramod$e49f6e3576ef1a6d2f58c54414dbb786af8cc869\$lut for cells of type $lut.
Using template $paramod$973818279bc95792902f3c09371fd2407d04a2a5\$lut for cells of type $lut.
Using template $paramod$45d617c2ce0041e27b541f62b0fc3c3ce441a616\$lut for cells of type $lut.
Using template $paramod$6ef2f0cf9ee7045cbb81aa2f4be3a6d3a9eb99ec\$lut for cells of type $lut.
Using template $paramod$001d9634602f00137f774620efde4c651c7a59ca\$lut for cells of type $lut.
Using template $paramod\$lut\WIDTH=32'00000000000000000000000000000011\LUT=8'00111010 for cells of type $lut.
Using template $paramod$e5e9da8fed769f971686eed8c5eea50e61f73aaa\$lut for cells of type $lut.
Using template $paramod\$lut\WIDTH=32'00000000000000000000000000000011\LUT=8'00001110 for cells of type $lut.
Using template $paramod$f76dc5e581882af2955dc34ccf18d90519102502\$lut for cells of type $lut.
Using template $paramod$1890b55d7576a581cecf4c05db7733a2c1a6bd22\$lut for cells of type $lut.
Using template $paramod$a4df2b5be2b644499880e088a11556935f22b401\$lut for cells of type $lut.
Using template $paramod\$lut\WIDTH=32'00000000000000000000000000000011\LUT=8'11110100 for cells of type $lut.
Using template $paramod$68a19a9332a0166800b5cfe3cd3b55629799abea\$lut for cells of type $lut.
Using template $paramod$ad3a97108c9f4d10f8acfa309b668b9455d3d733\$lut for cells of type $lut.
Using template $paramod$059e2cf6e5394e1cda5242b3719e45bba9dca8d7\$lut for cells of type $lut.
Using template $paramod$176fa1b90436a0f1c8ec0da25eae64bc32be3970\$lut for cells of type $lut.
Using template $paramod$bf0d0292861bdee659ef5cbc5e58b330ac5871f9\$lut for cells of type $lut.
Using template $paramod$51a72b3c97628a3868b6745bc8baebb6552a1cd9\$lut for cells of type $lut.
Using template $paramod$0b66a43d8f67f21aa51843ddac3320de734fcca4\$lut for cells of type $lut.
Using template $paramod$dff437ef3230b441878e29748654539e7bc78528\$lut for cells of type $lut.
Using template $paramod$9664483609d9e726df9697364de1aad825ad3979\$lut for cells of type $lut.
Using template $paramod$3de4a17011000e4091e77a5bb101154f727a263a\$lut for cells of type $lut.
Using template $paramod$cc32a05866f608aca38637d6c7ba9e5d077e8484\$lut for cells of type $lut.
Using template $paramod$ce41034360bc284592ff4e97843504e4c1f69c8e\$lut for cells of type $lut.
Using template $paramod$41830bd53c6ed5b0cde14be5b7e6874ea2d99b98\$lut for cells of type $lut.
Using template $paramod$71a96c621bf23b139038ce199a04f47b853774b7\$lut for cells of type $lut.
Using template $paramod$e4e96a5dece796d779288739da28d0f9a19e7c8a\$lut for cells of type $lut.
Using template $paramod$b6662faee863bb228b36e3f48cbcf1e0ea0da201\$lut for cells of type $lut.
Using template $paramod$870aeb19aac81a33cdfcf2f1b8e528e6e4237c08\$lut for cells of type $lut.
Using template $paramod$a2b4ddfa3906001b2ef9f2414d79c3048f2a3a6e\$lut for cells of type $lut.
Using template $paramod$00b36dacb1fe678616939409814eb520728946f9\$lut for cells of type $lut.
Using template $paramod$dad10c5b35459d97036906b8e1aa13d95715dc86\$lut for cells of type $lut.
Using template $paramod$8147bacd0592838590df4319dce77e19c24fba12\$lut for cells of type $lut.
Using template $paramod$61cb8810b15671c70e0ab074e7961b6401cb3509\$lut for cells of type $lut.
Using template $paramod$f0149a15e2c00885ac1a4fae42309e85708dbe59\$lut for cells of type $lut.
Using template $paramod$aef1e7aa17cb05d197b36b444116fc0da100dc6c\$lut for cells of type $lut.
Using template $paramod$c259ea9f12aa1c9b7213964bae0d1fe29b568010\$lut for cells of type $lut.
Using template $paramod$699decaf162817633fb9fb4871a9a9733780c65f\$lut for cells of type $lut.
Using template $paramod$41aa8a4bea9bf9fb2e2d3dd27b240cb1c06ebaf0\$lut for cells of type $lut.
Using template $paramod$88bbf73d3bae4dce6ae37a3f9903995c7026b6eb\$lut for cells of type $lut.
Using template $paramod$61bc98ece8c76bffd4acdf40e5f231340cba90fc\$lut for cells of type $lut.
Using template $paramod$57b30c0318d69466ffa9607d539c64a853f08af3\$lut for cells of type $lut.
Using template $paramod$87bbc33ed8303032c2f2291cd04c5d3f6437bff3\$lut for cells of type $lut.
Using template $paramod$79520d1f1eb8b973cc49f80a01b01422def638c6\$lut for cells of type $lut.
Using template $paramod$e7fdf4b570dd63b921b46fad87d1c0bde58075fc\$lut for cells of type $lut.
Using template $paramod$da0e4c85bf009fb782ed05d1a68b239ad1c41c48\$lut for cells of type $lut.
Using template $paramod$b891d65ed9fae53f1cec3826ed9bd673a3e81fbd\$lut for cells of type $lut.
Using template $paramod$692927e279b3d5c42ee4aacb287247c0b34943ed\$lut for cells of type $lut.
Using template $paramod$d9d8e59d727ba8b441080d6815e24adaaafb5a8d\$lut for cells of type $lut.
Using template $paramod$02d1eabfa03f5ed858c515c195e16afe06807b06\$lut for cells of type $lut.
Using template $paramod$96975a43447941420d85237caa69ba566142f24d\$lut for cells of type $lut.
Using template $paramod$ffd13d8f135d5253c7565faae38cd586639f9cae\$lut for cells of type $lut.
Using template $paramod$50791eb1f483838b32d813a6298140ef539f09e4\$lut for cells of type $lut.
Using template $paramod$3bed8a6d8f12716864784036f84084d57a63b8eb\$lut for cells of type $lut.
Using template $paramod$91d8b9cca104ebadb9044746d25010fc1d2aa8f2\$lut for cells of type $lut.
Using template $paramod$bcff4bc3009f0f700fa0b92beb881b3d7d69d9fc\$lut for cells of type $lut.
Using template $paramod$82ff6a29af9c62178ae37f321e6f59ae905f1f2c\$lut for cells of type $lut.
Using template $paramod$ea0f47a0ce2fe89498ec691f14559b46bef2273a\$lut for cells of type $lut.
Using template $paramod$93291b71b00d5dee7c5c5b9770bcde3c68cef9d3\$lut for cells of type $lut.
Using template $paramod$9cade4c791d5e064d1872140559eeaf7fda4b20e\$lut for cells of type $lut.
Using template $paramod$10f9ec10907e3614f4091bb6c69006195a5f5733\$lut for cells of type $lut.
Using template $paramod$31cc20825740ffddd8aca8ac5048de1805e75222\$lut for cells of type $lut.
Using template $paramod$95109a62fea23d1738324748c3fbb67f85edd1de\$lut for cells of type $lut.
Using template $paramod$ece5f0aa54f324e91de202207972350503145222\$lut for cells of type $lut.
Using template $paramod$98de9ef08fc35f91c1446acf8ddeeebbb4fe99dd\$lut for cells of type $lut.
Using template $paramod$a553f869707b0da0a9d825736a589acfefe1d65d\$lut for cells of type $lut.
Using template $paramod$1727ebfda7cb44b210ba4dc22b9ff73ff0ac7b69\$lut for cells of type $lut.
Using template $paramod$7be5ba6537bbd61f594c56628aabac8a2fd8927a\$lut for cells of type $lut.
Using template $paramod$5754787260a6d9371bd532954fc01a3012794551\$lut for cells of type $lut.
Using template $paramod$3aac200b1ee408e2209f36da43590d012f3b4c43\$lut for cells of type $lut.
Using template $paramod$7125b224d5920c893c2dd3de98a266451c2ebe7d\$lut for cells of type $lut.
Using template $paramod$9f552a5d7ce788fb195cc7969642ece002d58c7c\$lut for cells of type $lut.
Using template $paramod$7a49f40109f32d57f4e3e2229cfcf989cc49fa35\$lut for cells of type $lut.
Using template $paramod$ecc8f136f6aed415e047a0ef706f98ca5d1ce334\$lut for cells of type $lut.
Using template $paramod$572e34f511a5262bbf77cee444ac686b206ef411\$lut for cells of type $lut.
Using template $paramod$922c9d51250447408e4eb21c37593ddfd4cdfd12\$lut for cells of type $lut.
Using template $paramod$265cffc4c0bb58c1e9b8005de27ac552bb54a415\$lut for cells of type $lut.
Using template $paramod$8856f96a0b194acdcc937918166b3504abd42e54\$lut for cells of type $lut.
Using template $paramod$a618568e98a9cb3df992124e8cb37ea79dd31f14\$lut for cells of type $lut.
Using template $paramod$ba342ba92b85c71305e5eaa900737cb2d440cbbf\$lut for cells of type $lut.
Using template $paramod$113a3958fe2593d13faf770e232202582b8082fe\$lut for cells of type $lut.
Using template $paramod$32eefd6050d2c0a96b85ad31f394df52618e0c04\$lut for cells of type $lut.
Using template $paramod$15da76c52c6d108b70872a7ef8fd4279d6acf01a\$lut for cells of type $lut.
Using template $paramod$b9eec662df5714f2f018e335a512d9e57b8665ee\$lut for cells of type $lut.
Using template $paramod$e799ebc1d5c0fbf442f6b47afee03012e10e9a3e\$lut for cells of type $lut.
Using template $paramod$b8e43e3f5a5b3a3d02880fc0e8ef6c7a00e7bca5\$lut for cells of type $lut.
Using template $paramod$8b2122b6432b98b11bd6aa038af92699addad7f2\$lut for cells of type $lut.
Using template $paramod$2508440c40fea22a83673708e52ff6dbee2ff075\$lut for cells of type $lut.
Using template $paramod$99c304a50be594940094b0acc68aa2a05d0abe85\$lut for cells of type $lut.
Using template $paramod$cc6f168b93470fcc711df6312603d46c5e4b0e07\$lut for cells of type $lut.
Using template $paramod$8d53a4de7d183ca2af3719346c4436e2a5d86169\$lut for cells of type $lut.
Using template $paramod$a86065a7e9fa1cf963f48c861b0aa8690c5585f3\$lut for cells of type $lut.
Using template $paramod$16863281a9301e30ffd8706341550763fea6fed9\$lut for cells of type $lut.
Using template $paramod$f9d5cb7f3a24a3978811c5219d2f4f07ec60cef0\$lut for cells of type $lut.
Using template $paramod$d699bf187b792ac5d15125196cab9015681d006b\$lut for cells of type $lut.
Using template $paramod$445caf05919069bc981d643ca12e802587215526\$lut for cells of type $lut.
Using template $paramod$68710c93f5572f92573b272167919d5db64ee10d\$lut for cells of type $lut.
Using template $paramod$aeedda48b4e7497c4a09629abd1cb98c12791a48\$lut for cells of type $lut.
Using template $paramod$f2408cb03485bac785ad44d1df874a69f179b100\$lut for cells of type $lut.
Using template $paramod$4cb1d9bb7fec44b4d37ebe9f5979200955ccbf18\$lut for cells of type $lut.
Using template $paramod$f64d4eae550f4f3786124c94f268b1199fcb0b29\$lut for cells of type $lut.
Using template $paramod$8461a38da2644081983cd5b082d7f6c55a8dc5b7\$lut for cells of type $lut.
Using template $paramod$d76e5d9b7309edd6bc6de5c1b8f2b6ed217f0bd9\$lut for cells of type $lut.
Using template $paramod$bfc6e9cbe3c9c007686f9a45ac8e0fc13fcd085f\$lut for cells of type $lut.
Using template $paramod$1146e1737d300bdc020f874d4ffe0eb922f09ae9\$lut for cells of type $lut.
Using template $paramod$9a37b89db95231f1e605c3486de9484bcecacff7\$lut for cells of type $lut.
Using template $paramod$e56c27921856182252a83c591272f1599bed1cc1\$lut for cells of type $lut.
Using template $paramod$7da46ceabe980f23acfe93f06e16bb9a221f226a\$lut for cells of type $lut.
Using template $paramod$352c325cba7782b3b756bda07a3e87c716ef63fe\$lut for cells of type $lut.
Using template $paramod$c783635b885ad93b5e1d7c0b846893042f92c6e6\$lut for cells of type $lut.
Using template $paramod$fe2ccc9771c7f3621af3392ea69c0322e13310d4\$lut for cells of type $lut.
Using template $paramod$ca8c9665a64aa5f3d9592dfd72deaf1acbe3bc6d\$lut for cells of type $lut.
Using template $paramod$37a799f80fe01cd4beeff0280499551ebab56099\$lut for cells of type $lut.
Using template $paramod$26d7c7cfa25a34fc0583ed0779a4f55defddbbfe\$lut for cells of type $lut.
Using template $paramod$dfd57607b12cbcfa0282cd45553eece614a60bf8\$lut for cells of type $lut.
Using template $paramod$c315fd171a22ad0b563d890e3adda172ea240769\$lut for cells of type $lut.
Using template $paramod$ac5104b0f31e073ac445859404a5ecbcf6edcff5\$lut for cells of type $lut.
Using template $paramod$c1a0f46ddd5a51215bbe9731e48c13d0c6a44b76\$lut for cells of type $lut.
Using template $paramod$f49fb6b34f74bc0e4b39ba7c0f3298d843cb3cef\$lut for cells of type $lut.
Using template $paramod$b1f6f86197bcbf1f39e34ef23f6152dc846728d0\$lut for cells of type $lut.
Using template $paramod$4e545621a6d9f53974281e048f27ef8c7d4850b0\$lut for cells of type $lut.
Using template $paramod$405a0cc1c26e40be2456c1b6543b9535bf4d889a\$lut for cells of type $lut.
Using template $paramod$99b7d9c95865d7fd46c584123525842190563b50\$lut for cells of type $lut.
Using template $paramod$b8850dd9ad7bf59a3f4e085d64cdedb0f026bf28\$lut for cells of type $lut.
Using template $paramod$de089e6a9b46d00e2943d229ef356663de09e230\$lut for cells of type $lut.
Using template $paramod$738ed900789ad2c7508754ee7453f4357c690e96\$lut for cells of type $lut.
Using template $paramod$d4ea99f1610e4631d1fd607f7432cbded46ce1ca\$lut for cells of type $lut.
Using template $paramod$19a3635f6d887516988c91cab080c2ee7368a0fd\$lut for cells of type $lut.
Using template $paramod$6a9e6a7be18da3b2738a3c440c25aefc246735de\$lut for cells of type $lut.
Using template $paramod$2a2ef4b0012bb1e699110cb2bd03775845253066\$lut for cells of type $lut.
Using template $paramod$15da3b646859d02d8b1ba6f2ad6fe70f07f18db4\$lut for cells of type $lut.
Using template $paramod$16fd019fd8e1c05d42215e7a99ab44741ee8c505\$lut for cells of type $lut.
Using template $paramod$f0f1c5dbe48b2b6f1c95b8ad860c750e98bf328d\$lut for cells of type $lut.
Using template $paramod$cd92ea2f46176ce1992a5103c0bc6e34e7135ff7\$lut for cells of type $lut.
Using template $paramod$d418d260dce9593e420eb32c60c142c6b4d3f933\$lut for cells of type $lut.
Using template $paramod$44d2908eab1573ce2e1cefd8e86ab27c7ab3e244\$lut for cells of type $lut.
Using template $paramod$ed647fb13d298a1776a5f62ba3576a326ff46dd9\$lut for cells of type $lut.
Using template $paramod$d9a80a214d9e2586947b996c4dda851897456f75\$lut for cells of type $lut.
Using template $paramod$e6197a5e543ebf944598378b59598d3f9f1b57f8\$lut for cells of type $lut.
Using template $paramod$d39ede4daf8eaa0f6c1d8395be799740fd3abb2a\$lut for cells of type $lut.
Using template $paramod$3af9b3d081f26162ed75c4d2aad8f1c09eb6a1be\$lut for cells of type $lut.
Using template $paramod$89ea4bfebbbdca89a7dee1eb596ad6c3f1639a3a\$lut for cells of type $lut.
Using template $paramod$04285edc4991befbf853bbfe69a904b4cb27f5ba\$lut for cells of type $lut.
Using template $paramod$53639cf7b409b0a92b0ca5bb7cbe99946b8e0811\$lut for cells of type $lut.
Using template $paramod$4e4a5a7d6f67c20c356d1c02cdc53759644ed9b8\$lut for cells of type $lut.
Using template $paramod$936e5e2eaba9ba96a30289157d098d15321d4185\$lut for cells of type $lut.
Using template $paramod$87f463b6a2b969f61ba41a329d99b50cca2c32c6\$lut for cells of type $lut.
Using template $paramod$2e085f902fa1720316a17a739ab88ac4f8026cb7\$lut for cells of type $lut.
Using template $paramod$da6c2837f16b977f62971043a28383c616d24bf8\$lut for cells of type $lut.
Using template $paramod$5b406351fd5c2434cdc39251204cc0f95120c3b8\$lut for cells of type $lut.
Using template $paramod$2709fa4ea6a4bd21ab46631f6da721056f4292f4\$lut for cells of type $lut.
Using template $paramod$0a8a5fd02d5d4bf4e92289ae3534564fa8cf207a\$lut for cells of type $lut.
Using template $paramod$0489b2512a1cb5a18c9e643ea6afc343ebac5f37\$lut for cells of type $lut.
Using template $paramod$44142473664cf0c43e439c4fd3288c1782f6fb46\$lut for cells of type $lut.
Using template $paramod$c64085288f8aae77b811be02d59011c0f248748f\$lut for cells of type $lut.
Using template $paramod$b46e2c129c53fffcf6166792430cf8eb235fc0fc\$lut for cells of type $lut.
Using template $paramod$5b5c165e74e443cfa364a048acb7bba7c584b946\$lut for cells of type $lut.
Using template $paramod$c9c2c2df437d422d8a19dea900037ace6d8534df\$lut for cells of type $lut.
Using template $paramod$6216eedf1c5f2bdf0973f7aa817f2cd29f0d2d79\$lut for cells of type $lut.
Using template $paramod$d18ffaef8da55beee2fec75a4b234ecb177825b5\$lut for cells of type $lut.
Using template $paramod$7f9c57b9c653e6542a38e00058262a064c2e041a\$lut for cells of type $lut.
Using template $paramod$d9dc957bdda0a569319fe7105e61420eded43855\$lut for cells of type $lut.
Using template $paramod$606bbaf472eac806ac812b6d427d5ec192237cbb\$lut for cells of type $lut.
Using template $paramod$3cd92fbf29e4453b30091436cdee7541e6b2c44c\$lut for cells of type $lut.
Using template $paramod$d1a3f0925bd349c849a827537503abf7d0c9b0f7\$lut for cells of type $lut.
Using template $paramod$f8670081eebf7568cab9b8e8800387500ede5c7b\$lut for cells of type $lut.
Using template $paramod$18652263b6eaafd1e38fd10e7b4a031e41ef88b0\$lut for cells of type $lut.
Using template $paramod$f73861c8544f46823f0b3c84f17aadd5bb441928\$lut for cells of type $lut.
Using template $paramod$e1e0860bc66b0ec3f1528c4ebf1eebcd83d23576\$lut for cells of type $lut.
Using template $paramod$dd034cef61519403fb9ec5aaf8997136b942411a\$lut for cells of type $lut.
Using template $paramod$787ee9429e2bb2edc41a84ae076cde337f292b5a\$lut for cells of type $lut.
Using template $paramod$2991e6aae2bf98f43df8ebfe35ba6340d1c231a7\$lut for cells of type $lut.
Using template $paramod$08365dc489aeda0500edc1452cd16bd465ca2215\$lut for cells of type $lut.
Using template $paramod$d5704f4493d38b8f4e498edb8e1fdbc20dfc8125\$lut for cells of type $lut.
Using template $paramod$9c83190cb7e48bb3a6ae53b261370c80c7b95001\$lut for cells of type $lut.
Using template $paramod$7a2fc05b26e90ca13474476259e43770c486df32\$lut for cells of type $lut.
Using template $paramod$564742131a7388af2fdb3db30298811191acf468\$lut for cells of type $lut.
Using template $paramod$1988702369d004101daa49bbca08cc4510c07e06\$lut for cells of type $lut.
Using template $paramod$8317234c4ac8c48e196b8dd0d345ac3c7ea0ecb8\$lut for cells of type $lut.
Using template $paramod$2687393074da03194ec9b0e43ec37a6119033db3\$lut for cells of type $lut.
Using template $paramod$e346f120959d60c70a0f7297ca0fea458f731011\$lut for cells of type $lut.
Using template $paramod$91155ba6fe8dd64ab08026ed7c7af7fd09871b70\$lut for cells of type $lut.
Using template $paramod$c31749656af9dfeda8ba6bb63e214a03ce3ead28\$lut for cells of type $lut.
Using template $paramod$734cb5d7d83659ae4da13abb9e04fafa8dc19119\$lut for cells of type $lut.
Using template $paramod$855f23e45a7beea2204f9e477a9aed1518323e04\$lut for cells of type $lut.
Using template $paramod$15e465e947aa87c07d3af9c64951debe4d4f6075\$lut for cells of type $lut.
Using template $paramod$eac7ee502612457d62e471974b70426d3c28f7fd\$lut for cells of type $lut.
Using template $paramod$bba9e284540093b40fdf34dd9922166c36de39d6\$lut for cells of type $lut.
Using template $paramod$65f25c13bff80188d94778aaee01349724eb3451\$lut for cells of type $lut.
Using template $paramod$bb18179c7fb2295f17b5464e3663115dc945c57d\$lut for cells of type $lut.
Using template $paramod$ddd4d546aff570a02152f377983f90a8c5fe9c1d\$lut for cells of type $lut.
Using template $paramod$6390956001da23b33ac85b79e348ae05a12a4f67\$lut for cells of type $lut.
Using template $paramod$a4427af859b16e05c5bc8d69a29ce9513f478bd8\$lut for cells of type $lut.
Using template $paramod$82c0b13701acdc886aede9c55a2dc36d21ba97a1\$lut for cells of type $lut.
Using template $paramod$57cdccc0efb2c6cc2839e9431d4f0ebcb35917be\$lut for cells of type $lut.
Using template $paramod$ad333e63f712bdb887b1029efee6e57bf7a0f59c\$lut for cells of type $lut.
Using template $paramod$9728486d945212460dc34b4d76cd17f99282d7b1\$lut for cells of type $lut.
Using template $paramod$dd36dd92a9754daf319b2823a15176320acc5f91\$lut for cells of type $lut.
Using template $paramod$6196ade93a1264ede339bedfacfa7fc8832bba82\$lut for cells of type $lut.
Using template $paramod$22512b315e76b174ccac643801c06abc56e24d59\$lut for cells of type $lut.
Using template $paramod$2e3afd7ad52f50b4897d8b573e6a53a4abab4373\$lut for cells of type $lut.
Using template $paramod$66060bb1c26d0bf89b9b90d60f99bcbf7fbff7ae\$lut for cells of type $lut.
Using template $paramod$3148798e51630b6012710628f5ab0be731f4d1ba\$lut for cells of type $lut.
Using template $paramod$aa22e94246b36e2cf01c175bbd947110b378bc83\$lut for cells of type $lut.
Using template $paramod$b8693e16e430348f1aa83ae1aaba0cce3e6b01ea\$lut for cells of type $lut.
Using template $paramod$7b6dba9da7b24ba15cc91d483adc1cbb42ec924c\$lut for cells of type $lut.
Using template $paramod$2ebbb4f824f02dafc0bba57ca8fe8cd482292f38\$lut for cells of type $lut.
Using template $paramod$6ec8ef3179a3fafc5a1c3e21ced668c30e586488\$lut for cells of type $lut.
Using template $paramod$fd65c87b47fa7104f76e608cb55f875fc77079a0\$lut for cells of type $lut.
Using template $paramod$bf184a24e3840c1d975d01df061ea8e0e6f72c8b\$lut for cells of type $lut.
Using template $paramod$e97d51190917342059cbc7fa10ff6ba1c074237d\$lut for cells of type $lut.
Using template $paramod$7fde0cdc71e2ec0d700ebde4e14a794fe565fced\$lut for cells of type $lut.
Using template $paramod$0c7575ffb41b6f08c4f27acb034bccc087abda5d\$lut for cells of type $lut.
Using template $paramod$0bfaa34ef6d5b8c233add8f10ba847a550719cf0\$lut for cells of type $lut.
Using template $paramod$2e35bc63d414e2b3e6d4e2a2ec0e786937ecbeb6\$lut for cells of type $lut.
Using template $paramod$87b138d24ef4494a24e125ae865853a03ed934f1\$lut for cells of type $lut.
Using template $paramod$1a54f959fcf053c09a505df1e4ac40afc3a87621\$lut for cells of type $lut.
Using template $paramod$ff3b04fc04a5df84a70499147f6a962e56652ac9\$lut for cells of type $lut.
Using template $paramod$7acb39eec0189e584b66719fdb341b9f5cf9a0b2\$lut for cells of type $lut.
Using template $paramod$cf42fb62a649c0340b9b8aa8b8d43566d7bb44bd\$lut for cells of type $lut.
Using template $paramod$032b9bd57b0e1e52e36a0c5cf8b688f108a2fbb9\$lut for cells of type $lut.
Using template $paramod$ebd23b326dadc64f20f8b9d14a781a0a3e588a71\$lut for cells of type $lut.
Using template $paramod$66a6dcc10725e4ac1083ccf27e0d8f49e2c645ce\$lut for cells of type $lut.
Using template $paramod$1105389d7dd9bb30649af81306ba16328e2f6e49\$lut for cells of type $lut.
Using template $paramod$564723223d8a8726d52dab461d9dcaec4835c520\$lut for cells of type $lut.
Using template $paramod$aad72af640fd3808b96db51bb8b23c293ec78e62\$lut for cells of type $lut.
Using template $paramod$cb9389d3bcc7824cbc8eb11c8ac4986b2acbae18\$lut for cells of type $lut.
Using template $paramod$91c4f3414ce0559a34d680bfecf0cf500145509d\$lut for cells of type $lut.
Using template $paramod$4b6d71ecc8170bfacf38b3b71c1a9b261b163b05\$lut for cells of type $lut.
Using template $paramod$3d02409c8c2845484ffdb29ca730dfee03984f4f\$lut for cells of type $lut.
Using template $paramod$ede761341368efd53bcaebaec83bbf67ed9dec7f\$lut for cells of type $lut.
Using template $paramod$2a952871ac257a153cccb49ac2714bab2e7d602f\$lut for cells of type $lut.
Using template $paramod$5f48e09ba7120fc9460711ebd88827aa9121696a\$lut for cells of type $lut.
Using template $paramod$d62563a073c95525c833fc6e0e31d4f420504a1b\$lut for cells of type $lut.
Using template $paramod$2d500daf33f796466fc9f76f0c2fe8e20df5aac5\$lut for cells of type $lut.
Using template $paramod$e26b8d806b5980ec3f922ccd925e0a79cfb8f0bd\$lut for cells of type $lut.
Using template $paramod$a95aeb58822b83840ad0d33221e28b316b409b83\$lut for cells of type $lut.
Using template $paramod$f639c2c66689453f3f77d0d513e3a0b61371ca0b\$lut for cells of type $lut.
Using template $paramod$662aa0a39b9e25110115bde1c02f46570201d4f7\$lut for cells of type $lut.
Using template $paramod$95def4fcf53c30a1585a909ac35e222e81523cd9\$lut for cells of type $lut.
Using template $paramod$fadb95605eaa81a5846e3a7f7e4faf0e6b51a190\$lut for cells of type $lut.
Using template $paramod$078443e0e8b302a49ac79789e0fc02b41f07be4c\$lut for cells of type $lut.
Using template $paramod$38eb41627b73166bbe454e6a54f14d2c3bea9c81\$lut for cells of type $lut.
Using template $paramod$7321efe5c92153d9a895a1e2e0aa2e01cd1852a2\$lut for cells of type $lut.
Using template $paramod$d1971a142b315eac70fd61294b6fa89984bb4b4a\$lut for cells of type $lut.
Using template $paramod$f81c5d9f96495607e6824d8b01a463c2f911dedf\$lut for cells of type $lut.
No more expansions possible.
<suppressed ~5918 debug messages>

16.23. Executing OPT_LUT_INS pass (discard unused LUT inputs).
Optimizing LUTs in top.
  Optimizing lut $abc$5720$auto$blifparse.cc:525:parse_blif$5864.genblk1.genblk1.genblk1.genblk1.genblk1.genblk1.genblk1.genblk1.lut1.genblk1.genblk1.genblk1.genblk1.genblk1.genblk1.genblk1.lut0.genblk1.genblk1.genblk1.genblk1.genblk1.genblk1.lut0.genblk1.genblk1.genblk1.genblk1.genblk1.lut0 (4 -> 3)
  Optimizing lut $abc$5720$auto$blifparse.cc:525:parse_blif$5864.genblk1.genblk1.genblk1.genblk1.genblk1.genblk1.genblk1.genblk1.lut1.genblk1.genblk1.genblk1.genblk1.genblk1.genblk1.genblk1.lut1.genblk1.genblk1.genblk1.genblk1.genblk1.genblk1.lut0.genblk1.genblk1.genblk1.genblk1.genblk1.lut0 (4 -> 1)
  Optimizing lut $abc$5720$auto$blifparse.cc:525:parse_blif$5876.genblk1.genblk1.genblk1.genblk1.genblk1.genblk1.genblk1.lut1.genblk1.genblk1.genblk1.genblk1.genblk1.genblk1.lut0.genblk1.genblk1.genblk1.genblk1.genblk1.lut1 (4 -> 0)
  Optimizing lut $abc$5720$auto$blifparse.cc:525:parse_blif$5907.genblk1.genblk1.genblk1.genblk1.genblk1.genblk1.genblk1.genblk1.lut1.genblk1.genblk1.genblk1.genblk1.genblk1.genblk1.genblk1.lut1.genblk1.genblk1.genblk1.genblk1.genblk1.genblk1.lut0.genblk1.genblk1.genblk1.genblk1.genblk1.lut0 (4 -> 0)
  Optimizing lut $abc$5720$auto$blifparse.cc:525:parse_blif$5876.genblk1.genblk1.genblk1.genblk1.genblk1.genblk1.genblk1.lut0.genblk1.genblk1.genblk1.genblk1.genblk1.genblk1.lut0.genblk1.genblk1.genblk1.genblk1.genblk1.lut1 (4 -> 0)
  Optimizing lut $abc$5720$auto$blifparse.cc:525:parse_blif$5876.genblk1.genblk1.genblk1.genblk1.genblk1.genblk1.genblk1.lut1.genblk1.genblk1.genblk1.genblk1.genblk1.genblk1.lut1.genblk1.genblk1.genblk1.genblk1.genblk1.lut1 (4 -> 0)
  Optimizing lut $abc$5720$auto$blifparse.cc:525:parse_blif$5910.genblk1.genblk1.genblk1.genblk1.genblk1.genblk1.genblk1.genblk1.lut0.genblk1.genblk1.genblk1.genblk1.genblk1.genblk1.genblk1.lut1.genblk1.genblk1.genblk1.genblk1.genblk1.genblk1.lut0.genblk1.genblk1.genblk1.genblk1.genblk1.lut0 (4 -> 0)
  Optimizing lut $abc$5720$auto$blifparse.cc:525:parse_blif$5909.genblk1.genblk1.genblk1.genblk1.genblk1.genblk1.genblk1.genblk1.lut1.genblk1.genblk1.genblk1.genblk1.genblk1.genblk1.genblk1.lut1.genblk1.genblk1.genblk1.genblk1.genblk1.genblk1.lut1.genblk1.genblk1.genblk1.genblk1.genblk1.lut0 (4 -> 0)
  Optimizing lut $abc$5720$auto$blifparse.cc:525:parse_blif$5897.genblk1.genblk1.genblk1.genblk1.genblk1.genblk1.genblk1.genblk1.lut1.genblk1.genblk1.genblk1.genblk1.genblk1.genblk1.genblk1.lut1.genblk1.genblk1.genblk1.genblk1.genblk1.genblk1.lut0.genblk1.genblk1.genblk1.genblk1.genblk1.lut0 (4 -> 2)
  Optimizing lut $abc$5720$auto$blifparse.cc:525:parse_blif$5745.genblk1.genblk1.genblk1.genblk1.genblk1.genblk1.genblk1.lut0.genblk1.genblk1.genblk1.genblk1.genblk1.genblk1.lut1.genblk1.genblk1.genblk1.genblk1.genblk1.lut0 (4 -> 3)
  Optimizing lut $abc$5720$auto$blifparse.cc:525:parse_blif$5920.genblk1.genblk1.genblk1.genblk1.genblk1.genblk1.genblk1.lut1.genblk1.genblk1.genblk1.genblk1.genblk1.genblk1.lut0.genblk1.genblk1.genblk1.genblk1.genblk1.lut0 (4 -> 0)
  Optimizing lut $abc$5720$auto$blifparse.cc:525:parse_blif$5887.genblk1.genblk1.genblk1.genblk1.genblk1.genblk1.genblk1.genblk1.lut0.genblk1.genblk1.genblk1.genblk1.genblk1.genblk1.genblk1.lut1.genblk1.genblk1.genblk1.genblk1.genblk1.genblk1.lut1.genblk1.genblk1.genblk1.genblk1.genblk1.lut0 (4 -> 2)
  Optimizing lut $abc$5720$auto$blifparse.cc:525:parse_blif$5887.genblk1.genblk1.genblk1.genblk1.genblk1.genblk1.genblk1.genblk1.lut0.genblk1.genblk1.genblk1.genblk1.genblk1.genblk1.genblk1.lut1.genblk1.genblk1.genblk1.genblk1.genblk1.genblk1.lut0.genblk1.genblk1.genblk1.genblk1.genblk1.lut0 (4 -> 2)
  Optimizing lut $abc$5720$auto$blifparse.cc:525:parse_blif$5874.genblk1.genblk1.genblk1.genblk1.genblk1.genblk1.genblk1.genblk1.lut1.genblk1.genblk1.genblk1.genblk1.genblk1.genblk1.genblk1.lut0.genblk1.genblk1.genblk1.genblk1.genblk1.genblk1.lut0.genblk1.genblk1.genblk1.genblk1.genblk1.lut0 (4 -> 0)
  Optimizing lut $abc$5720$auto$blifparse.cc:525:parse_blif$5877.genblk1.genblk1.genblk1.genblk1.genblk1.genblk1.genblk1.lut1.genblk1.genblk1.genblk1.genblk1.genblk1.genblk1.lut0.genblk1.genblk1.genblk1.genblk1.genblk1.lut0 (4 -> 1)
  Optimizing lut $abc$5720$auto$blifparse.cc:525:parse_blif$5854.genblk1.genblk1.genblk1.genblk1.genblk1.genblk1.genblk1.genblk1.lut1.genblk1.genblk1.genblk1.genblk1.genblk1.genblk1.genblk1.lut1.genblk1.genblk1.genblk1.genblk1.genblk1.genblk1.lut0.genblk1.genblk1.genblk1.genblk1.genblk1.lut0 (4 -> 2)
  Optimizing lut $abc$5720$auto$blifparse.cc:525:parse_blif$5874.genblk1.genblk1.genblk1.genblk1.genblk1.genblk1.genblk1.genblk1.lut1.genblk1.genblk1.genblk1.genblk1.genblk1.genblk1.genblk1.lut1.genblk1.genblk1.genblk1.genblk1.genblk1.genblk1.lut1.genblk1.genblk1.genblk1.genblk1.genblk1.lut0 (4 -> 0)
  Optimizing lut $abc$5720$auto$blifparse.cc:525:parse_blif$5877.genblk1.genblk1.genblk1.genblk1.genblk1.genblk1.genblk1.lut1.genblk1.genblk1.genblk1.genblk1.genblk1.genblk1.lut0.genblk1.genblk1.genblk1.genblk1.genblk1.lut1 (4 -> 0)
  Optimizing lut $abc$5720$auto$blifparse.cc:525:parse_blif$5874.genblk1.genblk1.genblk1.genblk1.genblk1.genblk1.genblk1.genblk1.lut0.genblk1.genblk1.genblk1.genblk1.genblk1.genblk1.genblk1.lut1.genblk1.genblk1.genblk1.genblk1.genblk1.genblk1.lut0.genblk1.genblk1.genblk1.genblk1.genblk1.lut0 (4 -> 0)
  Optimizing lut $abc$5720$auto$blifparse.cc:525:parse_blif$5874.genblk1.genblk1.genblk1.genblk1.genblk1.genblk1.genblk1.genblk1.lut0.genblk1.genblk1.genblk1.genblk1.genblk1.genblk1.genblk1.lut1.genblk1.genblk1.genblk1.genblk1.genblk1.genblk1.lut1.genblk1.genblk1.genblk1.genblk1.genblk1.lut0 (4 -> 0)
  Optimizing lut $abc$5720$auto$blifparse.cc:525:parse_blif$5888.genblk1.genblk1.genblk1.genblk1.genblk1.genblk1.genblk1.lut1.genblk1.genblk1.genblk1.genblk1.genblk1.genblk1.lut1.genblk1.genblk1.genblk1.genblk1.genblk1.lut0 (4 -> 2)
  Optimizing lut $abc$5720$auto$blifparse.cc:525:parse_blif$5912.genblk1.genblk1.genblk1.genblk1.genblk1.genblk1.genblk1.genblk1.lut0.genblk1.genblk1.genblk1.genblk1.genblk1.genblk1.genblk1.lut1.genblk1.genblk1.genblk1.genblk1.genblk1.genblk1.lut0.genblk1.genblk1.genblk1.genblk1.genblk1.lut0 (4 -> 0)
  Optimizing lut $abc$5720$auto$blifparse.cc:525:parse_blif$5912.genblk1.genblk1.genblk1.genblk1.genblk1.genblk1.genblk1.genblk1.lut0.genblk1.genblk1.genblk1.genblk1.genblk1.genblk1.genblk1.lut1.genblk1.genblk1.genblk1.genblk1.genblk1.genblk1.lut1.genblk1.genblk1.genblk1.genblk1.genblk1.lut0 (4 -> 0)
  Optimizing lut $abc$5720$auto$blifparse.cc:525:parse_blif$5912.genblk1.genblk1.genblk1.genblk1.genblk1.genblk1.genblk1.genblk1.lut0.genblk1.genblk1.genblk1.genblk1.genblk1.genblk1.genblk1.lut0.genblk1.genblk1.genblk1.genblk1.genblk1.genblk1.lut0.genblk1.genblk1.genblk1.genblk1.genblk1.lut0 (4 -> 0)
  Optimizing lut $abc$5720$auto$blifparse.cc:525:parse_blif$5912.genblk1.genblk1.genblk1.genblk1.genblk1.genblk1.genblk1.genblk1.lut0.genblk1.genblk1.genblk1.genblk1.genblk1.genblk1.genblk1.lut0.genblk1.genblk1.genblk1.genblk1.genblk1.genblk1.lut1.genblk1.genblk1.genblk1.genblk1.genblk1.lut0 (4 -> 0)
  Optimizing lut $abc$5720$auto$blifparse.cc:525:parse_blif$5882.genblk1.genblk1.genblk1.genblk1.genblk1.genblk1.genblk1.genblk1.lut0.genblk1.genblk1.genblk1.genblk1.genblk1.genblk1.genblk1.lut0.genblk1.genblk1.genblk1.genblk1.genblk1.genblk1.lut0.genblk1.genblk1.genblk1.genblk1.genblk1.lut0 (4 -> 0)
  Optimizing lut $abc$5720$auto$blifparse.cc:525:parse_blif$5882.genblk1.genblk1.genblk1.genblk1.genblk1.genblk1.genblk1.genblk1.lut0.genblk1.genblk1.genblk1.genblk1.genblk1.genblk1.genblk1.lut0.genblk1.genblk1.genblk1.genblk1.genblk1.genblk1.lut1.genblk1.genblk1.genblk1.genblk1.genblk1.lut0 (4 -> 2)
  Optimizing lut $abc$5720$auto$blifparse.cc:525:parse_blif$5882.genblk1.genblk1.genblk1.genblk1.genblk1.genblk1.genblk1.genblk1.lut0.genblk1.genblk1.genblk1.genblk1.genblk1.genblk1.genblk1.lut1.genblk1.genblk1.genblk1.genblk1.genblk1.genblk1.lut0.genblk1.genblk1.genblk1.genblk1.genblk1.lut0 (4 -> 2)
  Optimizing lut $abc$5720$auto$blifparse.cc:525:parse_blif$5882.genblk1.genblk1.genblk1.genblk1.genblk1.genblk1.genblk1.genblk1.lut0.genblk1.genblk1.genblk1.genblk1.genblk1.genblk1.genblk1.lut1.genblk1.genblk1.genblk1.genblk1.genblk1.genblk1.lut1.genblk1.genblk1.genblk1.genblk1.genblk1.lut0 (4 -> 2)
  Optimizing lut $abc$5720$auto$blifparse.cc:525:parse_blif$5887.genblk1.genblk1.genblk1.genblk1.genblk1.genblk1.genblk1.genblk1.lut1.genblk1.genblk1.genblk1.genblk1.genblk1.genblk1.genblk1.lut1.genblk1.genblk1.genblk1.genblk1.genblk1.genblk1.lut0.genblk1.genblk1.genblk1.genblk1.genblk1.lut0 (4 -> 0)
  Optimizing lut $abc$5720$auto$blifparse.cc:525:parse_blif$5887.genblk1.genblk1.genblk1.genblk1.genblk1.genblk1.genblk1.genblk1.lut1.genblk1.genblk1.genblk1.genblk1.genblk1.genblk1.genblk1.lut1.genblk1.genblk1.genblk1.genblk1.genblk1.genblk1.lut1.genblk1.genblk1.genblk1.genblk1.genblk1.lut0 (4 -> 3)
  Optimizing lut $abc$5720$auto$blifparse.cc:525:parse_blif$5875.genblk1.genblk1.genblk1.genblk1.genblk1.genblk1.genblk1.genblk1.lut1.genblk1.genblk1.genblk1.genblk1.genblk1.genblk1.genblk1.lut0.genblk1.genblk1.genblk1.genblk1.genblk1.genblk1.lut0.genblk1.genblk1.genblk1.genblk1.genblk1.lut0 (4 -> 0)
  Optimizing lut $abc$5720$auto$blifparse.cc:525:parse_blif$5884.genblk1.genblk1.genblk1.genblk1.genblk1.genblk1.genblk1.genblk1.lut1.genblk1.genblk1.genblk1.genblk1.genblk1.genblk1.genblk1.lut0.genblk1.genblk1.genblk1.genblk1.genblk1.genblk1.lut0.genblk1.genblk1.genblk1.genblk1.genblk1.lut0 (4 -> 0)
  Optimizing lut $abc$5720$auto$blifparse.cc:525:parse_blif$5886.genblk1.genblk1.genblk1.genblk1.genblk1.genblk1.genblk1.lut1.genblk1.genblk1.genblk1.genblk1.genblk1.genblk1.lut1.genblk1.genblk1.genblk1.genblk1.genblk1.lut1 (4 -> 2)
  Optimizing lut $abc$5720$auto$blifparse.cc:525:parse_blif$5742.genblk1.genblk1.genblk1.genblk1.genblk1.genblk1.genblk1.genblk1.lut0.genblk1.genblk1.genblk1.genblk1.genblk1.genblk1.genblk1.lut0.genblk1.genblk1.genblk1.genblk1.genblk1.genblk1.lut1.genblk1.genblk1.genblk1.genblk1.genblk1.lut0 (4 -> 0)
  Optimizing lut $abc$5720$auto$blifparse.cc:525:parse_blif$5742.genblk1.genblk1.genblk1.genblk1.genblk1.genblk1.genblk1.genblk1.lut0.genblk1.genblk1.genblk1.genblk1.genblk1.genblk1.genblk1.lut1.genblk1.genblk1.genblk1.genblk1.genblk1.genblk1.lut0.genblk1.genblk1.genblk1.genblk1.genblk1.lut0 (4 -> 0)
  Optimizing lut $abc$5720$auto$blifparse.cc:525:parse_blif$5912.genblk1.genblk1.genblk1.genblk1.genblk1.genblk1.genblk1.genblk1.lut1.genblk1.genblk1.genblk1.genblk1.genblk1.genblk1.genblk1.lut0.genblk1.genblk1.genblk1.genblk1.genblk1.genblk1.lut0.genblk1.genblk1.genblk1.genblk1.genblk1.lut0 (4 -> 0)
  Optimizing lut $abc$5720$auto$blifparse.cc:525:parse_blif$5912.genblk1.genblk1.genblk1.genblk1.genblk1.genblk1.genblk1.genblk1.lut1.genblk1.genblk1.genblk1.genblk1.genblk1.genblk1.genblk1.lut0.genblk1.genblk1.genblk1.genblk1.genblk1.genblk1.lut1.genblk1.genblk1.genblk1.genblk1.genblk1.lut0 (4 -> 0)
  Optimizing lut $abc$5720$auto$blifparse.cc:525:parse_blif$5880.genblk1.genblk1.genblk1.genblk1.genblk1.genblk1.genblk1.lut0.genblk1.genblk1.genblk1.genblk1.genblk1.genblk1.lut1.genblk1.genblk1.genblk1.genblk1.genblk1.lut0 (4 -> 0)
  Optimizing lut $abc$5720$auto$blifparse.cc:525:parse_blif$5855.genblk1.genblk1.genblk1.genblk1.genblk1.genblk1.genblk1.genblk1.lut0.genblk1.genblk1.genblk1.genblk1.genblk1.genblk1.genblk1.lut1.genblk1.genblk1.genblk1.genblk1.genblk1.genblk1.lut1.genblk1.genblk1.genblk1.genblk1.genblk1.lut0 (4 -> 1)
  Optimizing lut $abc$5720$auto$blifparse.cc:525:parse_blif$5910.genblk1.genblk1.genblk1.genblk1.genblk1.genblk1.genblk1.genblk1.lut0.genblk1.genblk1.genblk1.genblk1.genblk1.genblk1.genblk1.lut0.genblk1.genblk1.genblk1.genblk1.genblk1.genblk1.lut1.genblk1.genblk1.genblk1.genblk1.genblk1.lut0 (4 -> 0)
  Optimizing lut $abc$5720$auto$blifparse.cc:525:parse_blif$5876.genblk1.genblk1.genblk1.genblk1.genblk1.genblk1.genblk1.lut0.genblk1.genblk1.genblk1.genblk1.genblk1.genblk1.lut1.genblk1.genblk1.genblk1.genblk1.genblk1.lut0 (4 -> 0)
  Optimizing lut $abc$5720$auto$blifparse.cc:525:parse_blif$5864.genblk1.genblk1.genblk1.genblk1.genblk1.genblk1.genblk1.genblk1.lut0.genblk1.genblk1.genblk1.genblk1.genblk1.genblk1.genblk1.lut1.genblk1.genblk1.genblk1.genblk1.genblk1.genblk1.lut1.genblk1.genblk1.genblk1.genblk1.genblk1.lut0 (4 -> 1)
  Optimizing lut $abc$5720$auto$blifparse.cc:525:parse_blif$5864.genblk1.genblk1.genblk1.genblk1.genblk1.genblk1.genblk1.genblk1.lut0.genblk1.genblk1.genblk1.genblk1.genblk1.genblk1.genblk1.lut1.genblk1.genblk1.genblk1.genblk1.genblk1.genblk1.lut0.genblk1.genblk1.genblk1.genblk1.genblk1.lut0 (4 -> 1)
  Optimizing lut $abc$5720$auto$blifparse.cc:525:parse_blif$5864.genblk1.genblk1.genblk1.genblk1.genblk1.genblk1.genblk1.genblk1.lut0.genblk1.genblk1.genblk1.genblk1.genblk1.genblk1.genblk1.lut0.genblk1.genblk1.genblk1.genblk1.genblk1.genblk1.lut1.genblk1.genblk1.genblk1.genblk1.genblk1.lut0 (4 -> 1)
  Optimizing lut $abc$5720$auto$blifparse.cc:525:parse_blif$5865.genblk1.genblk1.genblk1.genblk1.genblk1.genblk1.genblk1.lut1.genblk1.genblk1.genblk1.genblk1.genblk1.genblk1.lut0.genblk1.genblk1.genblk1.genblk1.genblk1.lut1 (4 -> 1)
  Optimizing lut $abc$5720$auto$blifparse.cc:525:parse_blif$5864.genblk1.genblk1.genblk1.genblk1.genblk1.genblk1.genblk1.genblk1.lut0.genblk1.genblk1.genblk1.genblk1.genblk1.genblk1.genblk1.lut0.genblk1.genblk1.genblk1.genblk1.genblk1.genblk1.lut0.genblk1.genblk1.genblk1.genblk1.genblk1.lut0 (4 -> 1)
  Optimizing lut $abc$5720$auto$blifparse.cc:525:parse_blif$5885.genblk1.genblk1.genblk1.genblk1.genblk1.genblk1.genblk1.genblk1.lut0.genblk1.genblk1.genblk1.genblk1.genblk1.genblk1.genblk1.lut0.genblk1.genblk1.genblk1.genblk1.genblk1.genblk1.lut0.genblk1.genblk1.genblk1.genblk1.genblk1.lut0 (4 -> 0)
  Optimizing lut $abc$5720$auto$blifparse.cc:525:parse_blif$5885.genblk1.genblk1.genblk1.genblk1.genblk1.genblk1.genblk1.genblk1.lut0.genblk1.genblk1.genblk1.genblk1.genblk1.genblk1.genblk1.lut0.genblk1.genblk1.genblk1.genblk1.genblk1.genblk1.lut1.genblk1.genblk1.genblk1.genblk1.genblk1.lut0 (4 -> 1)
  Optimizing lut $abc$5720$auto$blifparse.cc:525:parse_blif$5912.genblk1.genblk1.genblk1.genblk1.genblk1.genblk1.genblk1.genblk1.lut1.genblk1.genblk1.genblk1.genblk1.genblk1.genblk1.genblk1.lut1.genblk1.genblk1.genblk1.genblk1.genblk1.genblk1.lut1.genblk1.genblk1.genblk1.genblk1.genblk1.lut0 (4 -> 0)
  Optimizing lut $abc$5720$auto$blifparse.cc:525:parse_blif$5909.genblk1.genblk1.genblk1.genblk1.genblk1.genblk1.genblk1.genblk1.lut0.genblk1.genblk1.genblk1.genblk1.genblk1.genblk1.genblk1.lut1.genblk1.genblk1.genblk1.genblk1.genblk1.genblk1.lut0.genblk1.genblk1.genblk1.genblk1.genblk1.lut0 (4 -> 0)
  Optimizing lut $abc$5720$auto$blifparse.cc:525:parse_blif$5912.genblk1.genblk1.genblk1.genblk1.genblk1.genblk1.genblk1.genblk1.lut1.genblk1.genblk1.genblk1.genblk1.genblk1.genblk1.genblk1.lut1.genblk1.genblk1.genblk1.genblk1.genblk1.genblk1.lut0.genblk1.genblk1.genblk1.genblk1.genblk1.lut0 (4 -> 0)
  Optimizing lut $abc$5720$auto$blifparse.cc:525:parse_blif$5909.genblk1.genblk1.genblk1.genblk1.genblk1.genblk1.genblk1.genblk1.lut0.genblk1.genblk1.genblk1.genblk1.genblk1.genblk1.genblk1.lut1.genblk1.genblk1.genblk1.genblk1.genblk1.genblk1.lut1.genblk1.genblk1.genblk1.genblk1.genblk1.lut0 (4 -> 0)
  Optimizing lut $abc$5720$auto$blifparse.cc:525:parse_blif$5885.genblk1.genblk1.genblk1.genblk1.genblk1.genblk1.genblk1.genblk1.lut0.genblk1.genblk1.genblk1.genblk1.genblk1.genblk1.genblk1.lut1.genblk1.genblk1.genblk1.genblk1.genblk1.genblk1.lut1.genblk1.genblk1.genblk1.genblk1.genblk1.lut0 (4 -> 2)
  Optimizing lut $abc$5720$auto$blifparse.cc:525:parse_blif$5887.genblk1.genblk1.genblk1.genblk1.genblk1.genblk1.genblk1.genblk1.lut1.genblk1.genblk1.genblk1.genblk1.genblk1.genblk1.genblk1.lut0.genblk1.genblk1.genblk1.genblk1.genblk1.genblk1.lut0.genblk1.genblk1.genblk1.genblk1.genblk1.lut0 (4 -> 2)
  Optimizing lut $abc$5720$auto$blifparse.cc:525:parse_blif$5909.genblk1.genblk1.genblk1.genblk1.genblk1.genblk1.genblk1.genblk1.lut1.genblk1.genblk1.genblk1.genblk1.genblk1.genblk1.genblk1.lut0.genblk1.genblk1.genblk1.genblk1.genblk1.genblk1.lut1.genblk1.genblk1.genblk1.genblk1.genblk1.lut0 (4 -> 0)
  Optimizing lut $abc$5720$auto$blifparse.cc:525:parse_blif$5909.genblk1.genblk1.genblk1.genblk1.genblk1.genblk1.genblk1.genblk1.lut1.genblk1.genblk1.genblk1.genblk1.genblk1.genblk1.genblk1.lut0.genblk1.genblk1.genblk1.genblk1.genblk1.genblk1.lut0.genblk1.genblk1.genblk1.genblk1.genblk1.lut0 (4 -> 0)
  Optimizing lut $abc$5720$auto$blifparse.cc:525:parse_blif$5910.genblk1.genblk1.genblk1.genblk1.genblk1.genblk1.genblk1.genblk1.lut1.genblk1.genblk1.genblk1.genblk1.genblk1.genblk1.genblk1.lut1.genblk1.genblk1.genblk1.genblk1.genblk1.genblk1.lut1.genblk1.genblk1.genblk1.genblk1.genblk1.lut0 (4 -> 0)
  Optimizing lut $abc$5720$auto$blifparse.cc:525:parse_blif$5866.genblk1.genblk1.genblk1.genblk1.genblk1.genblk1.genblk1.lut0.genblk1.genblk1.genblk1.genblk1.genblk1.genblk1.lut0.genblk1.genblk1.genblk1.genblk1.genblk1.lut0 (4 -> 0)
  Optimizing lut $abc$5720$auto$blifparse.cc:525:parse_blif$5866.genblk1.genblk1.genblk1.genblk1.genblk1.genblk1.genblk1.lut1.genblk1.genblk1.genblk1.genblk1.genblk1.genblk1.lut1.genblk1.genblk1.genblk1.genblk1.genblk1.lut0 (4 -> 0)
  Optimizing lut $abc$5720$auto$blifparse.cc:525:parse_blif$5875.genblk1.genblk1.genblk1.genblk1.genblk1.genblk1.genblk1.genblk1.lut0.genblk1.genblk1.genblk1.genblk1.genblk1.genblk1.genblk1.lut1.genblk1.genblk1.genblk1.genblk1.genblk1.genblk1.lut0.genblk1.genblk1.genblk1.genblk1.genblk1.lut0 (4 -> 0)
  Optimizing lut $abc$5720$auto$blifparse.cc:525:parse_blif$5875.genblk1.genblk1.genblk1.genblk1.genblk1.genblk1.genblk1.genblk1.lut0.genblk1.genblk1.genblk1.genblk1.genblk1.genblk1.genblk1.lut1.genblk1.genblk1.genblk1.genblk1.genblk1.genblk1.lut1.genblk1.genblk1.genblk1.genblk1.genblk1.lut0 (4 -> 0)
  Optimizing lut $abc$5720$auto$blifparse.cc:525:parse_blif$5886.genblk1.genblk1.genblk1.genblk1.genblk1.genblk1.genblk1.lut0.genblk1.genblk1.genblk1.genblk1.genblk1.genblk1.lut0.genblk1.genblk1.genblk1.genblk1.genblk1.lut0 (4 -> 0)
  Optimizing lut $abc$5720$auto$blifparse.cc:525:parse_blif$5854.genblk1.genblk1.genblk1.genblk1.genblk1.genblk1.genblk1.genblk1.lut0.genblk1.genblk1.genblk1.genblk1.genblk1.genblk1.genblk1.lut0.genblk1.genblk1.genblk1.genblk1.genblk1.genblk1.lut1.genblk1.genblk1.genblk1.genblk1.genblk1.lut0 (4 -> 0)
  Optimizing lut $abc$5720$auto$blifparse.cc:525:parse_blif$5846.genblk1.genblk1.genblk1.genblk1.genblk1.genblk1.genblk1.lut1.genblk1.genblk1.genblk1.genblk1.genblk1.genblk1.lut1.genblk1.genblk1.genblk1.genblk1.genblk1.lut0 (4 -> 0)
  Optimizing lut $abc$5720$auto$blifparse.cc:525:parse_blif$5855.genblk1.genblk1.genblk1.genblk1.genblk1.genblk1.genblk1.genblk1.lut0.genblk1.genblk1.genblk1.genblk1.genblk1.genblk1.genblk1.lut0.genblk1.genblk1.genblk1.genblk1.genblk1.genblk1.lut0.genblk1.genblk1.genblk1.genblk1.genblk1.lut0 (4 -> 1)
  Optimizing lut $abc$5720$auto$blifparse.cc:525:parse_blif$5865.genblk1.genblk1.genblk1.genblk1.genblk1.genblk1.genblk1.lut1.genblk1.genblk1.genblk1.genblk1.genblk1.genblk1.lut1.genblk1.genblk1.genblk1.genblk1.genblk1.lut0 (4 -> 0)
  Optimizing lut $abc$5720$auto$blifparse.cc:525:parse_blif$5844.genblk1.genblk1.genblk1.genblk1.genblk1.genblk1.genblk1.lut1.genblk1.genblk1.genblk1.genblk1.genblk1.genblk1.lut1.genblk1.genblk1.genblk1.genblk1.genblk1.lut0 (4 -> 0)
  Optimizing lut $abc$5720$auto$blifparse.cc:525:parse_blif$5884.genblk1.genblk1.genblk1.genblk1.genblk1.genblk1.genblk1.genblk1.lut0.genblk1.genblk1.genblk1.genblk1.genblk1.genblk1.genblk1.lut1.genblk1.genblk1.genblk1.genblk1.genblk1.genblk1.lut1.genblk1.genblk1.genblk1.genblk1.genblk1.lut0 (4 -> 3)
  Optimizing lut $abc$5720$auto$blifparse.cc:525:parse_blif$5757.genblk1.genblk1.genblk1.genblk1.genblk1.genblk1.genblk1.lut0.genblk1.genblk1.genblk1.genblk1.genblk1.genblk1.lut0.genblk1.genblk1.genblk1.genblk1.genblk1.lut1 (4 -> 0)
  Optimizing lut $abc$5720$auto$blifparse.cc:525:parse_blif$5913.genblk1.genblk1.genblk1.genblk1.genblk1.genblk1.genblk1.genblk1.lut1.genblk1.genblk1.genblk1.genblk1.genblk1.genblk1.genblk1.lut0.genblk1.genblk1.genblk1.genblk1.genblk1.genblk1.lut1.genblk1.genblk1.genblk1.genblk1.genblk1.lut0 (4 -> 0)
  Optimizing lut $abc$5720$auto$blifparse.cc:525:parse_blif$5844.genblk1.genblk1.genblk1.genblk1.genblk1.genblk1.genblk1.lut0.genblk1.genblk1.genblk1.genblk1.genblk1.genblk1.lut0.genblk1.genblk1.genblk1.genblk1.genblk1.lut1 (4 -> 0)
  Optimizing lut $abc$5720$auto$blifparse.cc:525:parse_blif$5913.genblk1.genblk1.genblk1.genblk1.genblk1.genblk1.genblk1.genblk1.lut1.genblk1.genblk1.genblk1.genblk1.genblk1.genblk1.genblk1.lut0.genblk1.genblk1.genblk1.genblk1.genblk1.genblk1.lut0.genblk1.genblk1.genblk1.genblk1.genblk1.lut0 (4 -> 0)
  Optimizing lut $abc$5720$auto$blifparse.cc:525:parse_blif$5884.genblk1.genblk1.genblk1.genblk1.genblk1.genblk1.genblk1.genblk1.lut0.genblk1.genblk1.genblk1.genblk1.genblk1.genblk1.genblk1.lut0.genblk1.genblk1.genblk1.genblk1.genblk1.genblk1.lut1.genblk1.genblk1.genblk1.genblk1.genblk1.lut0 (4 -> 3)
  Optimizing lut $abc$5720$auto$blifparse.cc:525:parse_blif$5875.genblk1.genblk1.genblk1.genblk1.genblk1.genblk1.genblk1.genblk1.lut1.genblk1.genblk1.genblk1.genblk1.genblk1.genblk1.genblk1.lut1.genblk1.genblk1.genblk1.genblk1.genblk1.genblk1.lut0.genblk1.genblk1.genblk1.genblk1.genblk1.lut0 (4 -> 0)
  Optimizing lut $abc$5720$auto$blifparse.cc:525:parse_blif$5875.genblk1.genblk1.genblk1.genblk1.genblk1.genblk1.genblk1.genblk1.lut1.genblk1.genblk1.genblk1.genblk1.genblk1.genblk1.genblk1.lut1.genblk1.genblk1.genblk1.genblk1.genblk1.genblk1.lut1.genblk1.genblk1.genblk1.genblk1.genblk1.lut0 (4 -> 0)
  Optimizing lut $abc$5720$auto$blifparse.cc:525:parse_blif$5742.genblk1.genblk1.genblk1.genblk1.genblk1.genblk1.genblk1.genblk1.lut1.genblk1.genblk1.genblk1.genblk1.genblk1.genblk1.genblk1.lut1.genblk1.genblk1.genblk1.genblk1.genblk1.genblk1.lut1.genblk1.genblk1.genblk1.genblk1.genblk1.lut0 (4 -> 0)
  Optimizing lut $abc$5720$auto$blifparse.cc:525:parse_blif$5888.genblk1.genblk1.genblk1.genblk1.genblk1.genblk1.genblk1.lut0.genblk1.genblk1.genblk1.genblk1.genblk1.genblk1.lut0.genblk1.genblk1.genblk1.genblk1.genblk1.lut1 (4 -> 0)
  Optimizing lut $abc$5720$auto$blifparse.cc:525:parse_blif$5742.genblk1.genblk1.genblk1.genblk1.genblk1.genblk1.genblk1.genblk1.lut1.genblk1.genblk1.genblk1.genblk1.genblk1.genblk1.genblk1.lut0.genblk1.genblk1.genblk1.genblk1.genblk1.genblk1.lut1.genblk1.genblk1.genblk1.genblk1.genblk1.lut0 (4 -> 0)
  Optimizing lut $abc$5720$auto$blifparse.cc:525:parse_blif$5742.genblk1.genblk1.genblk1.genblk1.genblk1.genblk1.genblk1.genblk1.lut1.genblk1.genblk1.genblk1.genblk1.genblk1.genblk1.genblk1.lut0.genblk1.genblk1.genblk1.genblk1.genblk1.genblk1.lut0.genblk1.genblk1.genblk1.genblk1.genblk1.lut0 (4 -> 0)
  Optimizing lut $abc$5720$auto$blifparse.cc:525:parse_blif$5909.genblk1.genblk1.genblk1.genblk1.genblk1.genblk1.genblk1.genblk1.lut1.genblk1.genblk1.genblk1.genblk1.genblk1.genblk1.genblk1.lut1.genblk1.genblk1.genblk1.genblk1.genblk1.genblk1.lut0.genblk1.genblk1.genblk1.genblk1.genblk1.lut0 (4 -> 0)
  Optimizing lut $abc$5720$auto$blifparse.cc:525:parse_blif$5866.genblk1.genblk1.genblk1.genblk1.genblk1.genblk1.genblk1.lut0.genblk1.genblk1.genblk1.genblk1.genblk1.genblk1.lut1.genblk1.genblk1.genblk1.genblk1.genblk1.lut1 (4 -> 0)
  Optimizing lut $abc$5720$auto$blifparse.cc:525:parse_blif$5883.genblk1.genblk1.genblk1.genblk1.genblk1.genblk1.genblk1.lut1.genblk1.genblk1.genblk1.genblk1.genblk1.genblk1.lut1.genblk1.genblk1.genblk1.genblk1.genblk1.lut0 (4 -> 0)
  Optimizing lut $abc$5720$auto$blifparse.cc:525:parse_blif$5913.genblk1.genblk1.genblk1.genblk1.genblk1.genblk1.genblk1.genblk1.lut0.genblk1.genblk1.genblk1.genblk1.genblk1.genblk1.genblk1.lut1.genblk1.genblk1.genblk1.genblk1.genblk1.genblk1.lut1.genblk1.genblk1.genblk1.genblk1.genblk1.lut0 (4 -> 0)
  Optimizing lut $abc$5720$auto$blifparse.cc:525:parse_blif$5913.genblk1.genblk1.genblk1.genblk1.genblk1.genblk1.genblk1.genblk1.lut0.genblk1.genblk1.genblk1.genblk1.genblk1.genblk1.genblk1.lut1.genblk1.genblk1.genblk1.genblk1.genblk1.genblk1.lut0.genblk1.genblk1.genblk1.genblk1.genblk1.lut0 (4 -> 0)
  Optimizing lut $abc$5720$auto$blifparse.cc:525:parse_blif$5882.genblk1.genblk1.genblk1.genblk1.genblk1.genblk1.genblk1.genblk1.lut1.genblk1.genblk1.genblk1.genblk1.genblk1.genblk1.genblk1.lut0.genblk1.genblk1.genblk1.genblk1.genblk1.genblk1.lut1.genblk1.genblk1.genblk1.genblk1.genblk1.lut0 (4 -> 2)
  Optimizing lut $abc$5720$auto$blifparse.cc:525:parse_blif$5882.genblk1.genblk1.genblk1.genblk1.genblk1.genblk1.genblk1.genblk1.lut1.genblk1.genblk1.genblk1.genblk1.genblk1.genblk1.genblk1.lut0.genblk1.genblk1.genblk1.genblk1.genblk1.genblk1.lut0.genblk1.genblk1.genblk1.genblk1.genblk1.lut0 (4 -> 0)
  Optimizing lut $abc$5720$auto$blifparse.cc:525:parse_blif$5909.genblk1.genblk1.genblk1.genblk1.genblk1.genblk1.genblk1.genblk1.lut0.genblk1.genblk1.genblk1.genblk1.genblk1.genblk1.genblk1.lut0.genblk1.genblk1.genblk1.genblk1.genblk1.genblk1.lut1.genblk1.genblk1.genblk1.genblk1.genblk1.lut0 (4 -> 0)
  Optimizing lut $abc$5720$auto$blifparse.cc:525:parse_blif$5909.genblk1.genblk1.genblk1.genblk1.genblk1.genblk1.genblk1.genblk1.lut0.genblk1.genblk1.genblk1.genblk1.genblk1.genblk1.genblk1.lut0.genblk1.genblk1.genblk1.genblk1.genblk1.genblk1.lut0.genblk1.genblk1.genblk1.genblk1.genblk1.lut0 (4 -> 0)
  Optimizing lut $abc$5720$auto$blifparse.cc:525:parse_blif$5866.genblk1.genblk1.genblk1.genblk1.genblk1.genblk1.genblk1.lut0.genblk1.genblk1.genblk1.genblk1.genblk1.genblk1.lut1.genblk1.genblk1.genblk1.genblk1.genblk1.lut0 (4 -> 0)
  Optimizing lut $abc$5720$auto$blifparse.cc:525:parse_blif$5883.genblk1.genblk1.genblk1.genblk1.genblk1.genblk1.genblk1.lut0.genblk1.genblk1.genblk1.genblk1.genblk1.genblk1.lut0.genblk1.genblk1.genblk1.genblk1.genblk1.lut1 (4 -> 0)
  Optimizing lut $abc$5720$auto$blifparse.cc:525:parse_blif$5913.genblk1.genblk1.genblk1.genblk1.genblk1.genblk1.genblk1.genblk1.lut1.genblk1.genblk1.genblk1.genblk1.genblk1.genblk1.genblk1.lut1.genblk1.genblk1.genblk1.genblk1.genblk1.genblk1.lut1.genblk1.genblk1.genblk1.genblk1.genblk1.lut0 (4 -> 0)
  Optimizing lut $abc$5720$auto$blifparse.cc:525:parse_blif$5913.genblk1.genblk1.genblk1.genblk1.genblk1.genblk1.genblk1.genblk1.lut1.genblk1.genblk1.genblk1.genblk1.genblk1.genblk1.genblk1.lut1.genblk1.genblk1.genblk1.genblk1.genblk1.genblk1.lut0.genblk1.genblk1.genblk1.genblk1.genblk1.lut0 (4 -> 0)
  Optimizing lut $abc$5720$auto$blifparse.cc:525:parse_blif$5913.genblk1.genblk1.genblk1.genblk1.genblk1.genblk1.genblk1.genblk1.lut0.genblk1.genblk1.genblk1.genblk1.genblk1.genblk1.genblk1.lut0.genblk1.genblk1.genblk1.genblk1.genblk1.genblk1.lut1.genblk1.genblk1.genblk1.genblk1.genblk1.lut0 (4 -> 0)
  Optimizing lut $abc$5720$auto$blifparse.cc:525:parse_blif$5913.genblk1.genblk1.genblk1.genblk1.genblk1.genblk1.genblk1.genblk1.lut0.genblk1.genblk1.genblk1.genblk1.genblk1.genblk1.genblk1.lut0.genblk1.genblk1.genblk1.genblk1.genblk1.genblk1.lut0.genblk1.genblk1.genblk1.genblk1.genblk1.lut0 (4 -> 0)
  Optimizing lut $abc$5720$auto$blifparse.cc:525:parse_blif$5907.genblk1.genblk1.genblk1.genblk1.genblk1.genblk1.genblk1.genblk1.lut0.genblk1.genblk1.genblk1.genblk1.genblk1.genblk1.genblk1.lut1.genblk1.genblk1.genblk1.genblk1.genblk1.genblk1.lut1.genblk1.genblk1.genblk1.genblk1.genblk1.lut0 (4 -> 0)
  Optimizing lut $abc$5720$auto$blifparse.cc:525:parse_blif$5907.genblk1.genblk1.genblk1.genblk1.genblk1.genblk1.genblk1.genblk1.lut0.genblk1.genblk1.genblk1.genblk1.genblk1.genblk1.genblk1.lut1.genblk1.genblk1.genblk1.genblk1.genblk1.genblk1.lut0.genblk1.genblk1.genblk1.genblk1.genblk1.lut0 (4 -> 0)
  Optimizing lut $abc$5720$auto$blifparse.cc:525:parse_blif$5874.genblk1.genblk1.genblk1.genblk1.genblk1.genblk1.genblk1.genblk1.lut1.genblk1.genblk1.genblk1.genblk1.genblk1.genblk1.genblk1.lut1.genblk1.genblk1.genblk1.genblk1.genblk1.genblk1.lut0.genblk1.genblk1.genblk1.genblk1.genblk1.lut0 (4 -> 0)
  Optimizing lut $abc$5720$auto$blifparse.cc:525:parse_blif$5843.genblk1.genblk1.genblk1.genblk1.genblk1.genblk1.genblk1.lut1.genblk1.genblk1.genblk1.genblk1.genblk1.genblk1.lut1.genblk1.genblk1.genblk1.genblk1.genblk1.lut1 (4 -> 0)
  Optimizing lut $abc$5720$auto$blifparse.cc:525:parse_blif$5887.genblk1.genblk1.genblk1.genblk1.genblk1.genblk1.genblk1.genblk1.lut0.genblk1.genblk1.genblk1.genblk1.genblk1.genblk1.genblk1.lut0.genblk1.genblk1.genblk1.genblk1.genblk1.genblk1.lut1.genblk1.genblk1.genblk1.genblk1.genblk1.lut0 (4 -> 0)
  Optimizing lut $abc$5720$auto$blifparse.cc:525:parse_blif$5920.genblk1.genblk1.genblk1.genblk1.genblk1.genblk1.genblk1.lut0.genblk1.genblk1.genblk1.genblk1.genblk1.genblk1.lut1.genblk1.genblk1.genblk1.genblk1.genblk1.lut1 (4 -> 0)
  Optimizing lut $abc$5720$auto$blifparse.cc:525:parse_blif$5910.genblk1.genblk1.genblk1.genblk1.genblk1.genblk1.genblk1.genblk1.lut1.genblk1.genblk1.genblk1.genblk1.genblk1.genblk1.genblk1.lut1.genblk1.genblk1.genblk1.genblk1.genblk1.genblk1.lut0.genblk1.genblk1.genblk1.genblk1.genblk1.lut0 (4 -> 0)
  Optimizing lut $abc$5720$auto$blifparse.cc:525:parse_blif$5857.genblk1.genblk1.genblk1.genblk1.genblk1.genblk1.genblk1.lut1.genblk1.genblk1.genblk1.genblk1.genblk1.genblk1.lut1.genblk1.genblk1.genblk1.genblk1.genblk1.lut1 (4 -> 0)
  Optimizing lut $abc$5720$auto$blifparse.cc:525:parse_blif$5854.genblk1.genblk1.genblk1.genblk1.genblk1.genblk1.genblk1.genblk1.lut0.genblk1.genblk1.genblk1.genblk1.genblk1.genblk1.genblk1.lut1.genblk1.genblk1.genblk1.genblk1.genblk1.genblk1.lut0.genblk1.genblk1.genblk1.genblk1.genblk1.lut0 (4 -> 1)
  Optimizing lut $abc$5720$auto$blifparse.cc:525:parse_blif$5742.genblk1.genblk1.genblk1.genblk1.genblk1.genblk1.genblk1.genblk1.lut0.genblk1.genblk1.genblk1.genblk1.genblk1.genblk1.genblk1.lut0.genblk1.genblk1.genblk1.genblk1.genblk1.genblk1.lut0.genblk1.genblk1.genblk1.genblk1.genblk1.lut0 (4 -> 0)
  Optimizing lut $abc$5720$auto$blifparse.cc:525:parse_blif$5857.genblk1.genblk1.genblk1.genblk1.genblk1.genblk1.genblk1.lut0.genblk1.genblk1.genblk1.genblk1.genblk1.genblk1.lut1.genblk1.genblk1.genblk1.genblk1.genblk1.lut1 (4 -> 0)
  Optimizing lut $abc$5720$auto$blifparse.cc:525:parse_blif$5920.genblk1.genblk1.genblk1.genblk1.genblk1.genblk1.genblk1.lut1.genblk1.genblk1.genblk1.genblk1.genblk1.genblk1.lut1.genblk1.genblk1.genblk1.genblk1.genblk1.lut0 (4 -> 0)
  Optimizing lut $abc$5720$auto$blifparse.cc:525:parse_blif$5854.genblk1.genblk1.genblk1.genblk1.genblk1.genblk1.genblk1.genblk1.lut1.genblk1.genblk1.genblk1.genblk1.genblk1.genblk1.genblk1.lut0.genblk1.genblk1.genblk1.genblk1.genblk1.genblk1.lut0.genblk1.genblk1.genblk1.genblk1.genblk1.lut0 (4 -> 1)
  Optimizing lut $abc$5720$auto$blifparse.cc:525:parse_blif$5854.genblk1.genblk1.genblk1.genblk1.genblk1.genblk1.genblk1.genblk1.lut0.genblk1.genblk1.genblk1.genblk1.genblk1.genblk1.genblk1.lut0.genblk1.genblk1.genblk1.genblk1.genblk1.genblk1.lut0.genblk1.genblk1.genblk1.genblk1.genblk1.lut0 (4 -> 2)
  Optimizing lut $abc$5720$auto$blifparse.cc:525:parse_blif$5880.genblk1.genblk1.genblk1.genblk1.genblk1.genblk1.genblk1.lut1.genblk1.genblk1.genblk1.genblk1.genblk1.genblk1.lut1.genblk1.genblk1.genblk1.genblk1.genblk1.lut1 (4 -> 0)
  Optimizing lut $abc$5720$auto$blifparse.cc:525:parse_blif$5757.genblk1.genblk1.genblk1.genblk1.genblk1.genblk1.genblk1.lut1.genblk1.genblk1.genblk1.genblk1.genblk1.genblk1.lut1.genblk1.genblk1.genblk1.genblk1.genblk1.lut1 (4 -> 0)
  Optimizing lut $abc$5720$auto$blifparse.cc:525:parse_blif$5757.genblk1.genblk1.genblk1.genblk1.genblk1.genblk1.genblk1.lut1.genblk1.genblk1.genblk1.genblk1.genblk1.genblk1.lut1.genblk1.genblk1.genblk1.genblk1.genblk1.lut0 (4 -> 0)
  Optimizing lut $abc$5720$auto$blifparse.cc:525:parse_blif$5856.genblk1.genblk1.genblk1.genblk1.genblk1.genblk1.genblk1.lut0.genblk1.genblk1.genblk1.genblk1.genblk1.genblk1.lut1.genblk1.genblk1.genblk1.genblk1.genblk1.lut1 (4 -> 0)
  Optimizing lut $abc$5720$auto$blifparse.cc:525:parse_blif$5865.genblk1.genblk1.genblk1.genblk1.genblk1.genblk1.genblk1.lut0.genblk1.genblk1.genblk1.genblk1.genblk1.genblk1.lut0.genblk1.genblk1.genblk1.genblk1.genblk1.lut0 (4 -> 0)
  Optimizing lut $abc$5720$auto$blifparse.cc:525:parse_blif$5865.genblk1.genblk1.genblk1.genblk1.genblk1.genblk1.genblk1.lut0.genblk1.genblk1.genblk1.genblk1.genblk1.genblk1.lut1.genblk1.genblk1.genblk1.genblk1.genblk1.lut0 (4 -> 0)
  Optimizing lut $abc$5720$auto$blifparse.cc:525:parse_blif$5874.genblk1.genblk1.genblk1.genblk1.genblk1.genblk1.genblk1.genblk1.lut0.genblk1.genblk1.genblk1.genblk1.genblk1.genblk1.genblk1.lut0.genblk1.genblk1.genblk1.genblk1.genblk1.genblk1.lut0.genblk1.genblk1.genblk1.genblk1.genblk1.lut0 (4 -> 1)
  Optimizing lut $abc$5720$auto$blifparse.cc:525:parse_blif$5745.genblk1.genblk1.genblk1.genblk1.genblk1.genblk1.genblk1.lut1.genblk1.genblk1.genblk1.genblk1.genblk1.genblk1.lut1.genblk1.genblk1.genblk1.genblk1.genblk1.lut0 (4 -> 3)
  Optimizing lut $abc$5720$auto$blifparse.cc:525:parse_blif$5846.genblk1.genblk1.genblk1.genblk1.genblk1.genblk1.genblk1.lut0.genblk1.genblk1.genblk1.genblk1.genblk1.genblk1.lut1.genblk1.genblk1.genblk1.genblk1.genblk1.lut1 (4 -> 0)
  Optimizing lut $abc$5720$auto$blifparse.cc:525:parse_blif$5856.genblk1.genblk1.genblk1.genblk1.genblk1.genblk1.genblk1.lut0.genblk1.genblk1.genblk1.genblk1.genblk1.genblk1.lut0.genblk1.genblk1.genblk1.genblk1.genblk1.lut0 (4 -> 0)
  Optimizing lut $abc$5720$auto$blifparse.cc:525:parse_blif$5849.genblk1.genblk1.genblk1.genblk1.genblk1.genblk1.lut1.genblk1.genblk1.genblk1.genblk1.genblk1.lut1 (4 -> 0)
  Optimizing lut $abc$5720$auto$blifparse.cc:525:parse_blif$5880.genblk1.genblk1.genblk1.genblk1.genblk1.genblk1.genblk1.lut1.genblk1.genblk1.genblk1.genblk1.genblk1.genblk1.lut1.genblk1.genblk1.genblk1.genblk1.genblk1.lut0 (4 -> 3)
  Optimizing lut $abc$5720$auto$blifparse.cc:525:parse_blif$5857.genblk1.genblk1.genblk1.genblk1.genblk1.genblk1.genblk1.lut1.genblk1.genblk1.genblk1.genblk1.genblk1.genblk1.lut0.genblk1.genblk1.genblk1.genblk1.genblk1.lut0 (4 -> 1)
  Optimizing lut $abc$5720$auto$blifparse.cc:525:parse_blif$5843.genblk1.genblk1.genblk1.genblk1.genblk1.genblk1.genblk1.lut1.genblk1.genblk1.genblk1.genblk1.genblk1.genblk1.lut0.genblk1.genblk1.genblk1.genblk1.genblk1.lut0 (4 -> 0)
  Optimizing lut $abc$5720$auto$blifparse.cc:525:parse_blif$5757.genblk1.genblk1.genblk1.genblk1.genblk1.genblk1.genblk1.lut0.genblk1.genblk1.genblk1.genblk1.genblk1.genblk1.lut1.genblk1.genblk1.genblk1.genblk1.genblk1.lut0 (4 -> 0)
  Optimizing lut $abc$5720$auto$blifparse.cc:525:parse_blif$5890.genblk1.genblk1.genblk1.genblk1.genblk1.genblk1.lut1.genblk1.genblk1.genblk1.genblk1.genblk1.lut0 (4 -> 3)
  Optimizing lut $abc$5720$auto$blifparse.cc:525:parse_blif$5855.genblk1.genblk1.genblk1.genblk1.genblk1.genblk1.genblk1.genblk1.lut1.genblk1.genblk1.genblk1.genblk1.genblk1.genblk1.genblk1.lut0.genblk1.genblk1.genblk1.genblk1.genblk1.genblk1.lut1.genblk1.genblk1.genblk1.genblk1.genblk1.lut1 (4 -> 1)
  Optimizing lut $abc$5720$auto$blifparse.cc:525:parse_blif$5855.genblk1.genblk1.genblk1.genblk1.genblk1.genblk1.genblk1.genblk1.lut1.genblk1.genblk1.genblk1.genblk1.genblk1.genblk1.genblk1.lut1.genblk1.genblk1.genblk1.genblk1.genblk1.genblk1.lut1.genblk1.genblk1.genblk1.genblk1.genblk1.lut1 (4 -> 1)
  Optimizing lut $abc$5720$auto$blifparse.cc:525:parse_blif$5883.genblk1.genblk1.genblk1.genblk1.genblk1.genblk1.genblk1.lut1.genblk1.genblk1.genblk1.genblk1.genblk1.genblk1.lut0.genblk1.genblk1.genblk1.genblk1.genblk1.lut1 (4 -> 0)
  Optimizing lut $abc$5720$auto$blifparse.cc:525:parse_blif$5855.genblk1.genblk1.genblk1.genblk1.genblk1.genblk1.genblk1.genblk1.lut1.genblk1.genblk1.genblk1.genblk1.genblk1.genblk1.genblk1.lut1.genblk1.genblk1.genblk1.genblk1.genblk1.genblk1.lut1.genblk1.genblk1.genblk1.genblk1.genblk1.lut0 (4 -> 1)
  Optimizing lut $abc$5720$auto$blifparse.cc:525:parse_blif$5924.genblk1.genblk1.genblk1.genblk1.genblk1.genblk1.lut1.genblk1.genblk1.genblk1.genblk1.genblk1.lut1 (4 -> 0)
  Optimizing lut $abc$5720$auto$blifparse.cc:525:parse_blif$5920.genblk1.genblk1.genblk1.genblk1.genblk1.genblk1.genblk1.lut0.genblk1.genblk1.genblk1.genblk1.genblk1.genblk1.lut0.genblk1.genblk1.genblk1.genblk1.genblk1.lut1 (4 -> 0)
  Optimizing lut $abc$5720$auto$blifparse.cc:525:parse_blif$5854.genblk1.genblk1.genblk1.genblk1.genblk1.genblk1.genblk1.genblk1.lut0.genblk1.genblk1.genblk1.genblk1.genblk1.genblk1.genblk1.lut1.genblk1.genblk1.genblk1.genblk1.genblk1.genblk1.lut1.genblk1.genblk1.genblk1.genblk1.genblk1.lut0 (4 -> 1)
  Optimizing lut $abc$5720$auto$blifparse.cc:525:parse_blif$5847.genblk1.genblk1.genblk1.genblk1.genblk1.genblk1.lut0.genblk1.genblk1.genblk1.genblk1.genblk1.lut0 (4 -> 0)
  Optimizing lut $abc$5720$auto$blifparse.cc:525:parse_blif$5913.genblk1.genblk1.genblk1.genblk1.genblk1.genblk1.genblk1.genblk1.lut0.genblk1.genblk1.genblk1.genblk1.genblk1.genblk1.genblk1.lut0.genblk1.genblk1.genblk1.genblk1.genblk1.genblk1.lut1.genblk1.genblk1.genblk1.genblk1.genblk1.lut1 (4 -> 0)
  Optimizing lut $abc$5720$auto$blifparse.cc:525:parse_blif$5744.genblk1.genblk1.genblk1.genblk1.genblk1.genblk1.lut0.genblk1.genblk1.genblk1.genblk1.genblk1.lut1 (4 -> 3)
  Optimizing lut $abc$5720$auto$blifparse.cc:525:parse_blif$5883.genblk1.genblk1.genblk1.genblk1.genblk1.genblk1.genblk1.lut0.genblk1.genblk1.genblk1.genblk1.genblk1.genblk1.lut0.genblk1.genblk1.genblk1.genblk1.genblk1.lut0 (4 -> 0)
  Optimizing lut $abc$5720$auto$blifparse.cc:525:parse_blif$5927.genblk1.genblk1.genblk1.genblk1.genblk1.genblk1.lut1.genblk1.genblk1.genblk1.genblk1.genblk1.lut0 (4 -> 1)
  Optimizing lut $abc$5720$auto$blifparse.cc:525:parse_blif$5888.genblk1.genblk1.genblk1.genblk1.genblk1.genblk1.genblk1.lut0.genblk1.genblk1.genblk1.genblk1.genblk1.genblk1.lut0.genblk1.genblk1.genblk1.genblk1.genblk1.lut0 (4 -> 0)
  Optimizing lut $abc$5720$auto$blifparse.cc:525:parse_blif$5844.genblk1.genblk1.genblk1.genblk1.genblk1.genblk1.genblk1.lut0.genblk1.genblk1.genblk1.genblk1.genblk1.genblk1.lut1.genblk1.genblk1.genblk1.genblk1.genblk1.lut0 (4 -> 0)
  Optimizing lut $abc$5720$auto$blifparse.cc:525:parse_blif$5844.genblk1.genblk1.genblk1.genblk1.genblk1.genblk1.genblk1.lut0.genblk1.genblk1.genblk1.genblk1.genblk1.genblk1.lut0.genblk1.genblk1.genblk1.genblk1.genblk1.lut0 (4 -> 0)
  Optimizing lut $abc$5720$auto$blifparse.cc:525:parse_blif$5875.genblk1.genblk1.genblk1.genblk1.genblk1.genblk1.genblk1.genblk1.lut1.genblk1.genblk1.genblk1.genblk1.genblk1.genblk1.genblk1.lut1.genblk1.genblk1.genblk1.genblk1.genblk1.genblk1.lut1.genblk1.genblk1.genblk1.genblk1.genblk1.lut1 (4 -> 0)
  Optimizing lut $abc$5720$auto$blifparse.cc:525:parse_blif$5866.genblk1.genblk1.genblk1.genblk1.genblk1.genblk1.genblk1.lut1.genblk1.genblk1.genblk1.genblk1.genblk1.genblk1.lut0.genblk1.genblk1.genblk1.genblk1.genblk1.lut0 (4 -> 0)
  Optimizing lut $abc$5720$auto$blifparse.cc:525:parse_blif$5854.genblk1.genblk1.genblk1.genblk1.genblk1.genblk1.genblk1.genblk1.lut0.genblk1.genblk1.genblk1.genblk1.genblk1.genblk1.genblk1.lut1.genblk1.genblk1.genblk1.genblk1.genblk1.genblk1.lut1.genblk1.genblk1.genblk1.genblk1.genblk1.lut1 (4 -> 0)
  Optimizing lut $abc$5720$auto$blifparse.cc:525:parse_blif$5877.genblk1.genblk1.genblk1.genblk1.genblk1.genblk1.genblk1.lut0.genblk1.genblk1.genblk1.genblk1.genblk1.genblk1.lut0.genblk1.genblk1.genblk1.genblk1.genblk1.lut1 (4 -> 0)
  Optimizing lut $abc$5720$auto$blifparse.cc:525:parse_blif$5854.genblk1.genblk1.genblk1.genblk1.genblk1.genblk1.genblk1.genblk1.lut0.genblk1.genblk1.genblk1.genblk1.genblk1.genblk1.genblk1.lut0.genblk1.genblk1.genblk1.genblk1.genblk1.genblk1.lut1.genblk1.genblk1.genblk1.genblk1.genblk1.lut1 (4 -> 0)
  Optimizing lut $abc$5720$auto$blifparse.cc:525:parse_blif$5889.genblk1.genblk1.genblk1.genblk1.genblk1.genblk1.lut0.genblk1.genblk1.genblk1.genblk1.genblk1.lut0 (4 -> 0)
  Optimizing lut $abc$5720$auto$blifparse.cc:525:parse_blif$5864.genblk1.genblk1.genblk1.genblk1.genblk1.genblk1.genblk1.genblk1.lut0.genblk1.genblk1.genblk1.genblk1.genblk1.genblk1.genblk1.lut0.genblk1.genblk1.genblk1.genblk1.genblk1.genblk1.lut1.genblk1.genblk1.genblk1.genblk1.genblk1.lut1 (4 -> 1)
  Optimizing lut $abc$5720$auto$blifparse.cc:525:parse_blif$5905.genblk1.genblk1.genblk1.genblk1.genblk1.genblk1.lut0.genblk1.genblk1.genblk1.genblk1.genblk1.lut0 (4 -> 0)
  Optimizing lut $abc$5720$auto$blifparse.cc:525:parse_blif$5910.genblk1.genblk1.genblk1.genblk1.genblk1.genblk1.genblk1.genblk1.lut0.genblk1.genblk1.genblk1.genblk1.genblk1.genblk1.genblk1.lut0.genblk1.genblk1.genblk1.genblk1.genblk1.genblk1.lut1.genblk1.genblk1.genblk1.genblk1.genblk1.lut1 (4 -> 0)
  Optimizing lut $abc$5720$auto$blifparse.cc:525:parse_blif$5887.genblk1.genblk1.genblk1.genblk1.genblk1.genblk1.genblk1.genblk1.lut0.genblk1.genblk1.genblk1.genblk1.genblk1.genblk1.genblk1.lut0.genblk1.genblk1.genblk1.genblk1.genblk1.genblk1.lut1.genblk1.genblk1.genblk1.genblk1.genblk1.lut1 (4 -> 0)
  Optimizing lut $abc$5720$auto$blifparse.cc:525:parse_blif$5887.genblk1.genblk1.genblk1.genblk1.genblk1.genblk1.genblk1.genblk1.lut0.genblk1.genblk1.genblk1.genblk1.genblk1.genblk1.genblk1.lut1.genblk1.genblk1.genblk1.genblk1.genblk1.genblk1.lut1.genblk1.genblk1.genblk1.genblk1.genblk1.lut1 (4 -> 3)
  Optimizing lut $abc$5720$auto$blifparse.cc:525:parse_blif$5903.genblk1.genblk1.genblk1.genblk1.genblk1.genblk1.lut1.genblk1.genblk1.genblk1.genblk1.genblk1.lut1 (4 -> 0)
  Optimizing lut $abc$5720$auto$blifparse.cc:525:parse_blif$5910.genblk1.genblk1.genblk1.genblk1.genblk1.genblk1.genblk1.genblk1.lut0.genblk1.genblk1.genblk1.genblk1.genblk1.genblk1.genblk1.lut1.genblk1.genblk1.genblk1.genblk1.genblk1.genblk1.lut1.genblk1.genblk1.genblk1.genblk1.genblk1.lut1 (4 -> 0)
  Optimizing lut $abc$5720$auto$blifparse.cc:525:parse_blif$5907.genblk1.genblk1.genblk1.genblk1.genblk1.genblk1.genblk1.genblk1.lut0.genblk1.genblk1.genblk1.genblk1.genblk1.genblk1.genblk1.lut0.genblk1.genblk1.genblk1.genblk1.genblk1.genblk1.lut1.genblk1.genblk1.genblk1.genblk1.genblk1.lut1 (4 -> 0)
  Optimizing lut $abc$5720$auto$blifparse.cc:525:parse_blif$5869.genblk1.genblk1.genblk1.genblk1.genblk1.genblk1.lut1.genblk1.genblk1.genblk1.genblk1.genblk1.lut0 (4 -> 0)
  Optimizing lut $abc$5720$auto$blifparse.cc:525:parse_blif$5869.genblk1.genblk1.genblk1.genblk1.genblk1.genblk1.lut1.genblk1.genblk1.genblk1.genblk1.genblk1.lut1 (4 -> 0)
  Optimizing lut $abc$5720$auto$blifparse.cc:525:parse_blif$5885.genblk1.genblk1.genblk1.genblk1.genblk1.genblk1.genblk1.genblk1.lut1.genblk1.genblk1.genblk1.genblk1.genblk1.genblk1.genblk1.lut1.genblk1.genblk1.genblk1.genblk1.genblk1.genblk1.lut0.genblk1.genblk1.genblk1.genblk1.genblk1.lut0 (4 -> 3)
  Optimizing lut $abc$5720$auto$blifparse.cc:525:parse_blif$5907.genblk1.genblk1.genblk1.genblk1.genblk1.genblk1.genblk1.genblk1.lut1.genblk1.genblk1.genblk1.genblk1.genblk1.genblk1.genblk1.lut1.genblk1.genblk1.genblk1.genblk1.genblk1.genblk1.lut1.genblk1.genblk1.genblk1.genblk1.genblk1.lut0 (4 -> 0)
  Optimizing lut $abc$5720$auto$blifparse.cc:525:parse_blif$5885.genblk1.genblk1.genblk1.genblk1.genblk1.genblk1.genblk1.genblk1.lut0.genblk1.genblk1.genblk1.genblk1.genblk1.genblk1.genblk1.lut0.genblk1.genblk1.genblk1.genblk1.genblk1.genblk1.lut1.genblk1.genblk1.genblk1.genblk1.genblk1.lut1 (4 -> 1)
  Optimizing lut $abc$5720$auto$blifparse.cc:525:parse_blif$5909.genblk1.genblk1.genblk1.genblk1.genblk1.genblk1.genblk1.genblk1.lut0.genblk1.genblk1.genblk1.genblk1.genblk1.genblk1.genblk1.lut1.genblk1.genblk1.genblk1.genblk1.genblk1.genblk1.lut1.genblk1.genblk1.genblk1.genblk1.genblk1.lut1 (4 -> 0)
  Optimizing lut $abc$5720$auto$blifparse.cc:525:parse_blif$5913.genblk1.genblk1.genblk1.genblk1.genblk1.genblk1.genblk1.genblk1.lut0.genblk1.genblk1.genblk1.genblk1.genblk1.genblk1.genblk1.lut1.genblk1.genblk1.genblk1.genblk1.genblk1.genblk1.lut1.genblk1.genblk1.genblk1.genblk1.genblk1.lut1 (4 -> 0)
  Optimizing lut $abc$5720$auto$blifparse.cc:525:parse_blif$5912.genblk1.genblk1.genblk1.genblk1.genblk1.genblk1.genblk1.genblk1.lut0.genblk1.genblk1.genblk1.genblk1.genblk1.genblk1.genblk1.lut1.genblk1.genblk1.genblk1.genblk1.genblk1.genblk1.lut1.genblk1.genblk1.genblk1.genblk1.genblk1.lut1 (4 -> 0)
  Optimizing lut $abc$5720$auto$blifparse.cc:525:parse_blif$5912.genblk1.genblk1.genblk1.genblk1.genblk1.genblk1.genblk1.genblk1.lut0.genblk1.genblk1.genblk1.genblk1.genblk1.genblk1.genblk1.lut0.genblk1.genblk1.genblk1.genblk1.genblk1.genblk1.lut1.genblk1.genblk1.genblk1.genblk1.genblk1.lut1 (4 -> 0)
  Optimizing lut $abc$5720$auto$blifparse.cc:525:parse_blif$5903.genblk1.genblk1.genblk1.genblk1.genblk1.genblk1.lut1.genblk1.genblk1.genblk1.genblk1.genblk1.lut0 (4 -> 0)
  Optimizing lut $abc$5720$auto$blifparse.cc:525:parse_blif$5882.genblk1.genblk1.genblk1.genblk1.genblk1.genblk1.genblk1.genblk1.lut0.genblk1.genblk1.genblk1.genblk1.genblk1.genblk1.genblk1.lut1.genblk1.genblk1.genblk1.genblk1.genblk1.genblk1.lut1.genblk1.genblk1.genblk1.genblk1.genblk1.lut1 (4 -> 2)
  Optimizing lut $abc$5720$auto$blifparse.cc:525:parse_blif$5884.genblk1.genblk1.genblk1.genblk1.genblk1.genblk1.genblk1.genblk1.lut1.genblk1.genblk1.genblk1.genblk1.genblk1.genblk1.genblk1.lut0.genblk1.genblk1.genblk1.genblk1.genblk1.genblk1.lut1.genblk1.genblk1.genblk1.genblk1.genblk1.lut1 (4 -> 0)
  Optimizing lut $abc$5720$auto$blifparse.cc:525:parse_blif$5910.genblk1.genblk1.genblk1.genblk1.genblk1.genblk1.genblk1.genblk1.lut0.genblk1.genblk1.genblk1.genblk1.genblk1.genblk1.genblk1.lut1.genblk1.genblk1.genblk1.genblk1.genblk1.genblk1.lut1.genblk1.genblk1.genblk1.genblk1.genblk1.lut0 (4 -> 0)
  Optimizing lut $abc$5720$auto$blifparse.cc:525:parse_blif$5910.genblk1.genblk1.genblk1.genblk1.genblk1.genblk1.genblk1.genblk1.lut0.genblk1.genblk1.genblk1.genblk1.genblk1.genblk1.genblk1.lut0.genblk1.genblk1.genblk1.genblk1.genblk1.genblk1.lut0.genblk1.genblk1.genblk1.genblk1.genblk1.lut0 (4 -> 0)
  Optimizing lut $abc$5720$auto$blifparse.cc:525:parse_blif$5849.genblk1.genblk1.genblk1.genblk1.genblk1.genblk1.lut0.genblk1.genblk1.genblk1.genblk1.genblk1.lut0 (4 -> 0)
  Optimizing lut $abc$5720$auto$blifparse.cc:525:parse_blif$5864.genblk1.genblk1.genblk1.genblk1.genblk1.genblk1.genblk1.genblk1.lut1.genblk1.genblk1.genblk1.genblk1.genblk1.genblk1.genblk1.lut0.genblk1.genblk1.genblk1.genblk1.genblk1.genblk1.lut1.genblk1.genblk1.genblk1.genblk1.genblk1.lut1 (4 -> 1)
  Optimizing lut $abc$5720$auto$blifparse.cc:525:parse_blif$5864.genblk1.genblk1.genblk1.genblk1.genblk1.genblk1.genblk1.genblk1.lut1.genblk1.genblk1.genblk1.genblk1.genblk1.genblk1.genblk1.lut1.genblk1.genblk1.genblk1.genblk1.genblk1.genblk1.lut1.genblk1.genblk1.genblk1.genblk1.genblk1.lut1 (4 -> 1)
  Optimizing lut $abc$5720$auto$blifparse.cc:525:parse_blif$5927.genblk1.genblk1.genblk1.genblk1.genblk1.genblk1.lut0.genblk1.genblk1.genblk1.genblk1.genblk1.lut0 (4 -> 3)
  Optimizing lut $abc$5720$auto$blifparse.cc:525:parse_blif$5901.genblk1.genblk1.genblk1.genblk1.genblk1.genblk1.lut1.genblk1.genblk1.genblk1.genblk1.genblk1.lut0 (4 -> 0)
  Optimizing lut $abc$5720$auto$blifparse.cc:525:parse_blif$5874.genblk1.genblk1.genblk1.genblk1.genblk1.genblk1.genblk1.genblk1.lut1.genblk1.genblk1.genblk1.genblk1.genblk1.genblk1.genblk1.lut0.genblk1.genblk1.genblk1.genblk1.genblk1.genblk1.lut1.genblk1.genblk1.genblk1.genblk1.genblk1.lut1 (4 -> 0)
  Optimizing lut $abc$5720$auto$blifparse.cc:525:parse_blif$5874.genblk1.genblk1.genblk1.genblk1.genblk1.genblk1.genblk1.genblk1.lut1.genblk1.genblk1.genblk1.genblk1.genblk1.genblk1.genblk1.lut1.genblk1.genblk1.genblk1.genblk1.genblk1.genblk1.lut1.genblk1.genblk1.genblk1.genblk1.genblk1.lut1 (4 -> 0)
  Optimizing lut $abc$5720$auto$blifparse.cc:525:parse_blif$5874.genblk1.genblk1.genblk1.genblk1.genblk1.genblk1.genblk1.genblk1.lut0.genblk1.genblk1.genblk1.genblk1.genblk1.genblk1.genblk1.lut1.genblk1.genblk1.genblk1.genblk1.genblk1.genblk1.lut1.genblk1.genblk1.genblk1.genblk1.genblk1.lut1 (4 -> 0)
  Optimizing lut $abc$5720$auto$blifparse.cc:525:parse_blif$5883.genblk1.genblk1.genblk1.genblk1.genblk1.genblk1.genblk1.lut0.genblk1.genblk1.genblk1.genblk1.genblk1.genblk1.lut1.genblk1.genblk1.genblk1.genblk1.genblk1.lut0 (4 -> 0)
  Optimizing lut $abc$5720$auto$blifparse.cc:525:parse_blif$5874.genblk1.genblk1.genblk1.genblk1.genblk1.genblk1.genblk1.genblk1.lut0.genblk1.genblk1.genblk1.genblk1.genblk1.genblk1.genblk1.lut0.genblk1.genblk1.genblk1.genblk1.genblk1.genblk1.lut1.genblk1.genblk1.genblk1.genblk1.genblk1.lut1 (4 -> 1)
  Optimizing lut $abc$5720$auto$blifparse.cc:525:parse_blif$5742.genblk1.genblk1.genblk1.genblk1.genblk1.genblk1.genblk1.genblk1.lut0.genblk1.genblk1.genblk1.genblk1.genblk1.genblk1.genblk1.lut1.genblk1.genblk1.genblk1.genblk1.genblk1.genblk1.lut1.genblk1.genblk1.genblk1.genblk1.genblk1.lut0 (4 -> 0)
  Optimizing lut $abc$5720$auto$blifparse.cc:525:parse_blif$5880.genblk1.genblk1.genblk1.genblk1.genblk1.genblk1.genblk1.lut0.genblk1.genblk1.genblk1.genblk1.genblk1.genblk1.lut1.genblk1.genblk1.genblk1.genblk1.genblk1.lut1 (4 -> 0)
  Optimizing lut $abc$5720$auto$blifparse.cc:525:parse_blif$5880.genblk1.genblk1.genblk1.genblk1.genblk1.genblk1.genblk1.lut0.genblk1.genblk1.genblk1.genblk1.genblk1.genblk1.lut0.genblk1.genblk1.genblk1.genblk1.genblk1.lut0 (4 -> 0)
  Optimizing lut $abc$5720$auto$blifparse.cc:525:parse_blif$5855.genblk1.genblk1.genblk1.genblk1.genblk1.genblk1.genblk1.genblk1.lut0.genblk1.genblk1.genblk1.genblk1.genblk1.genblk1.genblk1.lut1.genblk1.genblk1.genblk1.genblk1.genblk1.genblk1.lut0.genblk1.genblk1.genblk1.genblk1.genblk1.lut0 (4 -> 1)
  Optimizing lut $abc$5720$auto$blifparse.cc:525:parse_blif$5861.genblk1.genblk1.genblk1.genblk1.genblk1.genblk1.lut0.genblk1.genblk1.genblk1.genblk1.genblk1.lut1 (4 -> 0)
  Optimizing lut $abc$5720$auto$blifparse.cc:525:parse_blif$5881.genblk1.genblk1.genblk1.genblk1.genblk1.genblk1.lut0.genblk1.genblk1.genblk1.genblk1.genblk1.lut1 (4 -> 0)
  Optimizing lut $abc$5720$auto$blifparse.cc:525:parse_blif$5855.genblk1.genblk1.genblk1.genblk1.genblk1.genblk1.genblk1.genblk1.lut0.genblk1.genblk1.genblk1.genblk1.genblk1.genblk1.genblk1.lut0.genblk1.genblk1.genblk1.genblk1.genblk1.genblk1.lut1.genblk1.genblk1.genblk1.genblk1.genblk1.lut1 (4 -> 1)
  Optimizing lut $abc$5720$auto$blifparse.cc:525:parse_blif$5854.genblk1.genblk1.genblk1.genblk1.genblk1.genblk1.genblk1.genblk1.lut1.genblk1.genblk1.genblk1.genblk1.genblk1.genblk1.genblk1.lut0.genblk1.genblk1.genblk1.genblk1.genblk1.genblk1.lut1.genblk1.genblk1.genblk1.genblk1.genblk1.lut1 (4 -> 0)
  Optimizing lut $abc$5720$auto$blifparse.cc:525:parse_blif$5742.genblk1.genblk1.genblk1.genblk1.genblk1.genblk1.genblk1.genblk1.lut1.genblk1.genblk1.genblk1.genblk1.genblk1.genblk1.genblk1.lut0.genblk1.genblk1.genblk1.genblk1.genblk1.genblk1.lut1.genblk1.genblk1.genblk1.genblk1.genblk1.lut1 (4 -> 0)
  Optimizing lut $abc$5720$auto$blifparse.cc:525:parse_blif$5855.genblk1.genblk1.genblk1.genblk1.genblk1.genblk1.genblk1.genblk1.lut0.genblk1.genblk1.genblk1.genblk1.genblk1.genblk1.genblk1.lut0.genblk1.genblk1.genblk1.genblk1.genblk1.genblk1.lut1.genblk1.genblk1.genblk1.genblk1.genblk1.lut0 (4 -> 1)
  Optimizing lut $abc$5720$auto$blifparse.cc:525:parse_blif$5885.genblk1.genblk1.genblk1.genblk1.genblk1.genblk1.genblk1.genblk1.lut1.genblk1.genblk1.genblk1.genblk1.genblk1.genblk1.genblk1.lut0.genblk1.genblk1.genblk1.genblk1.genblk1.genblk1.lut0.genblk1.genblk1.genblk1.genblk1.genblk1.lut0 (4 -> 2)
  Optimizing lut $abc$5720$auto$blifparse.cc:525:parse_blif$5861.genblk1.genblk1.genblk1.genblk1.genblk1.genblk1.lut1.genblk1.genblk1.genblk1.genblk1.genblk1.lut1 (4 -> 1)
  Optimizing lut $abc$5720$auto$blifparse.cc:525:parse_blif$5885.genblk1.genblk1.genblk1.genblk1.genblk1.genblk1.genblk1.genblk1.lut0.genblk1.genblk1.genblk1.genblk1.genblk1.genblk1.genblk1.lut1.genblk1.genblk1.genblk1.genblk1.genblk1.genblk1.lut0.genblk1.genblk1.genblk1.genblk1.genblk1.lut0 (4 -> 0)
  Optimizing lut $abc$5720$auto$blifparse.cc:525:parse_blif$5744.genblk1.genblk1.genblk1.genblk1.genblk1.genblk1.lut1.genblk1.genblk1.genblk1.genblk1.genblk1.lut1 (4 -> 0)
  Optimizing lut $abc$5720$auto$blifparse.cc:525:parse_blif$5854.genblk1.genblk1.genblk1.genblk1.genblk1.genblk1.genblk1.genblk1.lut1.genblk1.genblk1.genblk1.genblk1.genblk1.genblk1.genblk1.lut1.genblk1.genblk1.genblk1.genblk1.genblk1.genblk1.lut1.genblk1.genblk1.genblk1.genblk1.genblk1.lut1 (4 -> 0)
  Optimizing lut $abc$5720$auto$blifparse.cc:525:parse_blif$5857.genblk1.genblk1.genblk1.genblk1.genblk1.genblk1.genblk1.lut0.genblk1.genblk1.genblk1.genblk1.genblk1.genblk1.lut0.genblk1.genblk1.genblk1.genblk1.genblk1.lut0 (4 -> 0)
  Optimizing lut $abc$5720$auto$blifparse.cc:525:parse_blif$5884.genblk1.genblk1.genblk1.genblk1.genblk1.genblk1.genblk1.genblk1.lut1.genblk1.genblk1.genblk1.genblk1.genblk1.genblk1.genblk1.lut0.genblk1.genblk1.genblk1.genblk1.genblk1.genblk1.lut1.genblk1.genblk1.genblk1.genblk1.genblk1.lut0 (4 -> 0)
  Optimizing lut $abc$5720$auto$blifparse.cc:525:parse_blif$5742.genblk1.genblk1.genblk1.genblk1.genblk1.genblk1.genblk1.genblk1.lut0.genblk1.genblk1.genblk1.genblk1.genblk1.genblk1.genblk1.lut0.genblk1.genblk1.genblk1.genblk1.genblk1.genblk1.lut1.genblk1.genblk1.genblk1.genblk1.genblk1.lut1 (4 -> 0)
  Optimizing lut $abc$5720$auto$blifparse.cc:525:parse_blif$5742.genblk1.genblk1.genblk1.genblk1.genblk1.genblk1.genblk1.genblk1.lut0.genblk1.genblk1.genblk1.genblk1.genblk1.genblk1.genblk1.lut1.genblk1.genblk1.genblk1.genblk1.genblk1.genblk1.lut1.genblk1.genblk1.genblk1.genblk1.genblk1.lut1 (4 -> 0)
  Optimizing lut $abc$5720$auto$blifparse.cc:525:parse_blif$5860.genblk1.genblk1.genblk1.genblk1.genblk1.genblk1.lut0.genblk1.genblk1.genblk1.genblk1.genblk1.lut0 (4 -> 0)
  Optimizing lut $abc$5720$auto$blifparse.cc:525:parse_blif$5743.genblk1.genblk1.genblk1.genblk1.genblk1.genblk1.lut0.genblk1.genblk1.genblk1.genblk1.genblk1.lut1 (4 -> 3)
  Optimizing lut $abc$5720$auto$blifparse.cc:525:parse_blif$5844.genblk1.genblk1.genblk1.genblk1.genblk1.genblk1.genblk1.lut1.genblk1.genblk1.genblk1.genblk1.genblk1.genblk1.lut1.genblk1.genblk1.genblk1.genblk1.genblk1.lut1 (4 -> 0)
  Optimizing lut $abc$5720$auto$blifparse.cc:525:parse_blif$5849.genblk1.genblk1.genblk1.genblk1.genblk1.genblk1.lut0.genblk1.genblk1.genblk1.genblk1.genblk1.lut1 (4 -> 0)
  Optimizing lut $abc$5720$auto$blifparse.cc:525:parse_blif$5897.genblk1.genblk1.genblk1.genblk1.genblk1.genblk1.genblk1.genblk1.lut0.genblk1.genblk1.genblk1.genblk1.genblk1.genblk1.genblk1.lut1.genblk1.genblk1.genblk1.genblk1.genblk1.genblk1.lut1.genblk1.genblk1.genblk1.genblk1.genblk1.lut1 (4 -> 2)
  Optimizing lut $abc$5720$auto$blifparse.cc:525:parse_blif$5927.genblk1.genblk1.genblk1.genblk1.genblk1.genblk1.lut1.genblk1.genblk1.genblk1.genblk1.genblk1.lut1 (4 -> 0)
  Optimizing lut $abc$5720$auto$blifparse.cc:525:parse_blif$5875.genblk1.genblk1.genblk1.genblk1.genblk1.genblk1.genblk1.genblk1.lut0.genblk1.genblk1.genblk1.genblk1.genblk1.genblk1.genblk1.lut1.genblk1.genblk1.genblk1.genblk1.genblk1.genblk1.lut1.genblk1.genblk1.genblk1.genblk1.genblk1.lut1 (4 -> 0)
  Optimizing lut $abc$5720$auto$blifparse.cc:525:parse_blif$5886.genblk1.genblk1.genblk1.genblk1.genblk1.genblk1.genblk1.lut0.genblk1.genblk1.genblk1.genblk1.genblk1.genblk1.lut1.genblk1.genblk1.genblk1.genblk1.genblk1.lut0 (4 -> 0)
  Optimizing lut $abc$5720$auto$blifparse.cc:525:parse_blif$5890.genblk1.genblk1.genblk1.genblk1.genblk1.genblk1.lut0.genblk1.genblk1.genblk1.genblk1.genblk1.lut1 (4 -> 3)
  Optimizing lut $abc$5720$auto$blifparse.cc:525:parse_blif$5846.genblk1.genblk1.genblk1.genblk1.genblk1.genblk1.genblk1.lut1.genblk1.genblk1.genblk1.genblk1.genblk1.genblk1.lut0.genblk1.genblk1.genblk1.genblk1.genblk1.lut0 (4 -> 0)
  Optimizing lut $abc$5720$auto$blifparse.cc:525:parse_blif$5887.genblk1.genblk1.genblk1.genblk1.genblk1.genblk1.genblk1.genblk1.lut1.genblk1.genblk1.genblk1.genblk1.genblk1.genblk1.genblk1.lut0.genblk1.genblk1.genblk1.genblk1.genblk1.genblk1.lut1.genblk1.genblk1.genblk1.genblk1.genblk1.lut0 (4 -> 3)
  Optimizing lut $abc$5720$auto$blifparse.cc:525:parse_blif$5747.genblk1.genblk1.genblk1.genblk1.genblk1.genblk1.lut0.genblk1.genblk1.genblk1.genblk1.genblk1.lut0 (4 -> 0)
  Optimizing lut $abc$5720$auto$blifparse.cc:525:parse_blif$5864.genblk1.genblk1.genblk1.genblk1.genblk1.genblk1.genblk1.genblk1.lut1.genblk1.genblk1.genblk1.genblk1.genblk1.genblk1.genblk1.lut1.genblk1.genblk1.genblk1.genblk1.genblk1.genblk1.lut1.genblk1.genblk1.genblk1.genblk1.genblk1.lut0 (4 -> 1)
  Optimizing lut $abc$5720$auto$blifparse.cc:525:parse_blif$5745.genblk1.genblk1.genblk1.genblk1.genblk1.genblk1.genblk1.lut0.genblk1.genblk1.genblk1.genblk1.genblk1.genblk1.lut1.genblk1.genblk1.genblk1.genblk1.genblk1.lut1 (4 -> 0)
  Optimizing lut $abc$5720$auto$blifparse.cc:525:parse_blif$5924.genblk1.genblk1.genblk1.genblk1.genblk1.genblk1.lut0.genblk1.genblk1.genblk1.genblk1.genblk1.lut0 (4 -> 3)
  Optimizing lut $abc$5720$auto$blifparse.cc:525:parse_blif$5935.genblk1.genblk1.genblk1.genblk1.genblk1.genblk1.lut0.genblk1.genblk1.genblk1.genblk1.genblk1.lut0 (4 -> 3)
  Optimizing lut $abc$5720$auto$blifparse.cc:525:parse_blif$5770.genblk1.genblk1.genblk1.genblk1.genblk1.lut1 (4 -> 3)
  Optimizing lut $abc$5720$auto$blifparse.cc:525:parse_blif$5897.genblk1.genblk1.genblk1.genblk1.genblk1.genblk1.genblk1.genblk1.lut1.genblk1.genblk1.genblk1.genblk1.genblk1.genblk1.genblk1.lut0.genblk1.genblk1.genblk1.genblk1.genblk1.genblk1.lut1.genblk1.genblk1.genblk1.genblk1.genblk1.lut1 (4 -> 2)
  Optimizing lut $abc$5720$auto$blifparse.cc:525:parse_blif$5938.genblk1.genblk1.genblk1.genblk1.genblk1.lut0 (4 -> 1)
  Optimizing lut $abc$5720$auto$blifparse.cc:525:parse_blif$5855.genblk1.genblk1.genblk1.genblk1.genblk1.genblk1.genblk1.genblk1.lut1.genblk1.genblk1.genblk1.genblk1.genblk1.genblk1.genblk1.lut0.genblk1.genblk1.genblk1.genblk1.genblk1.genblk1.lut0.genblk1.genblk1.genblk1.genblk1.genblk1.lut1 (4 -> 3)
  Optimizing lut $abc$5720$auto$blifparse.cc:525:parse_blif$5941.genblk1.genblk1.genblk1.genblk1.genblk1.lut0 (4 -> 1)
  Optimizing lut $abc$5720$auto$blifparse.cc:525:parse_blif$5875.genblk1.genblk1.genblk1.genblk1.genblk1.genblk1.genblk1.genblk1.lut0.genblk1.genblk1.genblk1.genblk1.genblk1.genblk1.genblk1.lut0.genblk1.genblk1.genblk1.genblk1.genblk1.genblk1.lut1.genblk1.genblk1.genblk1.genblk1.genblk1.lut1 (4 -> 0)
  Optimizing lut $abc$5720$auto$blifparse.cc:525:parse_blif$5928.genblk1.genblk1.genblk1.genblk1.genblk1.lut1 (4 -> 0)
  Optimizing lut $abc$5720$auto$blifparse.cc:525:parse_blif$5856.genblk1.genblk1.genblk1.genblk1.genblk1.genblk1.genblk1.lut1.genblk1.genblk1.genblk1.genblk1.genblk1.genblk1.lut0.genblk1.genblk1.genblk1.genblk1.genblk1.lut0 (4 -> 1)
  Optimizing lut $abc$5720$auto$blifparse.cc:525:parse_blif$5742.genblk1.genblk1.genblk1.genblk1.genblk1.genblk1.genblk1.genblk1.lut1.genblk1.genblk1.genblk1.genblk1.genblk1.genblk1.genblk1.lut1.genblk1.genblk1.genblk1.genblk1.genblk1.genblk1.lut0.genblk1.genblk1.genblk1.genblk1.genblk1.lut1 (4 -> 0)
  Optimizing lut $abc$5720$auto$blifparse.cc:525:parse_blif$5964.genblk1.genblk1.genblk1.genblk1.genblk1.lut1 (4 -> 1)
  Optimizing lut $abc$5720$auto$blifparse.cc:525:parse_blif$5777.genblk1.genblk1.genblk1.genblk1.genblk1.lut1 (4 -> 2)
  Optimizing lut $abc$5720$auto$blifparse.cc:525:parse_blif$5972.genblk1.genblk1.genblk1.genblk1.genblk1.lut1 (4 -> 3)
  Optimizing lut $abc$5720$auto$blifparse.cc:525:parse_blif$5722.genblk1.genblk1.genblk1.genblk1.genblk1.lut0 (4 -> 0)
  Optimizing lut $abc$5720$auto$blifparse.cc:525:parse_blif$5969.genblk1.genblk1.genblk1.genblk1.genblk1.lut0 (4 -> 3)
  Optimizing lut $abc$5720$auto$blifparse.cc:525:parse_blif$5965.genblk1.genblk1.genblk1.genblk1.genblk1.lut1 (4 -> 1)
  Optimizing lut $abc$5720$auto$blifparse.cc:525:parse_blif$5965.genblk1.genblk1.genblk1.genblk1.genblk1.lut0 (4 -> 3)
  Optimizing lut $abc$5720$auto$blifparse.cc:525:parse_blif$5875.genblk1.genblk1.genblk1.genblk1.genblk1.genblk1.genblk1.genblk1.lut0.genblk1.genblk1.genblk1.genblk1.genblk1.genblk1.genblk1.lut0.genblk1.genblk1.genblk1.genblk1.genblk1.genblk1.lut1.genblk1.genblk1.genblk1.genblk1.genblk1.lut0 (4 -> 0)
  Optimizing lut $abc$5720$auto$blifparse.cc:525:parse_blif$5852.genblk1.genblk1.genblk1.genblk1.genblk1.lut1 (4 -> 3)
  Optimizing lut $abc$5720$auto$blifparse.cc:525:parse_blif$5877.genblk1.genblk1.genblk1.genblk1.genblk1.genblk1.genblk1.lut0.genblk1.genblk1.genblk1.genblk1.genblk1.genblk1.lut0.genblk1.genblk1.genblk1.genblk1.genblk1.lut0 (4 -> 0)
  Optimizing lut $abc$5720$auto$blifparse.cc:525:parse_blif$5851.genblk1.genblk1.genblk1.genblk1.genblk1.lut1 (4 -> 2)
  Optimizing lut $abc$5720$auto$blifparse.cc:525:parse_blif$5877.genblk1.genblk1.genblk1.genblk1.genblk1.genblk1.genblk1.lut1.genblk1.genblk1.genblk1.genblk1.genblk1.genblk1.lut1.genblk1.genblk1.genblk1.genblk1.genblk1.lut1 (4 -> 0)
  Optimizing lut $abc$5720$auto$blifparse.cc:525:parse_blif$5865.genblk1.genblk1.genblk1.genblk1.genblk1.genblk1.genblk1.lut1.genblk1.genblk1.genblk1.genblk1.genblk1.genblk1.lut0.genblk1.genblk1.genblk1.genblk1.genblk1.lut0 (4 -> 0)
  Optimizing lut $abc$5720$auto$blifparse.cc:525:parse_blif$5856.genblk1.genblk1.genblk1.genblk1.genblk1.genblk1.genblk1.lut0.genblk1.genblk1.genblk1.genblk1.genblk1.genblk1.lut0.genblk1.genblk1.genblk1.genblk1.genblk1.lut1 (4 -> 0)
  Optimizing lut $abc$5720$auto$blifparse.cc:525:parse_blif$5971.genblk1.genblk1.genblk1.genblk1.genblk1.lut0 (4 -> 2)
  Optimizing lut $abc$5720$auto$blifparse.cc:525:parse_blif$5969.genblk1.genblk1.genblk1.genblk1.genblk1.lut1 (4 -> 1)
  Optimizing lut $abc$5720$auto$blifparse.cc:525:parse_blif$5884.genblk1.genblk1.genblk1.genblk1.genblk1.genblk1.genblk1.genblk1.lut0.genblk1.genblk1.genblk1.genblk1.genblk1.genblk1.genblk1.lut0.genblk1.genblk1.genblk1.genblk1.genblk1.genblk1.lut0.genblk1.genblk1.genblk1.genblk1.genblk1.lut0 (4 -> 3)
  Optimizing lut $abc$5720$auto$blifparse.cc:525:parse_blif$5726.genblk1.genblk1.genblk1.genblk1.genblk1.lut1 (4 -> 3)
  Optimizing lut $abc$5720$auto$blifparse.cc:525:parse_blif$5910.genblk1.genblk1.genblk1.genblk1.genblk1.genblk1.genblk1.genblk1.lut1.genblk1.genblk1.genblk1.genblk1.genblk1.genblk1.genblk1.lut0.genblk1.genblk1.genblk1.genblk1.genblk1.genblk1.lut0.genblk1.genblk1.genblk1.genblk1.genblk1.lut1 (4 -> 0)
  Optimizing lut $abc$5720$auto$blifparse.cc:525:parse_blif$5854.genblk1.genblk1.genblk1.genblk1.genblk1.genblk1.genblk1.genblk1.lut1.genblk1.genblk1.genblk1.genblk1.genblk1.genblk1.genblk1.lut1.genblk1.genblk1.genblk1.genblk1.genblk1.genblk1.lut0.genblk1.genblk1.genblk1.genblk1.genblk1.lut1 (4 -> 2)
  Optimizing lut $abc$5720$auto$blifparse.cc:525:parse_blif$5910.genblk1.genblk1.genblk1.genblk1.genblk1.genblk1.genblk1.genblk1.lut1.genblk1.genblk1.genblk1.genblk1.genblk1.genblk1.genblk1.lut0.genblk1.genblk1.genblk1.genblk1.genblk1.genblk1.lut1.genblk1.genblk1.genblk1.genblk1.genblk1.lut0 (4 -> 0)
  Optimizing lut $abc$5720$auto$blifparse.cc:525:parse_blif$5757.genblk1.genblk1.genblk1.genblk1.genblk1.genblk1.genblk1.lut0.genblk1.genblk1.genblk1.genblk1.genblk1.genblk1.lut1.genblk1.genblk1.genblk1.genblk1.genblk1.lut1 (4 -> 0)
  Optimizing lut $abc$5720$auto$blifparse.cc:525:parse_blif$5866.genblk1.genblk1.genblk1.genblk1.genblk1.genblk1.genblk1.lut1.genblk1.genblk1.genblk1.genblk1.genblk1.genblk1.lut1.genblk1.genblk1.genblk1.genblk1.genblk1.lut1 (4 -> 0)
  Optimizing lut $abc$5720$auto$blifparse.cc:525:parse_blif$5875.genblk1.genblk1.genblk1.genblk1.genblk1.genblk1.genblk1.genblk1.lut0.genblk1.genblk1.genblk1.genblk1.genblk1.genblk1.genblk1.lut1.genblk1.genblk1.genblk1.genblk1.genblk1.genblk1.lut0.genblk1.genblk1.genblk1.genblk1.genblk1.lut1 (4 -> 0)
  Optimizing lut $abc$5720$auto$blifparse.cc:525:parse_blif$5907.genblk1.genblk1.genblk1.genblk1.genblk1.genblk1.genblk1.genblk1.lut0.genblk1.genblk1.genblk1.genblk1.genblk1.genblk1.genblk1.lut0.genblk1.genblk1.genblk1.genblk1.genblk1.genblk1.lut0.genblk1.genblk1.genblk1.genblk1.genblk1.lut0 (4 -> 0)
  Optimizing lut $abc$5720$auto$blifparse.cc:525:parse_blif$5856.genblk1.genblk1.genblk1.genblk1.genblk1.genblk1.genblk1.lut1.genblk1.genblk1.genblk1.genblk1.genblk1.genblk1.lut0.genblk1.genblk1.genblk1.genblk1.genblk1.lut1 (4 -> 0)
  Optimizing lut $abc$5720$auto$blifparse.cc:525:parse_blif$5881.genblk1.genblk1.genblk1.genblk1.genblk1.genblk1.lut0.genblk1.genblk1.genblk1.genblk1.genblk1.lut0 (4 -> 0)
  Optimizing lut $abc$5720$auto$blifparse.cc:525:parse_blif$5880.genblk1.genblk1.genblk1.genblk1.genblk1.genblk1.genblk1.lut0.genblk1.genblk1.genblk1.genblk1.genblk1.genblk1.lut0.genblk1.genblk1.genblk1.genblk1.genblk1.lut1 (4 -> 0)
  Optimizing lut $abc$5720$auto$blifparse.cc:525:parse_blif$5874.genblk1.genblk1.genblk1.genblk1.genblk1.genblk1.genblk1.genblk1.lut1.genblk1.genblk1.genblk1.genblk1.genblk1.genblk1.genblk1.lut1.genblk1.genblk1.genblk1.genblk1.genblk1.genblk1.lut0.genblk1.genblk1.genblk1.genblk1.genblk1.lut1 (4 -> 0)
  Optimizing lut $abc$5720$auto$blifparse.cc:525:parse_blif$5885.genblk1.genblk1.genblk1.genblk1.genblk1.genblk1.genblk1.genblk1.lut1.genblk1.genblk1.genblk1.genblk1.genblk1.genblk1.genblk1.lut1.genblk1.genblk1.genblk1.genblk1.genblk1.genblk1.lut0.genblk1.genblk1.genblk1.genblk1.genblk1.lut1 (4 -> 2)
  Optimizing lut $abc$5720$auto$blifparse.cc:525:parse_blif$5884.genblk1.genblk1.genblk1.genblk1.genblk1.genblk1.genblk1.genblk1.lut1.genblk1.genblk1.genblk1.genblk1.genblk1.genblk1.genblk1.lut1.genblk1.genblk1.genblk1.genblk1.genblk1.genblk1.lut1.genblk1.genblk1.genblk1.genblk1.genblk1.lut0 (4 -> 0)
  Optimizing lut $abc$5720$auto$blifparse.cc:525:parse_blif$5864.genblk1.genblk1.genblk1.genblk1.genblk1.genblk1.genblk1.genblk1.lut0.genblk1.genblk1.genblk1.genblk1.genblk1.genblk1.genblk1.lut1.genblk1.genblk1.genblk1.genblk1.genblk1.genblk1.lut0.genblk1.genblk1.genblk1.genblk1.genblk1.lut1 (4 -> 1)
  Optimizing lut $abc$5720$auto$blifparse.cc:525:parse_blif$5864.genblk1.genblk1.genblk1.genblk1.genblk1.genblk1.genblk1.genblk1.lut1.genblk1.genblk1.genblk1.genblk1.genblk1.genblk1.genblk1.lut1.genblk1.genblk1.genblk1.genblk1.genblk1.genblk1.lut0.genblk1.genblk1.genblk1.genblk1.genblk1.lut1 (4 -> 1)
  Optimizing lut $abc$5720$auto$blifparse.cc:525:parse_blif$5872.genblk1.genblk1.genblk1.genblk1.genblk1.lut0 (4 -> 0)
  Optimizing lut $abc$5720$auto$blifparse.cc:525:parse_blif$5876.genblk1.genblk1.genblk1.genblk1.genblk1.genblk1.genblk1.lut0.genblk1.genblk1.genblk1.genblk1.genblk1.genblk1.lut1.genblk1.genblk1.genblk1.genblk1.genblk1.lut1 (4 -> 0)
  Optimizing lut $abc$5720$auto$blifparse.cc:525:parse_blif$5877.genblk1.genblk1.genblk1.genblk1.genblk1.genblk1.genblk1.lut0.genblk1.genblk1.genblk1.genblk1.genblk1.genblk1.lut1.genblk1.genblk1.genblk1.genblk1.genblk1.lut1 (4 -> 0)
  Optimizing lut $abc$5720$auto$blifparse.cc:525:parse_blif$5874.genblk1.genblk1.genblk1.genblk1.genblk1.genblk1.genblk1.genblk1.lut0.genblk1.genblk1.genblk1.genblk1.genblk1.genblk1.genblk1.lut1.genblk1.genblk1.genblk1.genblk1.genblk1.genblk1.lut0.genblk1.genblk1.genblk1.genblk1.genblk1.lut1 (4 -> 0)
  Optimizing lut $abc$5720$auto$blifparse.cc:525:parse_blif$5883.genblk1.genblk1.genblk1.genblk1.genblk1.genblk1.genblk1.lut0.genblk1.genblk1.genblk1.genblk1.genblk1.genblk1.lut1.genblk1.genblk1.genblk1.genblk1.genblk1.lut1 (4 -> 0)
  Optimizing lut $abc$5720$auto$blifparse.cc:525:parse_blif$5884.genblk1.genblk1.genblk1.genblk1.genblk1.genblk1.genblk1.genblk1.lut0.genblk1.genblk1.genblk1.genblk1.genblk1.genblk1.genblk1.lut1.genblk1.genblk1.genblk1.genblk1.genblk1.genblk1.lut0.genblk1.genblk1.genblk1.genblk1.genblk1.lut0 (4 -> 0)
  Optimizing lut $abc$5720$auto$blifparse.cc:525:parse_blif$5742.genblk1.genblk1.genblk1.genblk1.genblk1.genblk1.genblk1.genblk1.lut0.genblk1.genblk1.genblk1.genblk1.genblk1.genblk1.genblk1.lut1.genblk1.genblk1.genblk1.genblk1.genblk1.genblk1.lut0.genblk1.genblk1.genblk1.genblk1.genblk1.lut1 (4 -> 0)
  Optimizing lut $abc$5720$auto$blifparse.cc:525:parse_blif$5886.genblk1.genblk1.genblk1.genblk1.genblk1.genblk1.genblk1.lut0.genblk1.genblk1.genblk1.genblk1.genblk1.genblk1.lut1.genblk1.genblk1.genblk1.genblk1.genblk1.lut1 (4 -> 2)
  Optimizing lut $abc$5720$auto$blifparse.cc:525:parse_blif$5865.genblk1.genblk1.genblk1.genblk1.genblk1.genblk1.genblk1.lut1.genblk1.genblk1.genblk1.genblk1.genblk1.genblk1.lut1.genblk1.genblk1.genblk1.genblk1.genblk1.lut1 (4 -> 0)
  Optimizing lut $abc$5720$auto$blifparse.cc:525:parse_blif$5920.genblk1.genblk1.genblk1.genblk1.genblk1.genblk1.genblk1.lut0.genblk1.genblk1.genblk1.genblk1.genblk1.genblk1.lut1.genblk1.genblk1.genblk1.genblk1.genblk1.lut0 (4 -> 0)
  Optimizing lut $abc$5720$auto$blifparse.cc:525:parse_blif$5880.genblk1.genblk1.genblk1.genblk1.genblk1.genblk1.genblk1.lut1.genblk1.genblk1.genblk1.genblk1.genblk1.genblk1.lut0.genblk1.genblk1.genblk1.genblk1.genblk1.lut0 (4 -> 1)
  Optimizing lut $abc$5720$auto$blifparse.cc:525:parse_blif$5774.genblk1.genblk1.genblk1.genblk1.genblk1.lut1 (4 -> 0)
  Optimizing lut $abc$5720$auto$blifparse.cc:525:parse_blif$5757.genblk1.genblk1.genblk1.genblk1.genblk1.genblk1.genblk1.lut0.genblk1.genblk1.genblk1.genblk1.genblk1.genblk1.lut0.genblk1.genblk1.genblk1.genblk1.genblk1.lut0 (4 -> 0)
  Optimizing lut $abc$5720$auto$blifparse.cc:525:parse_blif$5910.genblk1.genblk1.genblk1.genblk1.genblk1.genblk1.genblk1.genblk1.lut0.genblk1.genblk1.genblk1.genblk1.genblk1.genblk1.genblk1.lut1.genblk1.genblk1.genblk1.genblk1.genblk1.genblk1.lut0.genblk1.genblk1.genblk1.genblk1.genblk1.lut1 (4 -> 0)
  Optimizing lut $abc$5720$auto$blifparse.cc:525:parse_blif$5885.genblk1.genblk1.genblk1.genblk1.genblk1.genblk1.genblk1.genblk1.lut0.genblk1.genblk1.genblk1.genblk1.genblk1.genblk1.genblk1.lut1.genblk1.genblk1.genblk1.genblk1.genblk1.genblk1.lut1.genblk1.genblk1.genblk1.genblk1.genblk1.lut1 (4 -> 1)
  Optimizing lut $abc$5720$auto$blifparse.cc:525:parse_blif$5889.genblk1.genblk1.genblk1.genblk1.genblk1.genblk1.lut0.genblk1.genblk1.genblk1.genblk1.genblk1.lut1 (4 -> 0)
  Optimizing lut $abc$5720$auto$blifparse.cc:525:parse_blif$5887.genblk1.genblk1.genblk1.genblk1.genblk1.genblk1.genblk1.genblk1.lut1.genblk1.genblk1.genblk1.genblk1.genblk1.genblk1.genblk1.lut1.genblk1.genblk1.genblk1.genblk1.genblk1.genblk1.lut0.genblk1.genblk1.genblk1.genblk1.genblk1.lut1 (4 -> 3)
  Optimizing lut $abc$5720$auto$blifparse.cc:525:parse_blif$5887.genblk1.genblk1.genblk1.genblk1.genblk1.genblk1.genblk1.genblk1.lut0.genblk1.genblk1.genblk1.genblk1.genblk1.genblk1.genblk1.lut1.genblk1.genblk1.genblk1.genblk1.genblk1.genblk1.lut0.genblk1.genblk1.genblk1.genblk1.genblk1.lut1 (4 -> 3)
  Optimizing lut $abc$5720$auto$blifparse.cc:525:parse_blif$5909.genblk1.genblk1.genblk1.genblk1.genblk1.genblk1.genblk1.genblk1.lut0.genblk1.genblk1.genblk1.genblk1.genblk1.genblk1.genblk1.lut1.genblk1.genblk1.genblk1.genblk1.genblk1.genblk1.lut0.genblk1.genblk1.genblk1.genblk1.genblk1.lut1 (4 -> 0)
  Optimizing lut $abc$5720$auto$blifparse.cc:525:parse_blif$5897.genblk1.genblk1.genblk1.genblk1.genblk1.genblk1.genblk1.genblk1.lut1.genblk1.genblk1.genblk1.genblk1.genblk1.genblk1.genblk1.lut1.genblk1.genblk1.genblk1.genblk1.genblk1.genblk1.lut0.genblk1.genblk1.genblk1.genblk1.genblk1.lut1 (4 -> 2)
  Optimizing lut $abc$5720$auto$blifparse.cc:525:parse_blif$5913.genblk1.genblk1.genblk1.genblk1.genblk1.genblk1.genblk1.genblk1.lut1.genblk1.genblk1.genblk1.genblk1.genblk1.genblk1.genblk1.lut1.genblk1.genblk1.genblk1.genblk1.genblk1.genblk1.lut0.genblk1.genblk1.genblk1.genblk1.genblk1.lut1 (4 -> 0)
  Optimizing lut $abc$5720$auto$blifparse.cc:525:parse_blif$5912.genblk1.genblk1.genblk1.genblk1.genblk1.genblk1.genblk1.genblk1.lut1.genblk1.genblk1.genblk1.genblk1.genblk1.genblk1.genblk1.lut1.genblk1.genblk1.genblk1.genblk1.genblk1.genblk1.lut0.genblk1.genblk1.genblk1.genblk1.genblk1.lut1 (4 -> 0)
  Optimizing lut $abc$5720$auto$blifparse.cc:525:parse_blif$5913.genblk1.genblk1.genblk1.genblk1.genblk1.genblk1.genblk1.genblk1.lut0.genblk1.genblk1.genblk1.genblk1.genblk1.genblk1.genblk1.lut1.genblk1.genblk1.genblk1.genblk1.genblk1.genblk1.lut0.genblk1.genblk1.genblk1.genblk1.genblk1.lut1 (4 -> 0)
  Optimizing lut $abc$5720$auto$blifparse.cc:525:parse_blif$5912.genblk1.genblk1.genblk1.genblk1.genblk1.genblk1.genblk1.genblk1.lut0.genblk1.genblk1.genblk1.genblk1.genblk1.genblk1.genblk1.lut1.genblk1.genblk1.genblk1.genblk1.genblk1.genblk1.lut0.genblk1.genblk1.genblk1.genblk1.genblk1.lut1 (4 -> 0)
  Optimizing lut $abc$5720$auto$blifparse.cc:525:parse_blif$5875.genblk1.genblk1.genblk1.genblk1.genblk1.genblk1.genblk1.genblk1.lut1.genblk1.genblk1.genblk1.genblk1.genblk1.genblk1.genblk1.lut0.genblk1.genblk1.genblk1.genblk1.genblk1.genblk1.lut1.genblk1.genblk1.genblk1.genblk1.genblk1.lut1 (4 -> 0)
  Optimizing lut $abc$5720$auto$blifparse.cc:525:parse_blif$5907.genblk1.genblk1.genblk1.genblk1.genblk1.genblk1.genblk1.genblk1.lut1.genblk1.genblk1.genblk1.genblk1.genblk1.genblk1.genblk1.lut1.genblk1.genblk1.genblk1.genblk1.genblk1.genblk1.lut0.genblk1.genblk1.genblk1.genblk1.genblk1.lut1 (4 -> 0)
  Optimizing lut $abc$5720$auto$blifparse.cc:525:parse_blif$5882.genblk1.genblk1.genblk1.genblk1.genblk1.genblk1.genblk1.genblk1.lut0.genblk1.genblk1.genblk1.genblk1.genblk1.genblk1.genblk1.lut1.genblk1.genblk1.genblk1.genblk1.genblk1.genblk1.lut0.genblk1.genblk1.genblk1.genblk1.genblk1.lut1 (4 -> 2)
  Optimizing lut $abc$5720$auto$blifparse.cc:525:parse_blif$5762.genblk1.genblk1.genblk1.genblk1.genblk1.genblk1.lut0.genblk1.genblk1.genblk1.genblk1.genblk1.lut0 (4 -> 0)
  Optimizing lut $abc$5720$auto$blifparse.cc:525:parse_blif$5907.genblk1.genblk1.genblk1.genblk1.genblk1.genblk1.genblk1.genblk1.lut0.genblk1.genblk1.genblk1.genblk1.genblk1.genblk1.genblk1.lut1.genblk1.genblk1.genblk1.genblk1.genblk1.genblk1.lut0.genblk1.genblk1.genblk1.genblk1.genblk1.lut1 (4 -> 0)
  Optimizing lut $abc$5720$auto$blifparse.cc:525:parse_blif$5910.genblk1.genblk1.genblk1.genblk1.genblk1.genblk1.genblk1.genblk1.lut1.genblk1.genblk1.genblk1.genblk1.genblk1.genblk1.genblk1.lut1.genblk1.genblk1.genblk1.genblk1.genblk1.genblk1.lut0.genblk1.genblk1.genblk1.genblk1.genblk1.lut1 (4 -> 0)
  Optimizing lut $abc$5720$auto$blifparse.cc:525:parse_blif$5909.genblk1.genblk1.genblk1.genblk1.genblk1.genblk1.genblk1.genblk1.lut1.genblk1.genblk1.genblk1.genblk1.genblk1.genblk1.genblk1.lut1.genblk1.genblk1.genblk1.genblk1.genblk1.genblk1.lut0.genblk1.genblk1.genblk1.genblk1.genblk1.lut1 (4 -> 0)
  Optimizing lut $abc$5720$auto$blifparse.cc:525:parse_blif$5731.genblk1.genblk1.genblk1.genblk1.genblk1.lut0 (4 -> 1)
  Optimizing lut $abc$5720$auto$blifparse.cc:525:parse_blif$5901.genblk1.genblk1.genblk1.genblk1.genblk1.genblk1.lut0.genblk1.genblk1.genblk1.genblk1.genblk1.lut0 (4 -> 0)
  Optimizing lut $abc$5720$auto$blifparse.cc:525:parse_blif$5846.genblk1.genblk1.genblk1.genblk1.genblk1.genblk1.genblk1.lut0.genblk1.genblk1.genblk1.genblk1.genblk1.genblk1.lut0.genblk1.genblk1.genblk1.genblk1.genblk1.lut1 (4 -> 0)
  Optimizing lut $abc$5720$auto$blifparse.cc:525:parse_blif$5846.genblk1.genblk1.genblk1.genblk1.genblk1.genblk1.genblk1.lut0.genblk1.genblk1.genblk1.genblk1.genblk1.genblk1.lut1.genblk1.genblk1.genblk1.genblk1.genblk1.lut0 (4 -> 0)
  Optimizing lut $abc$5720$auto$blifparse.cc:525:parse_blif$5954.genblk1.genblk1.genblk1.genblk1.genblk1.lut0 (4 -> 0)
  Optimizing lut $abc$5720$auto$blifparse.cc:525:parse_blif$5948.genblk1.genblk1.genblk1.genblk1.genblk1.lut0 (4 -> 0)
  Optimizing lut $abc$5720$auto$blifparse.cc:525:parse_blif$5751.genblk1.genblk1.genblk1.genblk1.genblk1.lut1 (4 -> 0)
  Optimizing lut $abc$5720$auto$blifparse.cc:525:parse_blif$5947.genblk1.genblk1.genblk1.genblk1.genblk1.lut0 (4 -> 1)
  Optimizing lut $abc$5720$auto$blifparse.cc:525:parse_blif$5907.genblk1.genblk1.genblk1.genblk1.genblk1.genblk1.genblk1.genblk1.lut1.genblk1.genblk1.genblk1.genblk1.genblk1.genblk1.genblk1.lut0.genblk1.genblk1.genblk1.genblk1.genblk1.genblk1.lut1.genblk1.genblk1.genblk1.genblk1.genblk1.lut0 (4 -> 0)
  Optimizing lut $abc$5720$auto$blifparse.cc:525:parse_blif$5952.genblk1.genblk1.genblk1.genblk1.genblk1.lut0 (4 -> 0)
  Optimizing lut $abc$5720$auto$blifparse.cc:525:parse_blif$5913.genblk1.genblk1.genblk1.genblk1.genblk1.genblk1.genblk1.genblk1.lut1.genblk1.genblk1.genblk1.genblk1.genblk1.genblk1.genblk1.lut0.genblk1.genblk1.genblk1.genblk1.genblk1.genblk1.lut0.genblk1.genblk1.genblk1.genblk1.genblk1.lut1 (4 -> 0)
  Optimizing lut $abc$5720$auto$blifparse.cc:525:parse_blif$5876.genblk1.genblk1.genblk1.genblk1.genblk1.genblk1.genblk1.lut0.genblk1.genblk1.genblk1.genblk1.genblk1.genblk1.lut0.genblk1.genblk1.genblk1.genblk1.genblk1.lut0 (4 -> 0)
  Optimizing lut $abc$5720$auto$blifparse.cc:525:parse_blif$5907.genblk1.genblk1.genblk1.genblk1.genblk1.genblk1.genblk1.genblk1.lut1.genblk1.genblk1.genblk1.genblk1.genblk1.genblk1.genblk1.lut0.genblk1.genblk1.genblk1.genblk1.genblk1.genblk1.lut0.genblk1.genblk1.genblk1.genblk1.genblk1.lut1 (4 -> 0)
  Optimizing lut $abc$5720$auto$blifparse.cc:525:parse_blif$5762.genblk1.genblk1.genblk1.genblk1.genblk1.genblk1.lut1.genblk1.genblk1.genblk1.genblk1.genblk1.lut0 (4 -> 0)
  Optimizing lut $abc$5720$auto$blifparse.cc:525:parse_blif$5887.genblk1.genblk1.genblk1.genblk1.genblk1.genblk1.genblk1.genblk1.lut1.genblk1.genblk1.genblk1.genblk1.genblk1.genblk1.genblk1.lut0.genblk1.genblk1.genblk1.genblk1.genblk1.genblk1.lut0.genblk1.genblk1.genblk1.genblk1.genblk1.lut1 (4 -> 3)
  Optimizing lut $abc$5720$auto$blifparse.cc:525:parse_blif$5885.genblk1.genblk1.genblk1.genblk1.genblk1.genblk1.genblk1.genblk1.lut1.genblk1.genblk1.genblk1.genblk1.genblk1.genblk1.genblk1.lut0.genblk1.genblk1.genblk1.genblk1.genblk1.genblk1.lut0.genblk1.genblk1.genblk1.genblk1.genblk1.lut1 (4 -> 2)
  Optimizing lut $abc$5720$auto$blifparse.cc:525:parse_blif$5884.genblk1.genblk1.genblk1.genblk1.genblk1.genblk1.genblk1.genblk1.lut1.genblk1.genblk1.genblk1.genblk1.genblk1.genblk1.genblk1.lut0.genblk1.genblk1.genblk1.genblk1.genblk1.genblk1.lut0.genblk1.genblk1.genblk1.genblk1.genblk1.lut1 (4 -> 0)
  Optimizing lut $abc$5720$auto$blifparse.cc:525:parse_blif$5855.genblk1.genblk1.genblk1.genblk1.genblk1.genblk1.genblk1.genblk1.lut1.genblk1.genblk1.genblk1.genblk1.genblk1.genblk1.genblk1.lut0.genblk1.genblk1.genblk1.genblk1.genblk1.genblk1.lut0.genblk1.genblk1.genblk1.genblk1.genblk1.lut0 (4 -> 3)
  Optimizing lut $abc$5720$auto$blifparse.cc:525:parse_blif$5874.genblk1.genblk1.genblk1.genblk1.genblk1.genblk1.genblk1.genblk1.lut1.genblk1.genblk1.genblk1.genblk1.genblk1.genblk1.genblk1.lut0.genblk1.genblk1.genblk1.genblk1.genblk1.genblk1.lut0.genblk1.genblk1.genblk1.genblk1.genblk1.lut1 (4 -> 0)
  Optimizing lut $abc$5720$auto$blifparse.cc:525:parse_blif$5881.genblk1.genblk1.genblk1.genblk1.genblk1.genblk1.lut1.genblk1.genblk1.genblk1.genblk1.genblk1.lut1 (4 -> 1)
  Optimizing lut $abc$5720$auto$blifparse.cc:525:parse_blif$5846.genblk1.genblk1.genblk1.genblk1.genblk1.genblk1.genblk1.lut0.genblk1.genblk1.genblk1.genblk1.genblk1.genblk1.lut0.genblk1.genblk1.genblk1.genblk1.genblk1.lut0 (4 -> 0)
  Optimizing lut $abc$5720$auto$blifparse.cc:525:parse_blif$5745.genblk1.genblk1.genblk1.genblk1.genblk1.genblk1.genblk1.lut1.genblk1.genblk1.genblk1.genblk1.genblk1.genblk1.lut1.genblk1.genblk1.genblk1.genblk1.genblk1.lut1 (4 -> 0)
  Optimizing lut $abc$5720$auto$blifparse.cc:525:parse_blif$5875.genblk1.genblk1.genblk1.genblk1.genblk1.genblk1.genblk1.genblk1.lut1.genblk1.genblk1.genblk1.genblk1.genblk1.genblk1.genblk1.lut0.genblk1.genblk1.genblk1.genblk1.genblk1.genblk1.lut0.genblk1.genblk1.genblk1.genblk1.genblk1.lut1 (4 -> 0)
  Optimizing lut $abc$5720$auto$blifparse.cc:525:parse_blif$5865.genblk1.genblk1.genblk1.genblk1.genblk1.genblk1.genblk1.lut0.genblk1.genblk1.genblk1.genblk1.genblk1.genblk1.lut1.genblk1.genblk1.genblk1.genblk1.genblk1.lut1 (4 -> 0)
  Optimizing lut $abc$5720$auto$blifparse.cc:525:parse_blif$5860.genblk1.genblk1.genblk1.genblk1.genblk1.genblk1.lut1.genblk1.genblk1.genblk1.genblk1.genblk1.lut1 (4 -> 0)
  Optimizing lut $abc$5720$auto$blifparse.cc:525:parse_blif$5855.genblk1.genblk1.genblk1.genblk1.genblk1.genblk1.genblk1.genblk1.lut1.genblk1.genblk1.genblk1.genblk1.genblk1.genblk1.genblk1.lut0.genblk1.genblk1.genblk1.genblk1.genblk1.genblk1.lut1.genblk1.genblk1.genblk1.genblk1.genblk1.lut0 (4 -> 1)
  Optimizing lut $abc$5720$auto$blifparse.cc:525:parse_blif$5897.genblk1.genblk1.genblk1.genblk1.genblk1.genblk1.genblk1.genblk1.lut1.genblk1.genblk1.genblk1.genblk1.genblk1.genblk1.genblk1.lut1.genblk1.genblk1.genblk1.genblk1.genblk1.genblk1.lut1.genblk1.genblk1.genblk1.genblk1.genblk1.lut0 (4 -> 2)
  Optimizing lut $abc$5720$auto$blifparse.cc:525:parse_blif$5851.genblk1.genblk1.genblk1.genblk1.genblk1.lut0 (4 -> 3)
  Optimizing lut $abc$5720$auto$blifparse.cc:525:parse_blif$5854.genblk1.genblk1.genblk1.genblk1.genblk1.genblk1.genblk1.genblk1.lut1.genblk1.genblk1.genblk1.genblk1.genblk1.genblk1.genblk1.lut0.genblk1.genblk1.genblk1.genblk1.genblk1.genblk1.lut0.genblk1.genblk1.genblk1.genblk1.genblk1.lut1 (4 -> 1)
  Optimizing lut $abc$5720$auto$blifparse.cc:525:parse_blif$5844.genblk1.genblk1.genblk1.genblk1.genblk1.genblk1.genblk1.lut1.genblk1.genblk1.genblk1.genblk1.genblk1.genblk1.lut0.genblk1.genblk1.genblk1.genblk1.genblk1.lut1 (4 -> 0)
  Optimizing lut $abc$5720$auto$blifparse.cc:525:parse_blif$5881.genblk1.genblk1.genblk1.genblk1.genblk1.genblk1.lut1.genblk1.genblk1.genblk1.genblk1.genblk1.lut0 (4 -> 3)
  Optimizing lut $abc$5720$auto$blifparse.cc:525:parse_blif$5846.genblk1.genblk1.genblk1.genblk1.genblk1.genblk1.genblk1.lut1.genblk1.genblk1.genblk1.genblk1.genblk1.genblk1.lut0.genblk1.genblk1.genblk1.genblk1.genblk1.lut1 (4 -> 0)
  Optimizing lut $abc$5720$auto$blifparse.cc:525:parse_blif$5920.genblk1.genblk1.genblk1.genblk1.genblk1.genblk1.genblk1.lut1.genblk1.genblk1.genblk1.genblk1.genblk1.genblk1.lut0.genblk1.genblk1.genblk1.genblk1.genblk1.lut1 (4 -> 0)
  Optimizing lut $abc$5720$auto$blifparse.cc:525:parse_blif$5746.genblk1.genblk1.genblk1.genblk1.genblk1.genblk1.lut1.genblk1.genblk1.genblk1.genblk1.genblk1.lut1 (4 -> 0)
  Optimizing lut $abc$5720$auto$blifparse.cc:525:parse_blif$5907.genblk1.genblk1.genblk1.genblk1.genblk1.genblk1.genblk1.genblk1.lut0.genblk1.genblk1.genblk1.genblk1.genblk1.genblk1.genblk1.lut0.genblk1.genblk1.genblk1.genblk1.genblk1.genblk1.lut1.genblk1.genblk1.genblk1.genblk1.genblk1.lut0 (4 -> 0)
  Optimizing lut $abc$5720$auto$blifparse.cc:525:parse_blif$5903.genblk1.genblk1.genblk1.genblk1.genblk1.genblk1.lut0.genblk1.genblk1.genblk1.genblk1.genblk1.lut1 (4 -> 0)
  Optimizing lut $abc$5720$auto$blifparse.cc:525:parse_blif$5743.genblk1.genblk1.genblk1.genblk1.genblk1.genblk1.lut1.genblk1.genblk1.genblk1.genblk1.genblk1.lut1 (4 -> 0)
  Optimizing lut $abc$5720$auto$blifparse.cc:525:parse_blif$5855.genblk1.genblk1.genblk1.genblk1.genblk1.genblk1.genblk1.genblk1.lut1.genblk1.genblk1.genblk1.genblk1.genblk1.genblk1.genblk1.lut1.genblk1.genblk1.genblk1.genblk1.genblk1.genblk1.lut0.genblk1.genblk1.genblk1.genblk1.genblk1.lut1 (4 -> 1)
  Optimizing lut $abc$5720$auto$blifparse.cc:525:parse_blif$5897.genblk1.genblk1.genblk1.genblk1.genblk1.genblk1.genblk1.genblk1.lut0.genblk1.genblk1.genblk1.genblk1.genblk1.genblk1.genblk1.lut0.genblk1.genblk1.genblk1.genblk1.genblk1.genblk1.lut1.genblk1.genblk1.genblk1.genblk1.genblk1.lut1 (4 -> 2)
  Optimizing lut $abc$5720$auto$blifparse.cc:525:parse_blif$5777.genblk1.genblk1.genblk1.genblk1.genblk1.lut0 (4 -> 2)
  Optimizing lut $abc$5720$auto$blifparse.cc:525:parse_blif$5742.genblk1.genblk1.genblk1.genblk1.genblk1.genblk1.genblk1.genblk1.lut0.genblk1.genblk1.genblk1.genblk1.genblk1.genblk1.genblk1.lut0.genblk1.genblk1.genblk1.genblk1.genblk1.genblk1.lut0.genblk1.genblk1.genblk1.genblk1.genblk1.lut1 (4 -> 0)
  Optimizing lut $abc$5720$auto$blifparse.cc:525:parse_blif$5746.genblk1.genblk1.genblk1.genblk1.genblk1.genblk1.lut0.genblk1.genblk1.genblk1.genblk1.genblk1.lut1 (4 -> 3)
  Optimizing lut $abc$5720$auto$blifparse.cc:525:parse_blif$5747.genblk1.genblk1.genblk1.genblk1.genblk1.genblk1.lut0.genblk1.genblk1.genblk1.genblk1.genblk1.lut1 (4 -> 0)
  Optimizing lut $abc$5720$auto$blifparse.cc:525:parse_blif$5788.genblk1.genblk1.genblk1.genblk1.genblk1.lut0 (4 -> 0)
  Optimizing lut $abc$5720$auto$blifparse.cc:525:parse_blif$5854.genblk1.genblk1.genblk1.genblk1.genblk1.genblk1.genblk1.genblk1.lut1.genblk1.genblk1.genblk1.genblk1.genblk1.genblk1.genblk1.lut0.genblk1.genblk1.genblk1.genblk1.genblk1.genblk1.lut1.genblk1.genblk1.genblk1.genblk1.genblk1.lut0 (4 -> 1)
  Optimizing lut $abc$5720$auto$blifparse.cc:525:parse_blif$5762.genblk1.genblk1.genblk1.genblk1.genblk1.genblk1.lut0.genblk1.genblk1.genblk1.genblk1.genblk1.lut1 (4 -> 0)
  Optimizing lut $abc$5720$auto$blifparse.cc:525:parse_blif$5951.genblk1.genblk1.genblk1.genblk1.genblk1.lut0 (4 -> 0)
  Optimizing lut $abc$5720$auto$blifparse.cc:525:parse_blif$5843.genblk1.genblk1.genblk1.genblk1.genblk1.genblk1.genblk1.lut1.genblk1.genblk1.genblk1.genblk1.genblk1.genblk1.lut0.genblk1.genblk1.genblk1.genblk1.genblk1.lut1 (4 -> 0)
  Optimizing lut $abc$5720$auto$blifparse.cc:525:parse_blif$5982.genblk1.genblk1.genblk1.genblk1.genblk1.lut1 (4 -> 0)
  Optimizing lut $abc$5720$auto$blifparse.cc:525:parse_blif$5770.genblk1.genblk1.genblk1.genblk1.genblk1.lut0 (4 -> 3)
  Optimizing lut $abc$5720$auto$blifparse.cc:525:parse_blif$5781.genblk1.genblk1.genblk1.genblk1.genblk1.lut0 (4 -> 0)
  Optimizing lut $abc$5720$auto$blifparse.cc:525:parse_blif$5906.genblk1.genblk1.genblk1.genblk1.genblk1.lut1 (4 -> 0)
  Optimizing lut $abc$5720$auto$blifparse.cc:525:parse_blif$5785.genblk1.genblk1.genblk1.genblk1.genblk1.lut1 (4 -> 3)
  Optimizing lut $abc$5720$auto$blifparse.cc:525:parse_blif$5909.genblk1.genblk1.genblk1.genblk1.genblk1.genblk1.genblk1.genblk1.lut0.genblk1.genblk1.genblk1.genblk1.genblk1.genblk1.genblk1.lut0.genblk1.genblk1.genblk1.genblk1.genblk1.genblk1.lut1.genblk1.genblk1.genblk1.genblk1.genblk1.lut1 (4 -> 0)
  Optimizing lut $abc$5720$auto$blifparse.cc:525:parse_blif$5967.genblk1.genblk1.genblk1.genblk1.genblk1.lut1 (4 -> 1)
  Optimizing lut $abc$5720$auto$blifparse.cc:525:parse_blif$5787.genblk1.genblk1.genblk1.genblk1.genblk1.lut1 (4 -> 0)
  Optimizing lut $abc$5720$auto$blifparse.cc:525:parse_blif$5786.genblk1.genblk1.genblk1.genblk1.genblk1.lut1 (4 -> 3)
  Optimizing lut $abc$5720$auto$blifparse.cc:525:parse_blif$5852.genblk1.genblk1.genblk1.genblk1.genblk1.lut0 (4 -> 2)
  Optimizing lut $abc$5720$auto$blifparse.cc:525:parse_blif$5972.genblk1.genblk1.genblk1.genblk1.genblk1.lut0 (4 -> 2)
  Optimizing lut $abc$5720$auto$blifparse.cc:525:parse_blif$5882.genblk1.genblk1.genblk1.genblk1.genblk1.genblk1.genblk1.genblk1.lut1.genblk1.genblk1.genblk1.genblk1.genblk1.genblk1.genblk1.lut0.genblk1.genblk1.genblk1.genblk1.genblk1.genblk1.lut0.genblk1.genblk1.genblk1.genblk1.genblk1.lut1 (4 -> 0)
  Optimizing lut $abc$5720$auto$blifparse.cc:525:parse_blif$5958.genblk1.genblk1.genblk1.genblk1.genblk1.lut1 (4 -> 3)
  Optimizing lut $abc$5720$auto$blifparse.cc:525:parse_blif$5776.genblk1.genblk1.genblk1.genblk1.genblk1.lut0 (4 -> 0)
  Optimizing lut $abc$5720$auto$blifparse.cc:525:parse_blif$5971.genblk1.genblk1.genblk1.genblk1.genblk1.lut1 (4 -> 3)
  Optimizing lut $abc$5720$auto$blifparse.cc:525:parse_blif$5883.genblk1.genblk1.genblk1.genblk1.genblk1.genblk1.genblk1.lut1.genblk1.genblk1.genblk1.genblk1.genblk1.genblk1.lut1.genblk1.genblk1.genblk1.genblk1.genblk1.lut1 (4 -> 0)
  Optimizing lut $abc$5720$auto$blifparse.cc:525:parse_blif$5844.genblk1.genblk1.genblk1.genblk1.genblk1.genblk1.genblk1.lut0.genblk1.genblk1.genblk1.genblk1.genblk1.genblk1.lut1.genblk1.genblk1.genblk1.genblk1.genblk1.lut1 (4 -> 0)
  Optimizing lut $abc$5720$auto$blifparse.cc:525:parse_blif$5857.genblk1.genblk1.genblk1.genblk1.genblk1.genblk1.genblk1.lut0.genblk1.genblk1.genblk1.genblk1.genblk1.genblk1.lut1.genblk1.genblk1.genblk1.genblk1.genblk1.lut0 (4 -> 0)
  Optimizing lut $abc$5720$auto$blifparse.cc:525:parse_blif$5847.genblk1.genblk1.genblk1.genblk1.genblk1.genblk1.lut0.genblk1.genblk1.genblk1.genblk1.genblk1.lut1 (4 -> 0)
  Optimizing lut $abc$5720$auto$blifparse.cc:525:parse_blif$5967.genblk1.genblk1.genblk1.genblk1.genblk1.lut0 (4 -> 3)
  Optimizing lut $abc$5720$auto$blifparse.cc:525:parse_blif$5927.genblk1.genblk1.genblk1.genblk1.genblk1.genblk1.lut0.genblk1.genblk1.genblk1.genblk1.genblk1.lut1 (4 -> 0)
  Optimizing lut $abc$5720$auto$blifparse.cc:525:parse_blif$5861.genblk1.genblk1.genblk1.genblk1.genblk1.genblk1.lut1.genblk1.genblk1.genblk1.genblk1.genblk1.lut0 (4 -> 3)
  Optimizing lut $abc$5720$auto$blifparse.cc:525:parse_blif$5907.genblk1.genblk1.genblk1.genblk1.genblk1.genblk1.genblk1.genblk1.lut1.genblk1.genblk1.genblk1.genblk1.genblk1.genblk1.genblk1.lut0.genblk1.genblk1.genblk1.genblk1.genblk1.genblk1.lut0.genblk1.genblk1.genblk1.genblk1.genblk1.lut0 (4 -> 0)
  Optimizing lut $abc$5720$auto$blifparse.cc:525:parse_blif$5854.genblk1.genblk1.genblk1.genblk1.genblk1.genblk1.genblk1.genblk1.lut0.genblk1.genblk1.genblk1.genblk1.genblk1.genblk1.genblk1.lut1.genblk1.genblk1.genblk1.genblk1.genblk1.genblk1.lut0.genblk1.genblk1.genblk1.genblk1.genblk1.lut1 (4 -> 1)
  Optimizing lut $abc$5720$auto$blifparse.cc:525:parse_blif$5885.genblk1.genblk1.genblk1.genblk1.genblk1.genblk1.genblk1.genblk1.lut0.genblk1.genblk1.genblk1.genblk1.genblk1.genblk1.genblk1.lut1.genblk1.genblk1.genblk1.genblk1.genblk1.genblk1.lut0.genblk1.genblk1.genblk1.genblk1.genblk1.lut1 (4 -> 0)
  Optimizing lut $abc$5720$auto$blifparse.cc:525:parse_blif$5854.genblk1.genblk1.genblk1.genblk1.genblk1.genblk1.genblk1.genblk1.lut0.genblk1.genblk1.genblk1.genblk1.genblk1.genblk1.genblk1.lut0.genblk1.genblk1.genblk1.genblk1.genblk1.genblk1.lut0.genblk1.genblk1.genblk1.genblk1.genblk1.lut1 (4 -> 2)
  Optimizing lut $abc$5720$auto$blifparse.cc:525:parse_blif$5855.genblk1.genblk1.genblk1.genblk1.genblk1.genblk1.genblk1.genblk1.lut0.genblk1.genblk1.genblk1.genblk1.genblk1.genblk1.genblk1.lut0.genblk1.genblk1.genblk1.genblk1.genblk1.genblk1.lut0.genblk1.genblk1.genblk1.genblk1.genblk1.lut1 (4 -> 1)
  Optimizing lut $abc$5720$auto$blifparse.cc:525:parse_blif$5920.genblk1.genblk1.genblk1.genblk1.genblk1.genblk1.genblk1.lut0.genblk1.genblk1.genblk1.genblk1.genblk1.genblk1.lut0.genblk1.genblk1.genblk1.genblk1.genblk1.lut0 (4 -> 0)
  Optimizing lut $abc$5720$auto$blifparse.cc:525:parse_blif$5857.genblk1.genblk1.genblk1.genblk1.genblk1.genblk1.genblk1.lut0.genblk1.genblk1.genblk1.genblk1.genblk1.genblk1.lut0.genblk1.genblk1.genblk1.genblk1.genblk1.lut1 (4 -> 0)
  Optimizing lut $abc$5720$auto$blifparse.cc:525:parse_blif$5857.genblk1.genblk1.genblk1.genblk1.genblk1.genblk1.genblk1.lut1.genblk1.genblk1.genblk1.genblk1.genblk1.genblk1.lut0.genblk1.genblk1.genblk1.genblk1.genblk1.lut1 (4 -> 0)
  Optimizing lut $abc$5720$auto$blifparse.cc:525:parse_blif$5860.genblk1.genblk1.genblk1.genblk1.genblk1.genblk1.lut0.genblk1.genblk1.genblk1.genblk1.genblk1.lut1 (4 -> 0)
  Optimizing lut $abc$5720$auto$blifparse.cc:525:parse_blif$5905.genblk1.genblk1.genblk1.genblk1.genblk1.genblk1.lut0.genblk1.genblk1.genblk1.genblk1.genblk1.lut1 (4 -> 0)
  Optimizing lut $abc$5720$auto$blifparse.cc:525:parse_blif$5897.genblk1.genblk1.genblk1.genblk1.genblk1.genblk1.genblk1.genblk1.lut1.genblk1.genblk1.genblk1.genblk1.genblk1.genblk1.genblk1.lut1.genblk1.genblk1.genblk1.genblk1.genblk1.genblk1.lut1.genblk1.genblk1.genblk1.genblk1.genblk1.lut1 (4 -> 0)
  Optimizing lut $abc$5720$auto$blifparse.cc:525:parse_blif$5864.genblk1.genblk1.genblk1.genblk1.genblk1.genblk1.genblk1.genblk1.lut0.genblk1.genblk1.genblk1.genblk1.genblk1.genblk1.genblk1.lut0.genblk1.genblk1.genblk1.genblk1.genblk1.genblk1.lut0.genblk1.genblk1.genblk1.genblk1.genblk1.lut1 (4 -> 1)
  Optimizing lut $abc$5720$auto$blifparse.cc:525:parse_blif$5856.genblk1.genblk1.genblk1.genblk1.genblk1.genblk1.genblk1.lut1.genblk1.genblk1.genblk1.genblk1.genblk1.genblk1.lut1.genblk1.genblk1.genblk1.genblk1.genblk1.lut1 (4 -> 0)
  Optimizing lut $abc$5720$auto$blifparse.cc:525:parse_blif$5888.genblk1.genblk1.genblk1.genblk1.genblk1.genblk1.genblk1.lut0.genblk1.genblk1.genblk1.genblk1.genblk1.genblk1.lut1.genblk1.genblk1.genblk1.genblk1.genblk1.lut1 (4 -> 0)
  Optimizing lut $abc$5720$auto$blifparse.cc:525:parse_blif$5866.genblk1.genblk1.genblk1.genblk1.genblk1.genblk1.genblk1.lut1.genblk1.genblk1.genblk1.genblk1.genblk1.genblk1.lut0.genblk1.genblk1.genblk1.genblk1.genblk1.lut1 (4 -> 1)
  Optimizing lut $abc$5720$auto$blifparse.cc:525:parse_blif$5869.genblk1.genblk1.genblk1.genblk1.genblk1.genblk1.lut0.genblk1.genblk1.genblk1.genblk1.genblk1.lut1 (4 -> 0)
  Optimizing lut $abc$5720$auto$blifparse.cc:525:parse_blif$5864.genblk1.genblk1.genblk1.genblk1.genblk1.genblk1.genblk1.genblk1.lut1.genblk1.genblk1.genblk1.genblk1.genblk1.genblk1.genblk1.lut0.genblk1.genblk1.genblk1.genblk1.genblk1.genblk1.lut0.genblk1.genblk1.genblk1.genblk1.genblk1.lut1 (4 -> 3)
  Optimizing lut $abc$5720$auto$blifparse.cc:525:parse_blif$5882.genblk1.genblk1.genblk1.genblk1.genblk1.genblk1.genblk1.genblk1.lut1.genblk1.genblk1.genblk1.genblk1.genblk1.genblk1.genblk1.lut0.genblk1.genblk1.genblk1.genblk1.genblk1.genblk1.lut1.genblk1.genblk1.genblk1.genblk1.genblk1.lut1 (4 -> 0)
  Optimizing lut $abc$5720$auto$blifparse.cc:525:parse_blif$5874.genblk1.genblk1.genblk1.genblk1.genblk1.genblk1.genblk1.genblk1.lut0.genblk1.genblk1.genblk1.genblk1.genblk1.genblk1.genblk1.lut0.genblk1.genblk1.genblk1.genblk1.genblk1.genblk1.lut0.genblk1.genblk1.genblk1.genblk1.genblk1.lut1 (4 -> 1)
  Optimizing lut $abc$5720$auto$blifparse.cc:525:parse_blif$5875.genblk1.genblk1.genblk1.genblk1.genblk1.genblk1.genblk1.genblk1.lut0.genblk1.genblk1.genblk1.genblk1.genblk1.genblk1.genblk1.lut0.genblk1.genblk1.genblk1.genblk1.genblk1.genblk1.lut0.genblk1.genblk1.genblk1.genblk1.genblk1.lut1 (4 -> 0)
  Optimizing lut $abc$5720$auto$blifparse.cc:525:parse_blif$5864.genblk1.genblk1.genblk1.genblk1.genblk1.genblk1.genblk1.genblk1.lut1.genblk1.genblk1.genblk1.genblk1.genblk1.genblk1.genblk1.lut0.genblk1.genblk1.genblk1.genblk1.genblk1.genblk1.lut1.genblk1.genblk1.genblk1.genblk1.genblk1.lut0 (4 -> 1)
  Optimizing lut $abc$5720$auto$blifparse.cc:525:parse_blif$5854.genblk1.genblk1.genblk1.genblk1.genblk1.genblk1.genblk1.genblk1.lut1.genblk1.genblk1.genblk1.genblk1.genblk1.genblk1.genblk1.lut1.genblk1.genblk1.genblk1.genblk1.genblk1.genblk1.lut1.genblk1.genblk1.genblk1.genblk1.genblk1.lut0 (4 -> 2)
  Optimizing lut $abc$5720$auto$blifparse.cc:525:parse_blif$5874.genblk1.genblk1.genblk1.genblk1.genblk1.genblk1.genblk1.genblk1.lut1.genblk1.genblk1.genblk1.genblk1.genblk1.genblk1.genblk1.lut0.genblk1.genblk1.genblk1.genblk1.genblk1.genblk1.lut1.genblk1.genblk1.genblk1.genblk1.genblk1.lut0 (4 -> 0)
  Optimizing lut $abc$5720$auto$blifparse.cc:525:parse_blif$5877.genblk1.genblk1.genblk1.genblk1.genblk1.genblk1.genblk1.lut0.genblk1.genblk1.genblk1.genblk1.genblk1.genblk1.lut1.genblk1.genblk1.genblk1.genblk1.genblk1.lut0 (4 -> 0)
  Optimizing lut $abc$5720$auto$blifparse.cc:525:parse_blif$5855.genblk1.genblk1.genblk1.genblk1.genblk1.genblk1.genblk1.genblk1.lut0.genblk1.genblk1.genblk1.genblk1.genblk1.genblk1.genblk1.lut1.genblk1.genblk1.genblk1.genblk1.genblk1.genblk1.lut1.genblk1.genblk1.genblk1.genblk1.genblk1.lut1 (4 -> 1)
  Optimizing lut $abc$5720$auto$blifparse.cc:525:parse_blif$5882.genblk1.genblk1.genblk1.genblk1.genblk1.genblk1.genblk1.genblk1.lut0.genblk1.genblk1.genblk1.genblk1.genblk1.genblk1.genblk1.lut0.genblk1.genblk1.genblk1.genblk1.genblk1.genblk1.lut0.genblk1.genblk1.genblk1.genblk1.genblk1.lut1 (4 -> 0)
  Optimizing lut $abc$5720$auto$blifparse.cc:525:parse_blif$5884.genblk1.genblk1.genblk1.genblk1.genblk1.genblk1.genblk1.genblk1.lut1.genblk1.genblk1.genblk1.genblk1.genblk1.genblk1.genblk1.lut1.genblk1.genblk1.genblk1.genblk1.genblk1.genblk1.lut0.genblk1.genblk1.genblk1.genblk1.genblk1.lut0 (4 -> 0)
  Optimizing lut $abc$5720$auto$blifparse.cc:525:parse_blif$5885.genblk1.genblk1.genblk1.genblk1.genblk1.genblk1.genblk1.genblk1.lut0.genblk1.genblk1.genblk1.genblk1.genblk1.genblk1.genblk1.lut0.genblk1.genblk1.genblk1.genblk1.genblk1.genblk1.lut0.genblk1.genblk1.genblk1.genblk1.genblk1.lut1 (4 -> 0)
  Optimizing lut $abc$5720$auto$blifparse.cc:525:parse_blif$5886.genblk1.genblk1.genblk1.genblk1.genblk1.genblk1.genblk1.lut0.genblk1.genblk1.genblk1.genblk1.genblk1.genblk1.lut0.genblk1.genblk1.genblk1.genblk1.genblk1.lut1 (4 -> 2)
  Optimizing lut $abc$5720$auto$blifparse.cc:525:parse_blif$5887.genblk1.genblk1.genblk1.genblk1.genblk1.genblk1.genblk1.genblk1.lut0.genblk1.genblk1.genblk1.genblk1.genblk1.genblk1.genblk1.lut0.genblk1.genblk1.genblk1.genblk1.genblk1.genblk1.lut0.genblk1.genblk1.genblk1.genblk1.genblk1.lut1 (4 -> 0)
  Optimizing lut $abc$5720$auto$blifparse.cc:525:parse_blif$5875.genblk1.genblk1.genblk1.genblk1.genblk1.genblk1.genblk1.genblk1.lut0.genblk1.genblk1.genblk1.genblk1.genblk1.genblk1.genblk1.lut0.genblk1.genblk1.genblk1.genblk1.genblk1.genblk1.lut0.genblk1.genblk1.genblk1.genblk1.genblk1.lut0 (4 -> 0)
  Optimizing lut $abc$5720$auto$blifparse.cc:525:parse_blif$5875.genblk1.genblk1.genblk1.genblk1.genblk1.genblk1.genblk1.genblk1.lut1.genblk1.genblk1.genblk1.genblk1.genblk1.genblk1.genblk1.lut0.genblk1.genblk1.genblk1.genblk1.genblk1.genblk1.lut1.genblk1.genblk1.genblk1.genblk1.genblk1.lut0 (4 -> 0)
  Optimizing lut $abc$5720$auto$blifparse.cc:525:parse_blif$5757.genblk1.genblk1.genblk1.genblk1.genblk1.genblk1.genblk1.lut1.genblk1.genblk1.genblk1.genblk1.genblk1.genblk1.lut0.genblk1.genblk1.genblk1.genblk1.genblk1.lut0 (4 -> 0)
  Optimizing lut $abc$5720$auto$blifparse.cc:525:parse_blif$5899.genblk1.genblk1.genblk1.genblk1.genblk1.genblk1.lut0.genblk1.genblk1.genblk1.genblk1.genblk1.lut1 (4 -> 0)
  Optimizing lut $abc$5720$auto$blifparse.cc:525:parse_blif$5899.genblk1.genblk1.genblk1.genblk1.genblk1.genblk1.lut1.genblk1.genblk1.genblk1.genblk1.genblk1.lut1 (4 -> 0)
  Optimizing lut $abc$5720$auto$blifparse.cc:525:parse_blif$5901.genblk1.genblk1.genblk1.genblk1.genblk1.genblk1.lut0.genblk1.genblk1.genblk1.genblk1.genblk1.lut1 (4 -> 0)
  Optimizing lut $abc$5720$auto$blifparse.cc:525:parse_blif$5905.genblk1.genblk1.genblk1.genblk1.genblk1.genblk1.lut1.genblk1.genblk1.genblk1.genblk1.genblk1.lut0 (4 -> 0)
  Optimizing lut $abc$5720$auto$blifparse.cc:525:parse_blif$5882.genblk1.genblk1.genblk1.genblk1.genblk1.genblk1.genblk1.genblk1.lut0.genblk1.genblk1.genblk1.genblk1.genblk1.genblk1.genblk1.lut0.genblk1.genblk1.genblk1.genblk1.genblk1.genblk1.lut1.genblk1.genblk1.genblk1.genblk1.genblk1.lut1 (4 -> 0)
  Optimizing lut $abc$5720$auto$blifparse.cc:525:parse_blif$5864.genblk1.genblk1.genblk1.genblk1.genblk1.genblk1.genblk1.genblk1.lut0.genblk1.genblk1.genblk1.genblk1.genblk1.genblk1.genblk1.lut1.genblk1.genblk1.genblk1.genblk1.genblk1.genblk1.lut1.genblk1.genblk1.genblk1.genblk1.genblk1.lut1 (4 -> 1)
  Optimizing lut $abc$5720$auto$blifparse.cc:525:parse_blif$5899.genblk1.genblk1.genblk1.genblk1.genblk1.genblk1.lut1.genblk1.genblk1.genblk1.genblk1.genblk1.lut0 (4 -> 0)
  Optimizing lut $abc$5720$auto$blifparse.cc:525:parse_blif$5907.genblk1.genblk1.genblk1.genblk1.genblk1.genblk1.genblk1.genblk1.lut0.genblk1.genblk1.genblk1.genblk1.genblk1.genblk1.genblk1.lut0.genblk1.genblk1.genblk1.genblk1.genblk1.genblk1.lut0.genblk1.genblk1.genblk1.genblk1.genblk1.lut1 (4 -> 0)
  Optimizing lut $abc$5720$auto$blifparse.cc:525:parse_blif$5909.genblk1.genblk1.genblk1.genblk1.genblk1.genblk1.genblk1.genblk1.lut0.genblk1.genblk1.genblk1.genblk1.genblk1.genblk1.genblk1.lut0.genblk1.genblk1.genblk1.genblk1.genblk1.genblk1.lut0.genblk1.genblk1.genblk1.genblk1.genblk1.lut1 (4 -> 0)
  Optimizing lut $abc$5720$auto$blifparse.cc:525:parse_blif$5910.genblk1.genblk1.genblk1.genblk1.genblk1.genblk1.genblk1.genblk1.lut0.genblk1.genblk1.genblk1.genblk1.genblk1.genblk1.genblk1.lut0.genblk1.genblk1.genblk1.genblk1.genblk1.genblk1.lut0.genblk1.genblk1.genblk1.genblk1.genblk1.lut1 (4 -> 0)
  Optimizing lut $abc$5720$auto$blifparse.cc:525:parse_blif$5909.genblk1.genblk1.genblk1.genblk1.genblk1.genblk1.genblk1.genblk1.lut1.genblk1.genblk1.genblk1.genblk1.genblk1.genblk1.genblk1.lut0.genblk1.genblk1.genblk1.genblk1.genblk1.genblk1.lut0.genblk1.genblk1.genblk1.genblk1.genblk1.lut1 (4 -> 0)
  Optimizing lut $abc$5720$auto$blifparse.cc:525:parse_blif$5912.genblk1.genblk1.genblk1.genblk1.genblk1.genblk1.genblk1.genblk1.lut0.genblk1.genblk1.genblk1.genblk1.genblk1.genblk1.genblk1.lut0.genblk1.genblk1.genblk1.genblk1.genblk1.genblk1.lut0.genblk1.genblk1.genblk1.genblk1.genblk1.lut1 (4 -> 0)
  Optimizing lut $abc$5720$auto$blifparse.cc:525:parse_blif$5913.genblk1.genblk1.genblk1.genblk1.genblk1.genblk1.genblk1.genblk1.lut0.genblk1.genblk1.genblk1.genblk1.genblk1.genblk1.genblk1.lut0.genblk1.genblk1.genblk1.genblk1.genblk1.genblk1.lut0.genblk1.genblk1.genblk1.genblk1.genblk1.lut1 (4 -> 0)
  Optimizing lut $abc$5720$auto$blifparse.cc:525:parse_blif$5912.genblk1.genblk1.genblk1.genblk1.genblk1.genblk1.genblk1.genblk1.lut1.genblk1.genblk1.genblk1.genblk1.genblk1.genblk1.genblk1.lut0.genblk1.genblk1.genblk1.genblk1.genblk1.genblk1.lut0.genblk1.genblk1.genblk1.genblk1.genblk1.lut1 (4 -> 0)
  Optimizing lut $abc$5720$auto$blifparse.cc:525:parse_blif$5935.genblk1.genblk1.genblk1.genblk1.genblk1.genblk1.lut1.genblk1.genblk1.genblk1.genblk1.genblk1.lut1 (4 -> 0)
  Optimizing lut $abc$5720$auto$blifparse.cc:525:parse_blif$5886.genblk1.genblk1.genblk1.genblk1.genblk1.genblk1.genblk1.lut1.genblk1.genblk1.genblk1.genblk1.genblk1.genblk1.lut1.genblk1.genblk1.genblk1.genblk1.genblk1.lut0 (4 -> 0)
  Optimizing lut $abc$5720$auto$blifparse.cc:525:parse_blif$5924.genblk1.genblk1.genblk1.genblk1.genblk1.genblk1.lut1.genblk1.genblk1.genblk1.genblk1.genblk1.lut0 (4 -> 1)
  Optimizing lut $abc$5720$auto$blifparse.cc:525:parse_blif$5924.genblk1.genblk1.genblk1.genblk1.genblk1.genblk1.lut0.genblk1.genblk1.genblk1.genblk1.genblk1.lut1 (4 -> 0)
  Optimizing lut $abc$5720$auto$blifparse.cc:525:parse_blif$5876.genblk1.genblk1.genblk1.genblk1.genblk1.genblk1.genblk1.lut1.genblk1.genblk1.genblk1.genblk1.genblk1.genblk1.lut0.genblk1.genblk1.genblk1.genblk1.genblk1.lut0 (4 -> 1)
  Optimizing lut $abc$5720$auto$blifparse.cc:525:parse_blif$5944.genblk1.genblk1.genblk1.genblk1.genblk1.lut0 (4 -> 1)
  Optimizing lut $abc$5720$auto$blifparse.cc:525:parse_blif$5955.genblk1.genblk1.genblk1.genblk1.genblk1.lut0 (4 -> 0)
  Optimizing lut $abc$5720$auto$blifparse.cc:525:parse_blif$5935.genblk1.genblk1.genblk1.genblk1.genblk1.genblk1.lut0.genblk1.genblk1.genblk1.genblk1.genblk1.lut1 (4 -> 0)
  Optimizing lut $abc$5720$auto$blifparse.cc:525:parse_blif$5938.genblk1.genblk1.genblk1.genblk1.genblk1.lut1 (4 -> 3)
  Optimizing lut $abc$5720$auto$blifparse.cc:525:parse_blif$5884.genblk1.genblk1.genblk1.genblk1.genblk1.genblk1.genblk1.genblk1.lut1.genblk1.genblk1.genblk1.genblk1.genblk1.genblk1.genblk1.lut1.genblk1.genblk1.genblk1.genblk1.genblk1.genblk1.lut1.genblk1.genblk1.genblk1.genblk1.genblk1.lut1 (4 -> 0)
  Optimizing lut $abc$5720$auto$blifparse.cc:525:parse_blif$5941.genblk1.genblk1.genblk1.genblk1.genblk1.lut1 (4 -> 3)
  Optimizing lut $abc$5720$auto$blifparse.cc:525:parse_blif$5944.genblk1.genblk1.genblk1.genblk1.genblk1.lut1 (4 -> 3)
  Optimizing lut $abc$5720$auto$blifparse.cc:525:parse_blif$5947.genblk1.genblk1.genblk1.genblk1.genblk1.lut1 (4 -> 3)
  Optimizing lut $abc$5720$auto$blifparse.cc:525:parse_blif$5950.genblk1.genblk1.genblk1.genblk1.genblk1.lut0 (4 -> 0)
  Optimizing lut $abc$5720$auto$blifparse.cc:525:parse_blif$5907.genblk1.genblk1.genblk1.genblk1.genblk1.genblk1.genblk1.genblk1.lut0.genblk1.genblk1.genblk1.genblk1.genblk1.genblk1.genblk1.lut1.genblk1.genblk1.genblk1.genblk1.genblk1.genblk1.lut1.genblk1.genblk1.genblk1.genblk1.genblk1.lut1 (4 -> 0)
  Optimizing lut $abc$5720$auto$blifparse.cc:525:parse_blif$5958.genblk1.genblk1.genblk1.genblk1.genblk1.lut0 (4 -> 1)
  Optimizing lut $abc$5720$auto$blifparse.cc:525:parse_blif$5949.genblk1.genblk1.genblk1.genblk1.genblk1.lut0 (4 -> 0)
  Optimizing lut $abc$5720$auto$blifparse.cc:525:parse_blif$5953.genblk1.genblk1.genblk1.genblk1.genblk1.lut0 (4 -> 0)
  Optimizing lut $abc$5720$auto$blifparse.cc:525:parse_blif$5847.genblk1.genblk1.genblk1.genblk1.genblk1.genblk1.lut1.genblk1.genblk1.genblk1.genblk1.genblk1.lut1 (4 -> 0)
  Optimizing lut $abc$5720$auto$blifparse.cc:525:parse_blif$5861.genblk1.genblk1.genblk1.genblk1.genblk1.genblk1.lut0.genblk1.genblk1.genblk1.genblk1.genblk1.lut0 (4 -> 0)
  Optimizing lut $abc$5720$auto$blifparse.cc:525:parse_blif$5729.genblk1.genblk1.genblk1.genblk1.genblk1.lut0 (4 -> 0)
  Optimizing lut $abc$5720$auto$blifparse.cc:525:parse_blif$5856.genblk1.genblk1.genblk1.genblk1.genblk1.genblk1.genblk1.lut0.genblk1.genblk1.genblk1.genblk1.genblk1.genblk1.lut1.genblk1.genblk1.genblk1.genblk1.genblk1.lut0 (4 -> 0)
  Optimizing lut $abc$5720$auto$blifparse.cc:525:parse_blif$5880.genblk1.genblk1.genblk1.genblk1.genblk1.genblk1.genblk1.lut1.genblk1.genblk1.genblk1.genblk1.genblk1.genblk1.lut0.genblk1.genblk1.genblk1.genblk1.genblk1.lut1 (4 -> 0)
  Optimizing lut $abc$5720$auto$blifparse.cc:525:parse_blif$5855.genblk1.genblk1.genblk1.genblk1.genblk1.genblk1.genblk1.genblk1.lut1.genblk1.genblk1.genblk1.genblk1.genblk1.genblk1.genblk1.lut1.genblk1.genblk1.genblk1.genblk1.genblk1.genblk1.lut0.genblk1.genblk1.genblk1.genblk1.genblk1.lut0 (4 -> 1)
  Optimizing lut $abc$5720$auto$blifparse.cc:525:parse_blif$5887.genblk1.genblk1.genblk1.genblk1.genblk1.genblk1.genblk1.genblk1.lut0.genblk1.genblk1.genblk1.genblk1.genblk1.genblk1.genblk1.lut0.genblk1.genblk1.genblk1.genblk1.genblk1.genblk1.lut0.genblk1.genblk1.genblk1.genblk1.genblk1.lut0 (4 -> 0)
  Optimizing lut $abc$5720$auto$blifparse.cc:525:parse_blif$5890.genblk1.genblk1.genblk1.genblk1.genblk1.genblk1.lut0.genblk1.genblk1.genblk1.genblk1.genblk1.lut0 (4 -> 3)
  Optimizing lut $abc$5720$auto$blifparse.cc:525:parse_blif$5855.genblk1.genblk1.genblk1.genblk1.genblk1.genblk1.genblk1.genblk1.lut0.genblk1.genblk1.genblk1.genblk1.genblk1.genblk1.genblk1.lut1.genblk1.genblk1.genblk1.genblk1.genblk1.genblk1.lut0.genblk1.genblk1.genblk1.genblk1.genblk1.lut1 (4 -> 1)
  Optimizing lut $abc$5720$auto$blifparse.cc:525:parse_blif$5964.genblk1.genblk1.genblk1.genblk1.genblk1.lut0 (4 -> 3)
  Optimizing lut $abc$5720$auto$blifparse.cc:525:parse_blif$5981.genblk1.genblk1.genblk1.genblk1.genblk1.genblk1.lut1.genblk1.genblk1.genblk1.genblk1.genblk1.lut1 (4 -> 0)
  Optimizing lut $abc$5720$auto$blifparse.cc:525:parse_blif$5981.genblk1.genblk1.genblk1.genblk1.genblk1.genblk1.lut0.genblk1.genblk1.genblk1.genblk1.genblk1.lut1 (4 -> 3)
  Optimizing lut $abc$5720$auto$blifparse.cc:525:parse_blif$5884.genblk1.genblk1.genblk1.genblk1.genblk1.genblk1.genblk1.genblk1.lut0.genblk1.genblk1.genblk1.genblk1.genblk1.genblk1.genblk1.lut1.genblk1.genblk1.genblk1.genblk1.genblk1.genblk1.lut0.genblk1.genblk1.genblk1.genblk1.genblk1.lut1 (4 -> 0)
  Optimizing lut $abc$5720$auto$blifparse.cc:525:parse_blif$5935.genblk1.genblk1.genblk1.genblk1.genblk1.genblk1.lut1.genblk1.genblk1.genblk1.genblk1.genblk1.lut0 (4 -> 1)
  Optimizing lut $abc$5720$auto$blifparse.cc:525:parse_blif$5910.genblk1.genblk1.genblk1.genblk1.genblk1.genblk1.genblk1.genblk1.lut1.genblk1.genblk1.genblk1.genblk1.genblk1.genblk1.genblk1.lut0.genblk1.genblk1.genblk1.genblk1.genblk1.genblk1.lut0.genblk1.genblk1.genblk1.genblk1.genblk1.lut0 (4 -> 0)
  Optimizing lut $abc$5720$auto$blifparse.cc:525:parse_blif$5742.genblk1.genblk1.genblk1.genblk1.genblk1.genblk1.genblk1.genblk1.lut1.genblk1.genblk1.genblk1.genblk1.genblk1.genblk1.genblk1.lut0.genblk1.genblk1.genblk1.genblk1.genblk1.genblk1.lut0.genblk1.genblk1.genblk1.genblk1.genblk1.lut1 (4 -> 0)

16.24. Executing SETUNDEF pass (replace undef values with defined constants).

16.25. Executing HILOMAP pass (mapping to constant drivers).
Removed 0 unused cells and 2844 unused wires.

16.26. Executing AUTONAME pass.
Renamed 52323 objects in module top (119 iterations).
<suppressed ~3125 debug messages>

16.27. Executing HIERARCHY pass (managing design hierarchy).

16.27.1. Analyzing design hierarchy..
Top module:  \top

16.27.2. Analyzing design hierarchy..
Top module:  \top
Removed 0 unused modules.

16.28. Printing statistics.

=== top ===

   Number of wires:               1432
   Number of wire bits:           2613
   Number of public wires:        1432
   Number of public wire bits:    2613
   Number of memories:               0
   Number of memory bits:            0
   Number of processes:              0
   Number of cells:               1789
     ALU                           202
     DFFC                           39
     DFFCE                         133
     DFFE                            6
     DFFP                            2
     GND                             1
     IBUF                            6
     LUT1                          532
     LUT2                           71
     LUT3                          139
     LUT4                          188
     MUX2_LUT5                     273
     MUX2_LUT6                     117
     MUX2_LUT7                      48
     MUX2_LUT8                      16
     OBUF                           15
     VCC                             1

16.29. Executing CHECK pass (checking for obvious problems).
Checking module top...
Found and reported 0 problems.

16.30. Executing JSON backend.

Warnings: 4 unique messages, 4 total
End of script. Logfile hash: 125297e00c
Yosys 0.26+1 (git sha1 b1a011138, x86_64-w64-mingw32-g++ 9.2.1 -Os)
Time spent: 1% 27x opt_expr (0 sec), 1% 24x read_verilog (0 sec), ...
